영업장주변구분명,건물소유구분명,사업장명,업태구분명,폐업일자,좌표X,좌표Y,데이터갱신시점,데이터갱신구분,상세영업상태코드,상세영업상태명,시설총규모,공장사무직직원수,공장생산직직원수,공장판매직직원수,여성종사자수,등급구분명,보증액,본사직원수,홈페이지,최종수정시점,인허가일자,소재지면적,소재지우편번호,지번주소,다중이용업소여부,남성종사자수,관리번호,월세액,개방자치단체코드,도로명주소,도로명우편번호,영업상태구분코드,영업상태명,위생업태명,소재지전화번호,전통업소지정번호,전통업소주된음식,급수시설구분명
주택가주변,,일미포장마차,분식,2002-12-26,184623.971611347,448665.604885782,2026-05-06 22:38:42,I,02,폐업,17.94,,,,1,기타,,,,2002-04-24 00:00:00,1997-07-25,17.94,158-822,서울특별시 양천구 신월동 29-20,N,0,3140000-101-1997-05190,,3140000,,,03,폐업,분식,02-699-4869,,,상수도전용
기타,,바다,정종/대포집/소주방,2017-05-22,210502.704554941,443698.890682677,2026-05-06 22:54:37,I,02,폐업,85.32,,,,0,기타,,,,2017-06-23 11:10:21,1996-09-25,85.32,138-803,서울특별시 송파구 가락동 81-15 지하1층,N,0,3230000-101-1996-03755,,3230000,"서울특별시 송파구 송이로20길 19, 지하1층 (가락동)",05712,03,폐업,정종/대포집/소주방,02-406-2556,,,상수도전용
주택가주변,,채플린,경양식,2002-04-30,188861.493046605,446226.683789658,2026-05-06 22:37:09,I,02,폐업,120.74,,,,1,기타,,,,2002-01-11 00:00:00,1994-08-24,120.74,158-849,서울특별시 양천구 신정동 129-64,N,0,3140000-101-1994-02642,,3140000,,,03,폐업,경양식,02-0649-5802,,,상수도전용
기타,,원가네칼국수,한식,2007-02-27,213712.684087817,443537.073079802,2026-05-06 22:56:41,I,02,폐업,21,,,,,기타,,,,2003-07-25 00:00:00,2001-08-07,21.00,138-820,서울특별시 송파구 마천동 286-11,N,,3230000-101-2001-16669,,3230000,,,03,폐업,한식,02-430-4503,,,
아파트지역,,깡쏘주,한식,2018-04-13,210567.290238728,443723.614505171,2026-05-06 22:47:31,I,02,폐업,123.31,,,,0,기타,,,,2018-04-16 09:54:59,1989-03-09,123.31,138-803,서울특별시 송파구 가락동 81-5 2층,N,0,3230000-101-1989-05875,,3230000,"서울특별시 송파구 송파대로30길 29, 2층 (가락동)",05712,03,폐업,한식,02-431-3030,,,상수도전용
기타,,올드,호프/통닭,2007-02-09,187883.033087871,447079.400449726,2026-05-06 22:38:40,I,02,폐업,96.75,,,,1,기타,,,,2003-04-03 00:00:00,1997-04-14,96.75,158-860,서울특별시 양천구 신정동 994-1,N,0,3140000-101-1997-05122,,3140000,,,03,폐업,호프/통닭,02-2602-8485,,,상수도전용
주택가주변,,팜스킨,경양식,2002-01-23,206964.839324643,445483.630462662,2026-05-06 22:55:46,I,02,폐업,135.82,,,,,우수,,,,2003-07-21 00:00:00,1998-03-05,135.82,138-861,서울특별시 송파구 잠실동 175-8,N,,3230000-101-1998-08204,,3230000,,,03,폐업,경양식,02-203-5775,,,상수도전용
기타,,통통갈비생고기,한식,2006-10-16,187656.590328634,447100.835392155,2026-05-06 22:44:09,I,02,폐업,99,,,,0,,,,,2004-10-25 00:00:00,2003-11-19,99.00,158-857,서울특별시 양천구 신정동 903-15 예지2003타운102호,N,0,3140000-101-2003-00615,,3140000,,,03,폐업,한식,02-2699-3379,,,상수도전용
,,쁘띠 키친,기타,,209391.855098264,445127.253189688,2026-05-06 23:02:11,I,01,영업,36,,,,,,,,,2024-08-21 15:02:50,2024-08-21,36.00,138-848,서울특별시 송파구 송파동 26,N,,3230000-101-2024-00653,,3230000,"서울특별시 송파구 백제고분로41길 26, 1층 102호 (송파동)",05622,01,영업/정상,기타,,,,
,,뉴앤류식당,한식,,210902.585851354,443435.142993414,2026-05-06 23:02:04,I,01,영업,53,,,,,,,,,2024-01-08 12:47:37,2023-08-23,53.00,138-806,서울특별시 송파구 가락동 117,N,,3230000-101-2023-00630,,3230000,"서울특별시 송파구 중대로12길 20, 1층 101호 (가락동)",05829,01,영업/정상,한식,,,,
주택가주변,,진차이,한식,2007-03-23,211050.348471002,445216.912830336,2026-05-06 22:54:50,I,02,폐업,127.8,,,,,기타,,,,2006-05-18 00:00:00,1996-07-09,127.80,138-835,서울특별시 송파구 방이동 207-0,N,,3230000-101-1996-04805,,3230000,,,03,폐업,한식,02-203-9416,,,상수도전용
,,메종,한식,2017-02-22,208994.017991356,445826.545566831,2026-05-06 22:56:45,I,02,폐업,14.96,,,,,,,,,2017-03-06 14:28:37,2001-12-28,14.96,138-934,서울특별시 송파구 신천동 7-19 잠실시그마타워지하115호,N,,3230000-101-2001-17130,,3230000,"서울특별시 송파구 올림픽로 289 (신천동,잠실시그마타워지하115호)",05510,03,폐업,한식,02-425-7066,,,
,,김밥촌,분식,2004-08-04,211302.671893962,442362.624911748,2026-05-06 22:57:00,I,02,폐업,26.4,,,,0,,,,,2004-05-31 00:00:00,2004-05-31,26.40,138-200,서울특별시 송파구 문정동 85-6,N,0,3230000-101-2004-00341,,3230000,,,03,폐업,분식,02-449-7811,,,상수도전용
기타,,남도숯불갈비,한식,1997-12-02,187972.967744922,449559.829121606,2026-05-06 22:37:25,I,02,폐업,27.88,,,,1,기타,,,,2001-09-28 00:00:00,1995-05-10,27.88,158-811,서울특별시 양천구 목동 616-12,N,1,3140000-101-1995-01406,,3140000,,,03,폐업,한식,02-655-1887,,,상수도전용
,,행복한밥상,한식,2011-12-09,207373.50021477,445545.656024061,2026-05-06 22:57:26,I,02,폐업,21,,,,,,,,,2009-04-28 13:09:48,2009-04-06,21.00,138-908,"서울특별시 송파구 잠실동 19-9 파인애플상가 A42 , A43",N,,3230000-101-2009-00138,,3230000,,,03,폐업,한식,,,,
주택가주변,,목동부페,뷔페식,2000-07-18,188560.809957252,446382.826748194,2026-05-06 22:36:48,I,02,폐업,237.15,,,,1,기타,,,,2000-08-01 00:00:00,1993-07-22,237.15,158-852,서울특별시 양천구 신정동 296-17,N,5,3140000-101-1993-03033,,3140000,,,03,폐업,뷔페식,02-0654-8952,,,상수도전용
,,더퍼밥,기타,2017-11-13,,,2026-05-06 23:01:20,I,02,폐업,31.61,,,,,,,,,2017-11-13 10:17:50,2017-06-09,31.61,138-888,서울특별시 송파구 문정동 644,N,,3230000-101-2017-00460,,3230000,"서울특별시 송파구 법원로11길 11, B동 141호 (문정동, 문정현대지식산업센터1-1)",05836,03,폐업,기타,,,,
,,쌍팔반점(문정점),기타,2023-06-28,211084.67807288,442408.183556076,2026-05-06 23:00:58,I,02,폐업,59.07,,,,,,,,,2023-06-28 13:50:37,2014-10-01,59.07,138-826,서울특별시 송파구 문정동 67-9 지상1층,N,,3230000-101-2014-00510,,3230000,"서울특별시 송파구 문정로4길 28, 1층 (문정동)",05807,03,폐업,기타,02-409-1058,,,
주택가주변,,어라칼국수,한식,2013-10-01,,,2026-05-06 22:56:13,I,02,폐업,129.2,,,,0,기타,,,,2011-12-22 10:24:11,1999-09-02,129.20,138-110,"서울특별시 송파구 거여동 213-2 ,19, 35",N,0,3230000-101-1999-14312,,3230000,,,03,폐업,한식,02-408-7721,,,상수도전용
,,석우동,한식,2007-11-09,188090.288494436,445188.515421493,2026-05-06 22:43:11,I,02,폐업,39.6,,,,0,,,,,2004-05-18 00:00:00,2002-05-06,39.60,158-850,서울특별시 양천구 신정동 175-1 1층3호,N,0,3140000-101-2002-00230,,3140000,,,03,폐업,한식,02-2649-4955,,,
,,구이명가,한식,2006-11-14,207098.376377412,445245.884598216,2026-05-06 22:57:06,I,02,폐업,85.8,,,,0,,,,,2005-05-10 00:00:00,2005-05-10,85.80,138-862,서울특별시 송파구 잠실동 200 2층,N,0,3230000-101-2005-00236,,3230000,,,03,폐업,한식,,,,
주택가주변,,훼미리분식점,분식,1998-05-07,210812.188318247,444259.751368325,2026-05-06 22:50:17,I,02,폐업,37.34,,,,0,을,,,,2003-07-01 00:00:00,1993-06-14,37.34,138-801,서울특별시 송파구 가락동 29-6,N,0,3230000-101-1993-05716,,3230000,,,03,폐업,분식,02-407-2641,,,상수도전용
,,신천빈대떡,기타,2015-04-14,207462.828205869,445224.714790957,2026-05-06 22:57:32,I,02,폐업,33,,,,,,,,,2013-02-13 13:56:09,2010-05-17,33.00,138-862,서울특별시 송파구 잠실동 207-14 지상1층,N,,3230000-101-2010-00234,,3230000,"서울특별시 송파구 석촌호수로12길 12, 지상1층 (잠실동)",05559,03,폐업,기타,,,,
,,니코리,일식,2021-04-12,187414.001003329,446400.640648644,2026-05-06 22:49:40,I,02,폐업,25,,,,,,,,,2021-04-12 11:00:33,2018-01-31,25.00,158-862,서울특별시 양천구 신정동 1048-18 지상1층,N,,3140000-101-2018-00022,,3140000,"서울특별시 양천구 중앙로36길 40, 지상1층 (신정동)",,03,폐업,일식,,,,상수도전용
주택가주변,,뉴월드바베큐,분식,1994-08-19,210841.321429861,444179.666042916,2026-05-06 22:48:14,I,02,폐업,19.25,,,,0,을,,,,2003-06-25 00:00:00,1990-09-19,19.25,138-801,서울특별시 송파구 가락동 40,N,1,3230000-101-1990-06262,,3230000,,,03,폐업,분식,02-0409-6803,,,상수도전용
,,라쿠치,기타,2025-08-03,188884.075622342,447186.888604306,2026-05-06 22:52:58,I,02,폐업,0,,,,,,,,,2025-08-04 04:15:09,2025-07-25,,158-724,서울특별시 양천구 목동 916 현대하이페리온,N,,3140000-101-2025-00228,,3140000,"서울특별시 양천구 목동동로 257, 지하2층 (목동, 현대하이페리온)",07998,03,폐업,기타,,,,
주택가주변,,사랑과여인,경양식,1995-11-06,185073.038564271,448301.9046046,2026-05-06 22:37:29,I,02,폐업,41.32,,,,0,기타,,,,2001-09-28 00:00:00,1995-07-10,41.32,158-825,서울특별시 양천구 신월동 82-28,N,1,3140000-101-1995-02713,,3140000,,,03,폐업,경양식,02-608-2114,,,상수도전용
주택가주변,,초가집민속주점,한식,1994-10-07,188223.725015567,449603.871439619,2026-05-06 22:36:46,I,02,폐업,25.05,,,,1,자율,,,,2001-09-28 00:00:00,1993-03-19,25.05,158-811,서울특별시 양천구 목동 602-14,N,1,3140000-101-1993-01287,,3140000,,,03,폐업,한식,02-0000-0000,,,상수도전용
,,코바코문정점,기타,2014-12-23,211156.896080487,442463.002786871,2026-05-06 22:57:39,I,02,폐업,40,,,,,,,,,2011-11-21 16:02:59,2011-11-21,40.00,138-200,서울특별시 송파구 문정동 88-16,N,,3230000-101-2011-00569,,3230000,"서울특별시 송파구 송이로34길 61, 1층 (문정동)",05809,03,폐업,기타,,,,
,,키요미 KIYOMI,기타,,209669.651640231,445274.728077189,2026-05-06 23:01:14,I,01,영업,60,,,,,,,,,2025-03-24 14:57:10,2016-05-26,60.00,138-849,서울특별시 송파구 송파동 51-10,N,,3230000-101-2016-00258,,3230000,"서울특별시 송파구 백제고분로45길 12, 1층 1,2호 (송파동)",05619,01,영업/정상,기타,,,,
,,영식품,한식,,209790.959909032,443481.212174317,2026-05-06 23:01:21,I,01,영업,6.69,,,,,,,,,2017-09-14 10:30:11,2017-09-14,6.69,138-881,서울특별시 송파구 가락동 600,N,,3230000-101-2017-00687,,3230000,"서울특별시 송파구 양재대로 932, 지하1층 120-1호 (가락동, 가락몰4관)",05699,01,영업/정상,한식,,,,
,,도원,한식,2009-03-02,213381.766454322,443832.324089675,2026-05-06 22:57:23,I,02,폐업,20,,,,,,,,,2008-12-29 13:55:59,2008-07-14,20.00,138-820,서울특별시 송파구 마천동 178-85 (1층),N,,3230000-101-2008-00268,,3230000,,,03,폐업,한식,,,,
주택가주변,,바이타임,한식,2008-01-31,211245.642500546,442293.563699388,2026-05-06 22:53:08,I,02,폐업,31.09,,,,1,을,,,,2004-07-19 00:00:00,1995-03-04,31.09,138-200,서울특별시 송파구 문정동 82-10,N,1,3230000-101-1995-05296,,3230000,,,03,폐업,한식,02-448-3540,,,상수도전용
주택가주변,,규화식당,한식,1992-11-24,185218.738248638,448382.261752916,2026-05-06 22:35:41,I,02,폐업,20.28,,,,1,지도,,,,2001-09-28 00:00:00,1987-07-16,20.28,158-825,서울특별시 양천구 신월동 85-6,N,1,3140000-101-1987-00234,,3140000,,,03,폐업,한식,02-0699-7260,,,상수도전용
,,엠빠,호프/통닭,2011-12-14,209771.440569053,445599.846381754,2026-05-06 22:56:57,I,02,폐업,115.5,,,,0,,,,,2010-12-08 11:12:31,2003-11-15,115.50,138-829,서울특별시 송파구 방이동 101-0 (2층),N,0,3230000-101-2003-00747,,3230000,,,03,폐업,호프/통닭,,,,
,,빨라쪼 델프레도,기타,2019-07-22,210986.460698452,441725.293491662,2026-05-06 23:00:44,I,02,폐업,98.6,,,,,,,,,2019-07-22 14:39:23,2014-05-23,98.60,138-960,서울특별시 송파구 문정동 634 가든파이브 라이프 패션관 10층,N,,3230000-101-2014-00282,,3230000,"서울특별시 송파구 충민로 66, 10층층 (문정동, 가든파이브 라이프 패션관 )",05838,03,폐업,기타,031-709-4661,,,
,,우동일번(목동점),분식,2012-12-28,188884.075622342,447186.888604306,2026-05-06 22:44:55,I,02,폐업,18.4,,,,0,,,,,2013-01-02 15:08:19,2006-11-21,18.40,158-050,서울특별시 양천구 목동 916 현대백화점 지하2층,N,0,3140000-101-2006-00382,,3140000,,,03,폐업,분식,,,,
,,백암전통순대,한식,2011-05-24,187219.776938727,447006.977030483,2026-05-06 22:45:54,I,02,폐업,42.9,,,,,,,,,2011-05-24 17:14:42,2010-02-08,42.90,158-858,서울특별시 양천구 신정동 917-21 1층(오목로 194),N,,3140000-101-2010-00030,,3140000,,,03,폐업,한식,,,,
,,고기이야기,한식,2006-05-30,209449.389511629,444636.531859634,2026-05-06 22:56:59,I,02,폐업,49.5,,,,0,,,,,2004-03-05 00:00:00,2004-02-24,49.50,138-847,서울특별시 송파구 석촌동 288-22,N,0,3230000-101-2004-00104,,3230000,,,03,폐업,한식,02-0424-1897,,,
,,한양중식,중국식,,,,2026-05-06 23:01:35,I,01,영업,105.4,,,,,,,,,2023-07-28 15:13:19,2019-07-01,105.40,138-888,서울특별시 송파구 문정동 651 문정역테라타워,Y,,3230000-101-2019-00469,,3230000,"서울특별시 송파구 송파대로 167, 문정역테라타워 A동 205호 (문정동)",05855,01,영업/정상,중국식,,,,
,,치킨피아,기타,2010-03-12,213702.120938158,443565.249051177,2026-05-06 22:57:13,I,02,폐업,23.1,,,,0,,,,,2006-04-21 00:00:00,2006-04-21,23.10,138-820,서울특별시 송파구 마천동 286-8,N,0,3230000-101-2006-00190,,3230000,,,03,폐업,기타,02-408-7908,,,
,,착한서울불고기,한식,2017-03-28,186777.615287313,447300.45735003,2026-05-06 22:43:50,I,02,폐업,190,,,,0,,,,,2017-03-28 08:59:23,2003-02-18,190.00,158-858,서울특별시 양천구 신정동 935-4 1층,N,0,3140000-101-2003-00068,,3140000,"서울특별시 양천구 국회대로 144 (신정동, 1층)",07941,03,폐업,한식,02-2601-6051,,,상수도전용
,,월촌도야지,일식,,188953.066831076,447333.569187997,2026-05-06 22:48:06,I,01,영업,174.8,,,,,,,,,2022-07-12 13:33:26,2014-08-04,174.80,158-050,서울특별시 양천구 목동 917-9 현대41타워,Y,,3140000-101-2014-00204,,3140000,"서울특별시 양천구 목동동로 293, 현대41타워 2층 204호 (목동)",07997,01,영업/정상,일식,,,,
기타,,화진,중국식,1996-08-30,211052.117198292,444498.424511663,2026-05-06 22:50:40,I,02,폐업,387.6,,,,5,기타,,,,2003-07-01 00:00:00,1993-04-13,387.60,138-800,서울특별시 송파구 가락동 8-1,N,5,3230000-101-1993-10139,,3230000,,,03,폐업,중국식,02-406-2827,,,상수도전용
,,쉘브로,호프/통닭,2010-11-15,207464.160136167,445279.217743277,2026-05-06 22:57:31,I,02,폐업,33,,,,,,,,,2010-03-15 16:12:06,2010-03-15,33.00,138-862,서울특별시 송파구 잠실동 207-17 지하1층,N,,3230000-101-2010-00104,,3230000,,,03,폐업,호프/통닭,02-414-7731,,,
,,명가네 열무보리밥 낙지손수제비,한식,,185208.721338152,448713.380498158,2026-05-06 22:51:42,I,01,영업,17,,,,,,,,,2024-08-22 10:28:57,2024-08-22,17.00,158-822,서울특별시 양천구 신월동 22-28,N,,3140000-101-2024-00268,,3140000,"서울특별시 양천구 화곡로13길 13, 1층 101호 (신월동)",07903,01,영업/정상,한식,,,,
,,라벨라이야기,기타,2011-02-21,188961.777665764,446721.956484245,2026-05-06 22:44:50,I,02,폐업,99,,,,0,,,,,2011-02-22 15:15:35,2006-09-12,99.00,158-806,서울특별시 양천구 목동 404-84 대성빌딩5층,N,0,3140000-101-2006-00285,,3140000,,,03,폐업,기타,02-2647-0736,,,상수도전용
주택가주변,,이화도시락,분식,2001-05-07,189278.59,448247.285,2026-05-06 22:41:00,I,02,폐업,32,,,,2,기타,,,,2001-05-07 00:00:00,2000-06-19,32.00,158-877,서울특별시 양천구 목동 907-7 동호프라자B/D지하1층3호,N,0,3140000-101-2000-07851,,3140000,,,03,폐업,분식,,,,
,,명품갈비탕,한식,2025-11-17,187798.169312585,447326.688512113,2026-05-06 22:51:34,I,02,폐업,82.26,,,,,,,,,2025-11-17 13:30:26,2023-12-01,82.26,158-857,서울특별시 양천구 신정동 895-21,N,,3140000-101-2023-00345,,3140000,"서울특별시 양천구 목동로25길 12, 101호 (신정동)",07937,03,폐업,한식,,,,
,,뚝딱짜글이 가락점,한식,2023-02-13,211141.896944214,443411.561959657,2026-05-06 23:01:49,I,02,폐업,27.48,,,,,,,,,2023-02-13 11:19:17,2021-08-18,27.48,138-807,서울특별시 송파구 가락동 133-10,N,,3230000-101-2021-00609,,3230000,"서울특별시 송파구 동남로11길 20, 1층 (가락동)",05827,03,폐업,한식,,,,
,,온수반,한식,,209943.023921528,445596.558066727,2026-05-06 23:01:46,I,01,영업,53.04,,,,,,,,,2021-04-02 14:23:40,2021-04-02,53.04,138-830,서울특별시 송파구 방이동 107-6 가응빌딩,N,,3230000-101-2021-00263,,3230000,"서울특별시 송파구 백제고분로 469, 1층 103호 (방이동)",05546,01,영업/정상,한식,,,,
기타,,금별맥주,식육(숯불구이),,187781.177363335,447163.682028686,2026-05-06 22:42:41,I,01,영업,36.3,,,,0,기타,,,,2022-09-29 10:43:52,2001-07-16,36.30,158-856,서울특별시 양천구 신정동 887-8,N,0,3140000-101-2001-08693,,3140000,"서울특별시 양천구 신정중앙로 95, 1층 (신정동)",07938,01,영업/정상,식육(숯불구이),02-2691-5593,,,상수도전용
기타,,레이크뷰,한식,2013-05-31,208589.363343145,445455.90405262,2026-05-06 22:55:18,I,02,폐업,131.96,,,,0,을,,,,2012-03-21 09:45:12,1997-12-16,131.96,138-915,서울특별시 송파구 잠실동 40-1 (1층) 매직아일랜드,N,0,3230000-101-1997-04218,,3230000,"서울특별시 송파구 올림픽로 240, 1층 (잠실동, 매직아일랜드)",05554,03,폐업,한식,,,,상수도전용
기타,,카스광장,호프/통닭,2007-05-02,188394.976615451,447929.348133359,2026-05-06 22:37:34,I,02,폐업,84.3,,,,2,기타,,,,2002-01-12 00:00:00,1995-07-21,84.30,158-818,서울특별시 양천구 목동 773-3,N,0,3140000-101-1995-04538,,3140000,,,03,폐업,호프/통닭,02-642-2762,,,상수도전용
,,피쉬앤그릴,한식,2012-04-02,209971.561769881,444625.863105631,2026-05-06 22:56:58,I,02,폐업,83.1,,,,0,,,,,2012-02-27 15:10:40,2003-12-05,83.10,138-850,서울특별시 송파구 송파동 104-1 위례캐슬빌101호,N,0,3230000-101-2003-00817,,3230000,,,03,폐업,한식,,,,
,,배떡 잠실새내점,분식,,207676.944346977,444989.665008449,2026-05-06 23:02:07,I,01,영업,23.1,,,,,,,,,2024-02-21 13:49:21,2024-02-21,23.10,138-864,서울특별시 송파구 잠실동 244-12,N,,3230000-101-2024-00116,,3230000,"서울특별시 송파구 백제고분로19길 28, 1층 104호 (잠실동)",05566,01,영업/정상,분식,,,,
,,홍쉐프 & 화덕,기타,2018-03-19,211277.320895819,442651.8085122,2026-05-06 23:00:27,I,02,폐업,46.8,,,,,,,,,2018-03-19 16:40:42,2014-02-03,46.80,138-200,서울특별시 송파구 문정동 91-17 지상1층 101호,N,,3230000-101-2014-00037,,3230000,"서울특별시 송파구 송이로30길 35, 지상1층 101호 (문정동)",05802,03,폐업,기타,02-400-9320,,,
주택가주변,,청솔식당,한식,2000-03-09,211811.52235039,443890.863510767,2026-05-06 22:51:40,I,02,폐업,75.46,,,,0,기타,,,,2003-07-02 00:00:00,1994-11-03,75.46,138-810,서울특별시 송파구 가락동 170-8,N,1,3230000-101-1994-11720,,3230000,,,03,폐업,한식,02-443-6030,,,상수도전용
,,봄날,한식,2019-11-21,211302.671893962,442362.624911748,2026-05-06 23:01:06,I,02,폐업,36.5,,,,,,,,,2019-11-21 15:18:59,2015-03-02,36.50,138-200,서울특별시 송파구 문정동 85-6 지상1층,N,,3230000-101-2015-00071,,3230000,"서울특별시 송파구 송이로36길 49, 지상1층 (문정동)",05809,03,폐업,한식,,,,
,,안골촌갈비,한식,2014-07-25,211807.33230701,444631.197744424,2026-05-06 22:57:22,I,02,폐업,113.51,,,,,,,,,2013-06-05 13:21:34,2008-01-24,113.51,138-857,서울특별시 송파구 오금동 71-12 지상1층102호,N,,3230000-101-2008-00028,,3230000,"서울특별시 송파구 동남로23길 50 (오금동,지상1층102호)",05728,03,폐업,한식,02-431-4525,,,
주택가주변,,명동칼국수,한식,2012-01-13,210420.930648107,443887.736713097,2026-05-06 22:55:42,I,02,폐업,21.78,,,,0,우수,,,,2012-01-17 14:08:24,1998-06-22,21.78,138-804,서울특별시 송파구 가락동 90-3,N,0,3230000-101-1998-04020,,3230000,,,03,폐업,한식,02-431-7986,,,상수도전용
,,라화쿵부,중국식,,,,2026-05-06 23:01:35,I,01,영업,81.97,,,,,,,,,2025-03-06 10:50:36,2019-07-29,81.97,138-888,서울특별시 송파구 문정동 643-1 엠스테이트,Y,,3230000-101-2019-00546,,3230000,"서울특별시 송파구 법원로 114, 엠스테이트 E동 지하1층 B156호 (문정동)",05854,01,영업/정상,중국식,,,,
,,명륜진사갈비,한식,,211615.803847455,442601.844688493,2026-05-06 22:59:24,I,01,영업,125.89,,,,,,,,,2024-07-29 13:20:46,2013-02-07,125.89,138-200,서울특별시 송파구 문정동 112-19 트윈팰리스 102동 102호,N,,3230000-101-2013-00049,,3230000,"서울특별시 송파구 새말로 172, 102동 지상1층 102호 (문정동, 트윈팰리스)",05799,01,영업/정상,한식,02-402-1003,,,
,,후룩 누들바,한식,2026-03-06,208707.089897534,446299.352775446,2026-05-06 23:02:18,I,02,폐업,45.72,,,,,,,,,2026-03-06 12:15:35,2025-07-11,45.72,138-934,서울특별시 송파구 신천동 7 장미아파트 비상가,N,,3230000-101-2025-00414,,3230000,"서울특별시 송파구 올림픽로35길 112, 장미아파트 비상가 2동 지하층 13호 (신천동)",05504,03,폐업,한식,,,,
,,새돈내옛날연탄,한식,2011-11-08,188731.819419291,449357.062414625,2026-05-06 22:44:10,I,02,폐업,43.8,,,,0,,,,,2011-10-06 10:27:12,2003-12-01,43.80,158-808,서울특별시 양천구 목동 513-15,N,0,3140000-101-2003-00646,,3140000,,,03,폐업,한식,02-2649-2663,,,상수도전용
주택가주변,,해바라기,한식,2000-10-31,211256.941178872,442382.717971648,2026-05-06 22:55:50,I,02,폐업,37.75,,,,0,우수,,,,2004-10-18 00:00:00,1998-06-30,37.75,138-200,서울특별시 송파구 문정동 86-17,N,0,3230000-101-1998-10618,,3230000,,,03,폐업,한식,,,,상수도전용
주택가주변,,톰과제리,분식,2000-08-28,188767.584299319,446998.232038717,2026-05-06 22:37:13,I,02,폐업,40.09,,,,1,기타,,,,2000-08-28 00:00:00,1994-01-31,40.09,158-806,서울특별시 양천구 목동 406-21,N,1,3140000-101-1994-03315,,3140000,,,03,폐업,분식,,,,상수도전용
,,카페마고,경양식,,211333.733324888,444568.625030322,2026-05-06 23:01:27,I,01,영업,30,,,,,,,,,2018-05-30 10:27:24,2018-05-30,30.00,138-857,서울특별시 송파구 오금동 49-5,N,,3230000-101-2018-00359,,3230000,"서울특별시 송파구 중대로 243, 1층 (오금동)",05661,01,영업/정상,경양식,,,,
,,멜트커피,기타,2025-08-01,206955.954038363,445337.711123943,2026-05-06 23:01:56,I,02,폐업,16.75,,,,,,,,,2025-08-05 13:03:12,2022-07-12,16.75,138-862,서울특별시 송파구 잠실동 195,N,,3230000-101-2022-00451,,3230000,"서울특별시 송파구 백제고분로7길 6, 1층 103호 (잠실동)",05561,03,폐업,기타,,,,
,,한방생오리농장,한식,2009-10-09,187887.692525637,448216.395250481,2026-05-06 22:45:03,I,02,폐업,59.4,,,,0,,,,,2007-06-28 00:00:00,2007-06-12,59.40,158-815,서울특별시 양천구 목동 731-8,N,0,3140000-101-2007-00196,,3140000,,,03,폐업,한식,02-2654-4588,,,상수도전용
,,탄탈루스,패스트푸드,2006-06-02,210045.748264305,442930.687284628,2026-05-06 22:56:56,I,02,폐업,25.2,,,,0,,,,,2003-08-08 00:00:00,2003-08-08,25.20,138-885,서울특별시 송파구 문정동 150-0 올림픽훼미리타운상가1층125호,N,0,3230000-101-2003-00506,,3230000,,,03,폐업,패스트푸드,02-430-3887,,,
,,모모,기타,2024-05-14,,,2026-05-06 23:01:18,I,02,폐업,32.35,,,,,,,,,2024-05-14 12:35:34,2017-03-02,32.35,138-888,서울특별시 송파구 문정동 643-1 엠스테이트,N,,3230000-101-2017-00148,,3230000,"서울특별시 송파구 법원로 114, 엠스테이트 A동 104호 (문정동)",05854,03,폐업,기타,,,,
주택가주변,,멕시칸치킨,분식,2004-03-08,211060.895230477,443441.710614541,2026-05-06 22:49:33,I,02,폐업,36.3,,,,1,을,,,,2003-07-01 00:00:00,1992-10-15,36.30,138-807,서울특별시 송파구 가락동 127-20,N,1,3230000-101-1992-05604,,3230000,,,03,폐업,분식,02-430-8669,,,상수도전용
,,쪼르동,분식,2009-08-25,187839.570989819,446735.245261895,2026-05-06 22:45:38,I,02,폐업,31.31,,,,,,,,,2009-03-24 14:23:14,2009-03-24,31.31,158-860,서울특별시 양천구 신정동 1010-8 지상1층(양목9길 5),N,,3140000-101-2009-00059,,3140000,,,03,폐업,분식,02-2695-2694,,,
주택가주변,,물레방아,한식,1993-11-09,208874.622262085,444931.444359806,2026-05-06 22:48:49,I,02,폐업,135.52,,,,2,지도,,,,2002-09-04 00:00:00,1990-06-08,135.52,138-844,서울특별시 송파구 석촌동 157-0,N,1,3230000-101-1990-12748,,3230000,,,03,폐업,한식,,,,상수도전용
,,옻샘분식,분식,2006-03-24,211317.168861203,444932.616161179,2026-05-06 22:57:08,I,02,폐업,28.09,,,,0,,,,,2005-08-24 00:00:00,2005-08-24,28.09,138-856,서울특별시 송파구 오금동 40-19 1층,N,0,3230000-101-2005-00440,,3230000,,,03,폐업,분식,02-400-6246,,,
,,명가갈비찜,통닭(치킨),2024-10-31,209543.375019446,444436.134462371,2026-05-06 22:57:22,I,02,폐업,51,,,,,,,,,2024-10-31 10:02:08,2008-01-11,51.00,138-847,서울특별시 송파구 석촌동 294-8,N,,3230000-101-2008-00014,,3230000,"서울특별시 송파구 백제고분로40길 35-15, 1층 (석촌동)",05687,03,폐업,통닭(치킨),02-423-1464,,,
주택가주변,,엑스오레스토랑,경양식,1995-06-01,208682.946639076,444522.26110806,2026-05-06 22:51:35,I,02,폐업,134.25,,,,1,을,,,,2003-06-26 00:00:00,1994-06-27,134.25,138-842,서울특별시 송파구 석촌동 15-0,N,1,3230000-101-1994-09315,,3230000,,,03,폐업,경양식,02-0420-4516,,,상수도전용
아파트지역,,소나무집,한식,1994-10-13,210432.726398095,444603.003663184,2026-05-06 22:47:18,I,02,폐업,276.66,,,,5,지도,,,,2003-06-24 00:00:00,1988-03-05,276.66,138-853,서울특별시 송파구 송파동 163-17,N,5,3230000-101-1988-12969,,3230000,,,03,폐업,한식,02-0413-2252,,,상수도전용
주택가주변,,B.M.W,분식,1998-07-07,185556.849724234,447607.475277595,2026-05-06 22:37:34,I,02,폐업,67.61,,,,1,기타,,,,2001-09-28 00:00:00,1995-07-26,67.61,158-827,서울특별시 양천구 신월동 116-23,N,0,3140000-101-1995-04543,,3140000,,,03,폐업,분식,02-606-9384,,,상수도전용
주택가주변,,초원,경양식,1997-05-06,209543.375019446,444436.134462371,2026-05-06 22:51:33,I,02,폐업,35.46,,,,1,을,,,,2003-07-03 00:00:00,1994-11-15,35.46,138-847,서울특별시 송파구 석촌동 294-8,N,0,3230000-101-1994-08862,,3230000,,,03,폐업,경양식,02-420-6668,,,상수도전용
,,닭익는마을,한식,2022-02-18,212713.368524431,443558.629851789,2026-05-06 22:56:56,I,02,폐업,89.1,,,,0,,,,,2022-02-18 13:52:15,2003-08-30,89.10,138-813,서울특별시 송파구 거여동 25-2 1층,N,0,3230000-101-2003-00557,,3230000,"서울특별시 송파구 거마로 9, 1층 (거여동)",05744,03,폐업,한식,,,,
주택가주변,,그시절모듬구이,한식,1997-10-20,207086.029217428,445310.210050148,2026-05-06 22:55:02,I,02,폐업,27.65,,,,1,기타,,,,2005-02-04 00:00:00,1996-08-29,27.65,138-862,서울특별시 송파구 잠실동 192-3,N,1,3230000-101-1996-11141,,3230000,,,03,폐업,한식,02-413-2406,,,상수도전용
주택가주변,,아남분식,분식,1997-08-22,211978.470606976,444633.135937099,2026-05-06 22:53:06,I,02,폐업,24.81,,,,1,기타,,,,2003-07-04 00:00:00,1995-05-25,24.81,138-857,서울특별시 송파구 오금동 73-5,N,0,3230000-101-1995-05188,,3230000,,,03,폐업,분식,02-401-3752,,,상수도전용
,,래향,중국식,,211178.577831989,444650.204886784,2026-05-06 23:01:09,I,01,영업,157.28,,,,,,,,,2018-02-09 18:44:07,2015-11-06,157.28,138-857,서울특별시 송파구 오금동 46-9 1층,N,,3230000-101-2015-00515,,3230000,"서울특별시 송파구 중대로25길 20, 1층 (오금동)",05661,01,영업/정상,중국식,,,,
,,최실장의 일식주방,일식,2020-08-31,208106.510001185,444988.080002931,2026-05-06 23:01:40,I,02,폐업,15,,,,,,,,,2020-08-31 14:34:08,2020-06-05,15.00,138-837,서울특별시 송파구 삼전동 22-2 잠실레이크타워,N,,3230000-101-2020-00343,,3230000,"서울특별시 송파구 석촌호수로 140, 잠실레이크타워 지하1층 105호 (삼전동)",05600,03,폐업,일식,,,,
,,하이스피릿 비스트로,기타,,,,2026-05-06 23:01:54,I,01,영업,9.9,,,,,,,,,2022-06-30 14:38:49,2022-04-13,9.90,138-888,서울특별시 송파구 문정동 645 에이치비지니스파크,N,,3230000-101-2022-00214,,3230000,"서울특별시 송파구 법원로11길 25, 에이치비지니스파크 제1층 제비-115호 (문정동)",05836,01,영업/정상,기타,,,,
,,방이 돈가,한식,,209597.293972335,445551.222389699,2026-05-06 22:57:27,I,01,영업,76.54,,,,,,,,,2021-07-06 14:51:46,2009-06-29,76.54,138-829,서울특별시 송파구 방이동 71-14 지상1층,N,,3230000-101-2009-00309,,3230000,"서울특별시 송파구 오금로15길 4 (방이동,지상1층)",05549,01,영업/정상,한식,02-415-3379,,,
,,we do coffee(위두커피),기타,2026-01-05,209560.319175513,444774.935415782,2026-05-06 23:01:48,I,02,폐업,10,,,,,,,,,2026-01-05 14:50:44,2021-07-15,10.00,138-850,서울특별시 송파구 송파동 86-15 Centcr Vill,N,,3230000-101-2021-00526,,3230000,"서울특별시 송파구 백제고분로42길 6-17, 1층 101호 (송파동, Centcr Vill)",05667,03,폐업,기타,,,,
,,중문식당,한식,2011-12-30,185478.063988449,446309.072252909,2026-05-06 22:46:56,I,02,폐업,16.5,,,,,,,,,2011-05-09 14:25:43,2011-05-09,16.50,158-846,서울특별시 양천구 신월동 986-2 오윤빌딩 신중문사우나 3층,N,,3140000-101-2011-00139,,3140000,,,03,폐업,한식,,,,
주택가주변,,참피온양념치킨,분식,1998-04-24,188341.325109322,448811.577079435,2026-05-06 22:36:36,I,02,폐업,16.34,,,,0,자율,,,,2001-09-28 00:00:00,1992-11-11,16.34,158-803,서울특별시 양천구 목동 315-23,N,0,3140000-101-1992-04007,,3140000,,,03,폐업,분식,,,,상수도전용
,,더 드림 한방족발,한식,2018-03-28,208093.975120764,444949.438236275,2026-05-06 23:01:07,I,02,폐업,115,,,,,,,,,2018-04-20 17:49:05,2015-05-06,115.00,138-837,서울특별시 송파구 삼전동 26 지상1층,N,,3230000-101-2015-00206,,3230000,"서울특별시 송파구 백제고분로23길 34, 지상1층 (삼전동)",05600,03,폐업,한식,,,,
,,참토우,한식,2018-07-03,210841.321429861,444179.666042916,2026-05-06 22:57:39,I,02,폐업,148.5,,,,,,,,,2018-07-03 14:57:22,2011-10-11,148.50,138-801,서울특별시 송파구 가락동 40,N,,3230000-101-2011-00478,,3230000,"서울특별시 송파구 양재대로64길 28, 1층 (가락동)",05715,03,폐업,한식,,,,
,,피크닉그린,기타,,207704.870569282,445063.125148526,2026-05-06 23:01:39,I,01,영업,24.65,,,,,,,,,2020-03-06 14:44:17,2020-03-06,24.65,138-864,서울특별시 송파구 잠실동 242-11,N,,3230000-101-2020-00132,,3230000,"서울특별시 송파구 삼전로13길 22, 1층 104호 (잠실동)",,01,영업/정상,기타,,,,
아파트지역,,갑자원,한식,1994-09-30,207624.424720682,445533.439634339,2026-05-06 22:46:20,I,02,폐업,87.84,,,,2,지도,,,,2003-06-27 00:00:00,1976-04-09,87.84,138-911,서울특별시 송파구 잠실동 22-6 주공상가2단지3층32호,N,3,3230000-101-1976-10150,,3230000,,,03,폐업,한식,02-0413-0292,,,상수도전용
주택가주변,,꼬마칼국수,분식,1998-01-09,187749.898535602,446956.61728239,2026-05-06 22:38:10,I,02,폐업,22.4,,,,1,기타,,,,2001-09-28 00:00:00,1996-10-01,22.40,158-860,서울특별시 양천구 신정동 999-8,N,,3140000-101-1996-04934,,3140000,,,03,폐업,분식,,,,상수도전용
주택가주변,,자매분식,분식,1998-03-05,207283.657150807,444952.316113356,2026-05-06 22:47:12,I,02,폐업,21.08,,,,2,지도,,,,2003-06-23 00:00:00,1988-09-10,21.08,138-863,서울특별시 송파구 잠실동 226-5,N,0,3230000-101-1988-06581,,3230000,,,03,폐업,분식,02-409-0617,,,상수도전용
,,스토리보드호프,호프/통닭,2007-03-30,186901.467005408,446420.057014711,2026-05-06 22:44:22,I,02,폐업,137.54,,,,0,,,,,2004-07-01 00:00:00,2004-07-01,137.54,158-864,서울특별시 양천구 신정동 1183-5 지하1층,N,0,3140000-101-2004-00248,,3140000,,,03,폐업,호프/통닭,,,,상수도전용
주택가주변,,프린스치킨,분식,1996-10-17,188373.535574893,447905.032758028,2026-05-06 22:37:31,I,02,폐업,23.73,,,,1,기타,,,,2001-09-28 00:00:00,1995-03-02,23.73,158-818,서울특별시 양천구 목동 773-5,N,0,3140000-101-1995-04428,,3140000,,,03,폐업,분식,02-642-2437,,,상수도전용
주택가주변,,청마루식당,한식,2007-02-28,209929.741480444,444542.920562106,2026-05-06 22:50:56,I,02,폐업,96.73,,,,0,기타,,,,2004-04-16 00:00:00,1994-04-18,96.73,138-854,서울특별시 송파구 송파동 103-31,N,0,3230000-101-1994-00499,,3230000,,,03,폐업,한식,02-413-3374,,,상수도전용
주택가주변,,잔치분식,분식,2007-05-11,188090.288494436,445188.515421493,2026-05-06 22:36:55,I,02,폐업,36.16,,,,1,기타,,,,2002-01-11 00:00:00,1993-03-24,36.16,158-850,서울특별시 양천구 신정동 175-1,N,1,3140000-101-1993-04109,,3140000,,,03,폐업,분식,02-0682-1154,,,상수도전용
주택가주변,,라비,한식,1998-06-19,210865.22173942,443139.963928696,2026-05-06 22:54:51,I,02,폐업,322.02,,,,,기타,,,,2005-02-16 00:00:00,1996-07-02,322.02,138-806,서울특별시 송파구 가락동 107-15,N,,3230000-101-1996-04843,,3230000,,,03,폐업,한식,02-402-3673,,,상수도전용
,,송파함흥면옥 본점,한식,,209622.978820056,445104.156722148,2026-05-06 23:01:50,I,01,영업,29.7,,,,,,,,,2024-01-30 15:45:09,2021-11-17,29.70,138-848,서울특별시 송파구 송파동 20-11,N,,3230000-101-2021-00831,,3230000,"서울특별시 송파구 백제고분로43길 7, 1층 102호 (송파동)",05621,01,영업/정상,한식,,,,
주택가주변,,혜성종합분식,한식,2000-01-10,210345.014060501,445344.847958805,2026-05-06 22:55:12,I,02,폐업,37.8,,,,1,을,,,,2005-02-16 00:00:00,1996-04-18,37.80,138-830,서울특별시 송파구 방이동 136-4,N,1,3230000-101-1996-11271,,3230000,,,03,폐업,한식,02-412-5798,,,상수도전용
,,황금밥상,한식,2014-11-11,210220.248083252,443801.403399783,2026-05-06 22:57:43,I,02,폐업,188.88,,,,,,,,,2012-05-18 10:35:00,2012-05-18,188.88,138-804,서울특별시 송파구 가락동 95-1 금호상가 지하1층 B01호,N,,3230000-101-2012-00208,,3230000,"서울특별시 송파구 송파대로32길 15, 지하1층 B01호 (가락동, 금호상가 )",05710,03,폐업,한식,,,,
,,카페 저스틴 1호점 (JUSTIN),패밀리레스트랑,,187078.437591504,446095.556482985,2026-05-06 22:51:41,I,01,영업,135,,,,,,,,,2024-08-08 13:04:17,2024-08-02,135.00,158-862,서울특별시 양천구 신정동 1052-11,N,,3140000-101-2024-00237,,3140000,"서울특별시 양천구 중앙로 228, 1층 (신정동)",08091,01,영업/정상,패밀리레스트랑,,,,
,,아또,분식,2021-05-24,209881.135410031,444508.163871661,2026-05-06 23:01:20,I,02,폐업,20,,,,,,,,,2021-05-24 13:09:50,2017-07-05,20.00,138-854,서울특별시 송파구 송파동 103-14,N,,3230000-101-2017-00508,,3230000,"서울특별시 송파구 가락로 150, 1층 (송파동)",05675,03,폐업,분식,,,,
주택가주변,,정든집,한식,2000-10-06,207463.346184922,445410.093878716,2026-05-06 22:55:33,I,02,폐업,26.25,,,,,우수,,,,2003-07-11 00:00:00,1997-07-14,26.25,138-861,서울특별시 송파구 잠실동 184-12,N,,3230000-101-1997-10882,,3230000,,,03,폐업,한식,02-413-7438,,,상수도전용
,,올림픽.양.곱창,한식,2022-09-27,210994.300330405,445341.650798776,2026-05-06 22:56:56,I,02,폐업,85.8,,,,0,,,,,2022-09-27 15:26:28,2003-08-11,85.80,138-835,서울특별시 송파구 방이동 203-7,N,0,3230000-101-2003-00515,,3230000,서울특별시 송파구 위례성대로18길 24 (방이동),05639,03,폐업,한식,02-415-1246,,,
,,발렌타인,호프/통닭,2024-04-22,210512.455445532,443911.686900845,2026-05-06 22:57:06,I,02,폐업,90,,,,0,,,,,2024-04-23 17:28:34,2005-05-17,90.00,138-802,서울특별시 송파구 가락동 71-3 2층,N,0,3230000-101-2005-00251,,3230000,"서울특별시 송파구 중대로9길 54 (가락동,2층)",05713,03,폐업,호프/통닭,02-448-2582,,,
주택가주변,,성해호프,분식,1993-12-28,186105.646352887,446291.077947919,2026-05-06 22:36:56,I,02,폐업,82.72,,,,1,기타,,,,2001-09-28 00:00:00,1993-05-31,82.72,158-842,서울특별시 양천구 신월동 575-23,N,1,3140000-101-1993-04379,,3140000,,,03,폐업,분식,02-0694-4357,,,상수도전용
,,예소담,한식,2011-06-14,189214.609593464,448157.690643506,2026-05-06 22:44:44,I,02,폐업,133.62,,,,0,,,,,2008-01-14 16:14:25,2006-04-07,133.62,158-877,서울특별시 양천구 목동 907-17 광장빌딩 203호,N,0,3140000-101-2006-00073,,3140000,,,03,폐업,한식,02-2652-1544,,,
,,송파대박식당,한식,2020-10-05,212496.814538424,444359.482613983,2026-05-06 22:57:20,I,02,폐업,33,,,,0,,,,,2020-10-05 10:39:36,2007-06-25,33.00,138-858,서울특별시 송파구 오금동 113-3,N,0,3230000-101-2007-00235,,3230000,"서울특별시 송파구 문정로 259, 1층 (오금동)",05731,03,폐업,한식,,,,
기타,,꼬치미,분식,2001-11-14,185496.085843128,447814.392726746,2026-05-06 22:42:14,I,02,폐업,24.8,,,,,기타,,,,2001-06-11 00:00:00,2001-06-11,24.80,158-827,서울특별시 양천구 신월동 115-30,N,,3140000-101-2001-08590,,3140000,,,03,폐업,분식,02-694-5098,,,
,,큰머리작은눈,까페,2007-02-09,187682.788478906,447297.563927622,2026-05-06 22:43:44,I,02,폐업,56,,,,0,,,,,2002-11-18 00:00:00,2002-11-18,56.00,158-856,서울특별시 양천구 신정동 891-37,N,0,3140000-101-2002-00619,,3140000,,,03,폐업,까페,,,,
학교정화(상대),,해피엔딩,분식,2001-09-03,187546.051563766,446614.863102314,2026-05-06 22:36:18,I,02,폐업,27.8,,,,0,자율,,,,2001-09-03 00:00:00,1991-09-06,27.80,158-861,서울특별시 양천구 신정동 1018-1,N,0,3140000-101-1991-03481,,3140000,,,03,폐업,분식,02-712-2149,,,상수도전용
기타,,김대감집,한식,1993-04-29,209568.71471855,444446.188722573,2026-05-06 22:47:07,I,02,폐업,40.5,,,,2,지도,,,,2002-09-04 00:00:00,1986-07-07,40.50,138-847,서울특별시 송파구 석촌동 294-10,N,1,3230000-101-1986-13572,,3230000,,,03,폐업,한식,02-0406-5210,,,상수도전용
,,AB포차,분식,2016-04-25,208707.089897534,446299.352775446,2026-05-06 23:01:07,I,02,폐업,35.54,,,,,,,,,2015-05-14 12:25:06,2015-05-14,35.54,138-934,서울특별시 송파구 신천동 7 장미B상가 1동 B41호,N,,3230000-101-2015-00216,,3230000,"서울특별시 송파구 올림픽로35길 112, 1동 지하1층 B41호 (신천동, 장미B상가)",05504,03,폐업,분식,,,,
,,맥코원,통닭(치킨),2003-05-31,208019.709604953,444267.803579515,2026-05-06 22:56:52,I,02,폐업,28,,,,0,,,,,2002-12-09 00:00:00,2002-12-09,28.00,138-838,서울특별시 송파구 삼전동 65-9,N,0,3230000-101-2002-17997,,3230000,,,03,폐업,통닭(치킨),02-413-0917,,,
,,시크릿 한강,기타,2021-12-31,207251.915942732,446426.824609012,2026-05-06 23:01:41,I,02,폐업,100,,,,,,,,,2023-01-16 11:02:54,2020-07-21,100.00,138-889,서울특별시 송파구 잠실동 1-2,N,,3230000-101-2020-00461,,3230000,"서울특별시 송파구 백제고분로 2, 1층 (잠실동)",05500,03,폐업,기타,,,,
,,봉수아피자 송파점,호프/통닭,2022-06-27,208166.392960429,444681.553541939,2026-05-06 23:01:46,I,02,폐업,29,,,,,,,,,2022-06-27 14:58:56,2021-03-11,29.00,138-840,서울특별시 송파구 삼전동 104-6,N,,3230000-101-2021-00197,,3230000,"서울특별시 송파구 백제고분로27길 14, 1층 (삼전동)",05604,03,폐업,호프/통닭,,,,
주택가주변,,페리카나,분식,1996-06-30,,,2026-05-06 22:36:03,I,02,폐업,27.85,,,,1,기타,,,,2003-02-11 00:00:00,1990-05-14,27.85,158-090,서울특별시 양천구 신월동 산 952-1,N,1,3140000-101-1990-03769,,3140000,,,03,폐업,분식,02-0605-8190,,,상수도전용
주택가주변,,마루칼국수,한식,1993-01-19,207305.037482399,445013.135487679,2026-05-06 22:49:54,I,02,폐업,21.92,,,,0,기타,,,,2002-09-04 00:00:00,1992-09-09,21.92,138-863,서울특별시 송파구 잠실동 214-9,N,0,3230000-101-1992-11788,,3230000,,,03,폐업,한식,02-0176-8800,,,상수도전용
,,또래오래,통닭(치킨),,185944.923823094,446852.293272402,2026-05-06 22:44:10,I,01,영업,28,,,,0,,,,,2012-03-30 16:28:40,2003-12-19,28.00,158-832,서울특별시 양천구 신월동 428-4 중앙위너스A동 102호 일부,N,0,3140000-101-2003-00685,,3140000,"서울특별시 양천구 월정로 45 (신월동, 중앙위너스A동 102호 일부)",07930,01,영업/정상,통닭(치킨),02-2697-9966,,,상수도전용
,,히어로즈푸드코트2호점,분식,2015-11-05,189469.901305589,447591.034147017,2026-05-06 22:47:57,I,02,폐업,9.52,,,,,,,,,2014-02-21 17:30:48,2014-02-21,9.52,158-050,서울특별시 양천구 목동 914 목동야구장 2층 223호,N,,3140000-101-2014-00041,,3140000,"서울특별시 양천구 안양천로 939, 2층 223호 (목동, 목동야구장)",07990,03,폐업,분식,02-3660-1000,,,
,,리멤버,호프/통닭,2020-10-23,207370.254033931,445297.778424058,2026-05-06 23:01:23,I,02,폐업,102.88,,,,,,,,,2020-10-23 13:27:48,2017-10-20,102.88,138-862,서울특별시 송파구 잠실동 206-9,N,,3230000-101-2017-00774,,3230000,"서울특별시 송파구 백제고분로9길 46, 지하1층 (잠실동)",05559,03,폐업,호프/통닭,,,,
기타,,카스타운,호프/통닭,2005-10-05,208321.022611045,444393.632549612,2026-05-06 22:55:32,I,02,폐업,33.95,,,,0,기타,,,,2005-05-10 00:00:00,1997-08-23,33.95,138-838,서울특별시 송파구 삼전동 73-5,N,0,3230000-101-1997-10865,,3230000,,,03,폐업,호프/통닭,02-417-2516,,,상수도전용
,,주식회사 보리한우,한식,2015-03-16,211088.117066794,442328.200332051,2026-05-06 22:57:19,I,02,폐업,331.48,,,,0,,,,,2014-11-12 17:27:56,2007-06-08,331.48,138-826,서울특별시 송파구 문정동 70-9 지상1층,N,0,3230000-101-2007-00203,,3230000,"서울특별시 송파구 새말로 109, 지상1층 (문정동)",05808,03,폐업,한식,02-403-9022,,,
,,김밥마을,분식,2018-12-13,185313.848748186,446617.177229847,2026-05-06 22:47:38,I,02,폐업,66,,,,,,,,,2018-12-13 15:36:41,2013-09-25,66.00,158-846,서울특별시 양천구 신월동 962-16 지상1층,N,,3140000-101-2013-00250,,3140000,"서울특별시 양천구 남부순환로70길 20 (신월동, 지상1층)",08039,03,폐업,분식,02-2065-3779,,,
,,조아스시&이자카야,일식,2019-07-01,188105.328988745,447823.356584333,2026-05-06 22:50:03,I,02,폐업,43.3,,,,,,,,,2019-07-01 11:11:23,2019-05-01,43.30,158-819,서울특별시 양천구 목동 797-1 1층,N,,3140000-101-2019-00107,,3140000,"서울특별시 양천구 목동중앙서로 22, 1층 (목동)",07967,03,폐업,일식,,,,
,,비엔나커피센트럴,기타,,188528.332777101,447313.233230859,2026-05-06 22:50:10,I,01,영업,320,,,,,,,,,2024-09-02 14:45:19,2019-07-15,320.00,158-050,"서울특별시 양천구 목동 923-11 1층, 범문빌딩",N,,3140000-101-2019-00186,,3140000,"서울특별시 양천구 목동서로 211, 범문빌딩 1층 (목동)",07995,01,영업/정상,기타,,,,
,,백조다방,기타,,188935.103467848,446653.159172428,2026-05-06 22:52:51,I,01,영업,21.16,,,,,,,,,2025-06-12 16:32:12,2025-06-12,21.16,158-849,서울특별시 양천구 신정동 118-11,N,,3140000-101-2025-00167,,3140000,"서울특별시 양천구 신목로6길 39, 1층 6,15호 (신정동)",08009,01,영업/정상,기타,,,,
기타,,목동포차,호프/통닭,2013-05-15,187644.570293378,447078.779798253,2026-05-06 22:36:11,I,02,폐업,24.8,,,,1,자율,,,,2012-07-26 14:30:49,1991-11-23,24.80,158-857,서울특별시 양천구 신정동 903-22 1층,N,1,3140000-101-1991-00775,,3140000,"서울특별시 양천구 오목로 213 (신정동, 1층)",07945,03,폐업,호프/통닭,02-2696-3141,,,상수도전용
,,강릉스낵,한식,,188627.273547806,447067.731083091,2026-05-06 22:50:41,I,01,영업,64.07,,,,,,,,,2023-04-28 16:59:25,2021-05-24,64.07,158-806,서울특별시 양천구 목동 406-65 2층,N,,3140000-101-2021-00147,,3140000,"서울특별시 양천구 목동동로 228-2, 2층 (목동)",08000,01,영업/정상,한식,,,,
,,갈매터,한식,2007-02-09,187726.067746799,447097.730336356,2026-05-06 22:43:22,I,02,폐업,66,,,,0,,,,,2003-10-02 00:00:00,2002-07-29,66.00,158-857,서울특별시 양천구 신정동 902-17,N,0,3140000-101-2002-00389,,3140000,,,03,폐업,한식,02-699-2106,,,상수도전용
주택가주변,,원두막레스토랑,한식,1994-02-08,211744.313239715,443614.054841979,2026-05-06 22:49:53,I,02,폐업,129.02,,,,0,기타,,,,2003-06-16 00:00:00,1992-01-11,129.02,138-812,서울특별시 송파구 가락동 190-1,N,0,3230000-101-1992-09773,,3230000,,,03,폐업,한식,02-0449-8424,,,상수도전용
,,라치엘로,경양식,2015-06-09,188431.286329151,446909.365903882,2026-05-06 22:44:58,I,02,폐업,130.12,,,,0,,,,,2022-10-03 12:30:21,2007-01-22,130.12,158-724,"서울특별시 양천구 목동 961 현대하이페리온Ⅱ 205동 204,205호",N,0,3140000-101-2007-00016,,3140000,"서울특별시 양천구 오목로 300 (목동, 현대하이페리온Ⅱ 205동 204,205호)",08004,03,폐업,경양식,02-2640-1580,,,상수도전용
,,부산어묵,기타,,213336.653507837,444106.81995807,2026-05-06 23:01:07,I,01,영업,5.5,,,,,,,,,2015-06-08 10:38:03,2015-06-08,5.50,138-819,서울특별시 송파구 마천동 151-8 지상1층,N,,3230000-101-2015-00255,,3230000,"서울특별시 송파구 마천로45길 39, 지상1층 (마천동)",05752,01,영업/정상,기타,,,,
,,일번지 포차,기타,2016-10-12,207901.982417098,444795.420752374,2026-05-06 23:00:24,I,02,폐업,33,,,,,,,,,2013-12-19 11:34:49,2013-12-19,33.00,138-837,서울특별시 송파구 삼전동 6-8 지상1층 101호,N,,3230000-101-2013-00560,,3230000,"서울특별시 송파구 백제고분로21길 15, 지상1층 101호 (삼전동)",05606,03,폐업,기타,02-425-0071,,,
기타,,25시호프,한식,2004-08-02,210668.736103817,443929.588902454,2026-05-06 22:47:16,I,02,폐업,63.44,,,,0,을,,,,2004-05-10 00:00:00,1988-12-13,63.44,138-801,서울특별시 송파구 가락동 49-5,N,0,3230000-101-1988-12029,,3230000,,,03,폐업,한식,02-448-8084,,,상수도전용
주택가주변,,탤런트식당,분식,1999-09-10,184844.878863426,448097.763211272,2026-05-06 22:36:21,I,02,폐업,19.15,,,,1,기타,,,,1999-09-10 00:00:00,1991-10-05,19.15,158-828,서울특별시 양천구 신월동 145-14,N,0,3140000-101-1991-04062,,3140000,,,03,폐업,분식,,,,상수도전용
기타,,홍지칼국수,분식,1998-07-28,187822.906666898,447060.377699409,2026-05-06 22:37:50,I,02,폐업,32.83,,,,1,기타,,,,2001-09-28 00:00:00,1996-05-03,32.83,158-860,서울특별시 양천구 신정동 992-1,N,,3140000-101-1996-04764,,3140000,,,03,폐업,분식,02-695-5745,,,상수도전용
,,고씨네 문정점,한식,,,,2026-05-06 23:01:20,I,01,영업,116,,,,,,,,,2023-08-11 15:08:04,2017-05-18,116.00,138-888,서울특별시 송파구 문정동 643-1,N,,3230000-101-2017-00377,,3230000,"서울특별시 송파구 법원로 114, E동 지하1층 E-B118호 (문정동, 엠스테이트)",05854,01,영업/정상,한식,,,,
아파트지역,,동키치킨신월분점,분식,2007-03-30,,,2026-05-06 22:35:58,I,02,폐업,30.41,,,,2,지도,,,,2001-09-28 00:00:00,1989-03-13,30.41,158-090,서울특별시 양천구 신월동 산 986-5,N,1,3140000-101-1989-04179,,3140000,,,03,폐업,분식,02-0691-0625,,,상수도전용
기타,,오이시돈가스,분식,2003-02-24,209191.596893044,446691.34604437,2026-05-06 22:56:44,I,02,폐업,23,,,,,기타,,,,2003-07-28 00:00:00,2001-12-26,23.00,138-240,서울특별시 송파구 신천동 17-2 (시영2단지상가2111호),N,,3230000-101-2001-17101,,3230000,,,03,폐업,분식,02-414-4348,,,
,,신주쿠카레 문정점,일식,2021-09-06,,,2026-05-06 23:01:32,I,02,폐업,38.3,,,,,,,,,2021-09-06 16:28:46,2018-12-24,38.30,138-888,서울특별시 송파구 문정동 651 문정역테라타워,N,,3230000-101-2018-00873,,3230000,"서울특별시 송파구 송파대로 167, 문정역테라타워 B동 1층 144호 (문정동)",05855,03,폐업,일식,,,,
아파트지역,,포시즌,한식,2013-07-17,211806.268905143,443515.417184972,2026-05-06 22:55:29,I,02,폐업,22.75,,,,0,우수,,,,2005-01-28 00:00:00,1997-01-30,22.75,138-812,서울특별시 송파구 가락동 186-15,N,0,3230000-101-1997-08372,,3230000,,,03,폐업,한식,02-430-4139,,,상수도전용
주택가주변,,평양만두국,한식,1999-02-03,187873.470055517,447216.718109846,2026-05-06 22:36:39,I,02,폐업,54.99,,,,1,기타,,,,1999-02-03 00:00:00,1993-07-14,54.99,158-857,서울특별시 양천구 신정동 900-7,N,1,3140000-101-1993-00011,,3140000,,,03,폐업,한식,,,,상수도전용
,,황우돈가,한식,2015-09-07,209800.739419558,444317.101277851,2026-05-06 23:01:03,I,02,폐업,111.6,,,,,,,,,2014-11-18 13:19:24,2014-11-18,111.60,138-854,서울특별시 송파구 송파동 97-57 지상1층,N,,3230000-101-2014-00677,,3230000,"서울특별시 송파구 송파대로 366-3, 지상1층 (송파동)",05676,03,폐업,한식,,,,
,,덴뿌라903,분식,2012-08-10,188700.851169641,448020.090999138,2026-05-06 22:47:09,I,02,폐업,21.6,,,,,,,,,2012-06-04 14:22:10,2012-06-04,21.60,158-875,서울특별시 양천구 목동 903 목동신시가지아파트 제상가동 101-1호,N,,3140000-101-2012-00135,,3140000,"서울특별시 양천구 목동서로 100 (목동, 목동신시가지아파트 제상가동 101-1호)",07982,03,폐업,분식,02-337-6173,,,
주택가주변,,풍차,경양식,2012-01-13,210026.8274023,445013.321712754,2026-05-06 22:55:45,I,02,폐업,25.73,,,,0,기타,,,,2012-01-17 16:03:19,1998-08-21,25.73,138-851,서울특별시 송파구 송파동 128-5,N,0,3230000-101-1998-08146,,3230000,,,03,폐업,경양식,02-403-1855,,,상수도전용
기타,,짜투리,호프/통닭,2003-10-30,208368.974059836,444522.806620183,2026-05-06 22:56:49,I,02,폐업,26.4,,,,0,기타,,,,2003-07-30 00:00:00,2002-08-03,26.40,138-840,서울특별시 송파구 삼전동 133-11,N,0,3230000-101-2002-17641,,3230000,,,03,폐업,호프/통닭,02-424-4181,,,
,,강남흑염소,한식,,211935.940195125,443839.841650954,2026-05-06 23:01:38,I,01,영업,95,,,,,,,,,2025-05-01 10:44:47,2019-12-26,95.00,138-811,서울특별시 송파구 가락동 174-11,N,,3230000-101-2019-00948,,3230000,"서울특별시 송파구 오금로44길 7, 1층 (가락동)",05769,01,영업/정상,한식,,,,
,,갤러리 사주카페,기타,2024-12-16,187670.416423662,447030.560396528,2026-05-06 22:50:54,I,02,폐업,52.83,,,,,,,,,2024-12-16 15:55:13,2022-03-15,52.83,158-860,서울특별시 양천구 신정동 988-5 목동중앙하이츠펠리시티,N,,3140000-101-2022-00071,,3140000,"서울특별시 양천구 오목로 212, 2층 206호 (신정동, 목동중앙하이츠펠리시티)",08021,03,폐업,기타,,,,
주택가주변,,맥스양념통닭,분식,1996-11-22,207776.016533105,444485.143398067,2026-05-06 22:50:34,I,02,폐업,27.52,,,,1,을,,,,2003-06-02 00:00:00,1993-08-02,27.52,138-837,서울특별시 송파구 삼전동 31-4,N,1,3230000-101-1993-07677,,3230000,,,03,폐업,분식,,,,상수도전용
주택가주변,,밤안개,한식,2000-03-27,187477.557305262,446871.488341677,2026-05-06 22:39:21,I,02,폐업,20.6,,,,1,지도,,,,2000-03-27 00:00:00,1999-09-08,20.60,158-859,서울특별시 양천구 신정동 956-3,N,0,3140000-101-1999-07133,,3140000,,,03,폐업,한식,02-698-9838,,,상수도전용
,,양푼이네찌개마을,한식,2020-04-16,211000.046152529,444382.836560727,2026-05-06 22:57:42,I,02,폐업,32.4,,,,,,,,,2020-04-16 12:37:30,2012-04-24,32.40,138-800,서울특별시 송파구 가락동 13-0 지상1층,N,,3230000-101-2012-00167,,3230000,"서울특별시 송파구 송이로17길 54, 지상1층 (가락동)",05702,03,폐업,한식,,,,
유흥업소밀집지역,,우마이,일식,2004-08-16,210437.123518007,443634.673320923,2026-05-06 22:56:31,I,02,폐업,89.1,,,,0,자율,,,,2005-02-17 00:00:00,2000-08-02,89.10,138-804,서울특별시 송파구 가락동 97-7,N,0,3230000-101-2000-15539,,3230000,,,03,폐업,일식,02-431-3726,,,
기타,,사과나무,경양식,2012-12-21,188515.749836422,446316.383418614,2026-05-06 22:38:35,I,02,폐업,54.87,,,,1,기타,,,,2010-08-27 15:43:08,1997-09-26,54.87,158-852,서울특별시 양천구 신정동 296-7 2층,N,1,3140000-101-1997-02809,,3140000,,,03,폐업,경양식,02-2647-1092,,,상수도전용
,,예찬들,한식,2014-08-05,187756.397414388,447440.724514141,2026-05-06 22:47:09,I,02,폐업,64.9,,,,,,,,,2012-05-02 11:35:58,2012-05-02,64.90,158-857,서울특별시 양천구 신정동 897-1 지하1층,N,,3140000-101-2012-00100,,3140000,"서울특별시 양천구 국회대로 246 (신정동, 지하1층)",07937,03,폐업,한식,02-723-1985,,,
,,홍대꼬치,분식,2025-05-16,207104.04788914,444811.382438764,2026-05-06 23:01:42,I,02,폐업,30,,,,,,,,,2025-05-20 17:46:49,2020-07-27,30.00,138-865,서울특별시 송파구 잠실동 312-18,N,,3230000-101-2020-00480,,3230000,"서울특별시 송파구 백제고분로12길 7, 1층 (잠실동)",,03,폐업,분식,,,,
,,러브 바리스타,기타,2023-10-04,188500.996531393,449426.18617013,2026-05-06 22:49:07,I,02,폐업,58.84,,,,,,,,,2023-10-04 13:43:18,2016-04-11,58.84,158-807,서울특별시 양천구 목동 507-8 지상1층좌,N,,3140000-101-2016-00096,,3140000,"서울특별시 양천구 목동중앙북로 65 (목동, 지상1층좌)",07947,03,폐업,기타,,,,
주택가주변,,접시꽃,전통찻집,1991-07-19,,,2026-05-06 22:48:06,I,02,폐업,25,,,,0,지도,,,,2003-07-09 00:00:00,1990-01-15,25.00,138-160,서울특별시 송파구 가락동 00,N,0,3230000-101-1990-03740,,3230000,,,03,폐업,전통찻집,02-0403-5155,,,상수도전용
,,도톤보리,기타,,209608.131558799,445724.54844089,2026-05-06 23:01:16,I,01,영업,181,,,,,,,,,2019-01-17 10:40:50,2016-08-31,181.00,138-828,서울특별시 송파구 방이동 62-9,N,,3230000-101-2016-00440,,3230000,"서울특별시 송파구 올림픽로32길 28, 2층 (방이동)",05548,01,영업/정상,기타,02-586-5630,,,
주택가주변,,곰달래주막,분식,2001-04-13,185667.441333994,447433.356311475,2026-05-06 22:41:38,I,02,폐업,26,,,,0,기타,,,,2001-04-13 00:00:00,2000-11-17,26.00,158-831,서울특별시 양천구 신월동 235-3,N,0,3140000-101-2000-08139,,3140000,,,03,폐업,분식,,,,상수도전용
,,송파장터,한식,2015-05-13,209636.916608671,444858.989436237,2026-05-06 22:57:22,I,02,폐업,49.5,,,,,,,,,2015-03-16 18:34:26,2007-11-07,49.50,138-851,서울특별시 송파구 송파동 113-2 송파여성문화회관 지하2층(사우나),N,,3230000-101-2007-00420,,3230000,"서울특별시 송파구 백제고분로42길 5 (송파동,송파여성문화회관 지하2층(사우나))",05666,03,폐업,한식,02-420-9965,,,
,,풍년식당,분식,2005-12-30,184855.888969325,448068.56768312,2026-05-06 22:43:05,I,02,폐업,30,,,,0,,,,,2002-12-11 00:00:00,2002-02-07,30.00,158-828,서울특별시 양천구 신월동 145-13,N,0,3140000-101-2002-00071,,3140000,,,03,폐업,분식,02-2608-6471,,,상수도전용
,,무지개식당(10.찌개),한식,2012-02-22,208589.363343145,445455.90405262,2026-05-06 22:56:55,I,02,폐업,49.5,,,,0,,,,,2003-05-20 00:00:00,2003-05-20,49.50,138-721,서울특별시 송파구 잠실동 40-1 롯데월드쇼핑몰 지하1층I-83,N,0,3230000-101-2003-00309,,3230000,,,03,폐업,한식,,,,
,,초당 두부마을 송파점,한식,,210748.374125294,445562.698201787,2026-05-06 22:57:41,I,01,영업,155.48,,,,,,,,,2021-04-07 14:16:40,2011-12-20,155.48,138-834,서울특별시 송파구 방이동 196-12,N,,3230000-101-2011-00622,,3230000,"서울특별시 송파구 위례성대로12길 15-1, 1층 (방이동)",05637,01,영업/정상,한식,02-424-3434,,,
기타,,순천식당,한식,1993-07-05,,,2026-05-06 22:35:28,I,02,폐업,72,,,,2,지도,,,,2001-09-28 00:00:00,1981-08-26,72.00,158-855,서울특별시 양천구 신정동 812-8,N,1,3140000-101-1981-00302,,3140000,,,03,폐업,한식,02-0693-6427,,,지하수전용
,,수울 수울,한식,,213419.134185224,444134.909353189,2026-05-06 23:01:45,I,01,영업,48.24,,,,,,,,,2022-10-27 12:14:53,2021-01-07,48.24,138-819,서울특별시 송파구 마천동 165-1,N,,3230000-101-2021-00017,,3230000,"서울특별시 송파구 성내천로 226-1, 1층 (마천동)",05750,01,영업/정상,한식,,,,
유흥업소밀집지역,,셀렉트,분식,2005-01-07,210039.485621589,445894.254601728,2026-05-06 22:50:30,I,02,폐업,30.77,,,,0,기타,,,,2004-07-08 00:00:00,1993-10-25,30.77,138-828,서울특별시 송파구 방이동 50-8,N,0,3230000-101-1993-07370,,3230000,,,03,폐업,분식,02-2202-0442,,,상수도전용
,,오뚜기식당,기타,2025-05-16,210586.945622547,448329.561837479,2026-05-06 23:00:35,I,02,폐업,24,,,,,,,,,2025-05-20 16:30:51,2014-02-24,24.00,138-873,서울특별시 송파구 풍납동 149-10 지상1층,N,,3230000-101-2014-00067,,3230000,"서울특별시 송파구 풍성로23길 41, 지상1층 (풍납동)",05518,03,폐업,기타,,,,
주택가주변,,희나리,한식,1996-11-20,,,2026-05-06 22:52:51,I,02,폐업,83.42,,,,1,을,,,,2004-08-30 00:00:00,1995-11-06,83.42,138-110,서울특별시 송파구 거여동 산 554-5,N,1,3230000-101-1995-03779,,3230000,,,03,폐업,한식,02-448-8227,,,상수도전용
,,명동칼국수샤브샤브 홈플러스 잠실점,기타,2026-01-05,209039.148023482,446007.966801057,2026-05-06 22:57:39,I,02,폐업,231.4,,,,,,,,,2026-01-05 12:02:50,2011-09-27,231.40,138-934,서울특별시 송파구 신천동 7-12 홈플러스 4층,Y,,3230000-101-2011-00454,,3230000,"서울특별시 송파구 올림픽로35가길 16, 4층 (신천동, 홈플러스)",05510,03,폐업,기타,02-412-0995,,,
기타,,8090껍데기,출장조리,2009-02-13,207036.94736379,445126.879310668,2026-05-06 22:56:42,I,02,폐업,30,,,,0,기타,,,,2007-11-20 11:06:55,2001-09-20,30.00,138-862,서울특별시 송파구 잠실동 198-10,N,0,3230000-101-2001-16807,,3230000,,,03,폐업,출장조리,02-425-4523,,,
주택가주변,,엘투,경양식,2000-02-14,211005.302324733,444601.789927777,2026-05-06 22:55:27,I,02,폐업,40.25,,,,0,우수,,,,2003-07-18 00:00:00,1997-12-02,40.25,138-800,서울특별시 송파구 가락동 2-5,N,0,3230000-101-1997-08241,,3230000,,,03,폐업,경양식,02-443-8756,,,상수도전용
기타,,호성,한식,2011-09-27,209569.610256416,445665.954211353,2026-05-06 22:56:43,I,02,폐업,115.5,,,,,기타,,,,2003-07-24 00:00:00,2001-10-18,115.50,138-829,서울특별시 송파구 방이동 68-11,N,,3230000-101-2001-16888,,3230000,,,03,폐업,한식,,,,
,,성식이네 매운닭발,한식,,210412.541549257,445310.691210246,2026-05-06 23:01:39,I,01,영업,33,,,,,,,,,2020-03-18 16:44:44,2020-03-18,33.00,138-831,서울특별시 송파구 방이동 135-26,N,,3230000-101-2020-00156,,3230000,"서울특별시 송파구 가락로36길 3, 1층 (방이동)",05634,01,영업/정상,한식,02-415-8892,,,
,,봉평초계막국수,한식,2014-11-10,187952.685673153,447918.310985977,2026-05-06 22:47:19,I,02,폐업,71.43,,,,,,,,,2014-05-20 14:05:32,2013-05-22,71.43,158-819,서울특별시 양천구 목동 791-1 1층 102호,N,,3140000-101-2013-00137,,3140000,"서울특별시 양천구 목동중앙서로7가길 31, 1층 (목동)",07965,03,폐업,한식,,,,
주택가주변,,백암순대국,한식,2020-03-02,186063.507754159,446707.131514789,2026-05-06 22:36:22,I,02,폐업,90.88,,,,0,기타,,,,2020-03-02 11:49:07,1992-03-19,90.88,158-834,서울특별시 양천구 신월동 445-16,N,0,3140000-101-1992-00321,,3140000,서울특별시 양천구 오목로 51 (신월동),,03,폐업,한식,02-2692-4630,,,상수도전용
,,시그니엘서울호텔 연회.메인,출장조리,,209074.900840074,445657.80932984,2026-05-06 23:01:18,I,01,영업,573.8,,,,,,,,,2025-02-17 15:03:08,2017-02-24,573.80,138-934,서울특별시 송파구 신천동 29,N,,3230000-101-2017-00133,,3230000,"서울특별시 송파구 올림픽로 300, 76,77층 (신천동, 롯데월드타워 시그니엘서울호텔)",05551,01,영업/정상,출장조리,,,,
주택가주변,,센스,한식,1999-11-26,208678.536028485,444090.466082424,2026-05-06 22:55:27,I,02,폐업,143.17,,,,0,우수,,,,2005-01-24 00:00:00,1997-11-17,143.17,138-845,서울특별시 송파구 석촌동 227-14 (지하1층),N,0,3230000-101-1997-08269,,3230000,,,03,폐업,한식,,,,상수도전용
기타,,돈키호테,분식,2002-08-21,211259.909777857,443711.702922024,2026-05-06 22:56:42,I,02,폐업,14.85,,,,,기타,,,,2003-07-25 00:00:00,2001-08-29,14.85,138-808,서울특별시 송파구 가락동 140-0 (쌍용A상가26동지하1층10호),N,,3230000-101-2001-16737,,3230000,,,03,폐업,분식,02-470-1487,,,
,,Angel-in-us x 윤쉐프 정직한  제빵소,한식,2023-04-25,208930.503134224,445007.603312717,2026-05-06 23:01:18,I,02,폐업,451,,,,,,,,,2023-04-25 15:32:27,2017-02-28,451.00,138-844,서울특별시 송파구 석촌동 158-4,N,,3230000-101-2017-00142,,3230000,"서울특별시 송파구 석촌호수로 224, 1층 (석촌동)",05610,03,폐업,한식,02-3431-7590,,,
,,낭만닭발,기타,2021-04-26,,,2026-05-06 23:01:32,I,02,폐업,42.45,,,,,,,,,2021-04-26 16:31:12,2018-12-13,42.45,138-888,서울특별시 송파구 문정동 644-2 문정현대지식산업센터1-2,N,,3230000-101-2018-00852,,3230000,"서울특별시 송파구 법원로11길 7, 문정현대지식산업센터1-2 C동 138호 (문정동)",05836,03,폐업,기타,,,,
,,토종한우 정육식당,한식,2025-03-17,209151.713940169,446519.612162961,2026-05-06 22:57:34,I,02,폐업,66.68,,,,,,,,,2025-03-17 17:17:24,2010-09-20,66.68,138-240,서울특별시 송파구 신천동 17-4 파크리오,N,,3230000-101-2010-00460,,3230000,"서울특별시 송파구 올림픽로37길 130, 파크리오 상가A동 지하1층 111호 (신천동)",05507,03,폐업,한식,02-413-2203,,,
,,가마로 강정,분식,2025-10-14,211802.518980374,443982.241438404,2026-05-06 22:56:59,I,02,폐업,32,,,,0,,,,,2025-10-15 09:28:28,2004-02-04,32.00,138-810,서울특별시 송파구 가락동 166-2 에스케이허브파크 103호,N,0,3230000-101-2004-00045,,3230000,"서울특별시 송파구 오금로 396, 103호 (가락동, 에스케이허브파크)",05769,03,폐업,분식,02-0402-5415,,,
유흥업소밀집지역,,원조마포소금구이,한식,,209731.964252153,445893.395594926,2026-05-06 22:50:57,I,01,영업,142.14,,,,1,기타,,,,2022-01-07 15:06:45,1994-07-29,142.14,138-828,서울특별시 송파구 방이동 58 용준빌딩,N,1,3230000-101-1994-03851,,3230000,"서울특별시 송파구 오금로11길 34, 성우빌딩 1층 (방이동)",05547,01,영업/정상,한식,02-414-1981,,,상수도전용
,,임청각안동국시,한식,2019-09-23,188394.976615451,447929.348133359,2026-05-06 22:49:25,I,02,폐업,68.41,,,,,,,,,2019-09-23 15:44:14,2017-01-09,68.41,158-818,서울특별시 양천구 목동 773-3 지상1층 108호,N,,3140000-101-2017-00005,,3140000,"서울특별시 양천구 목동중앙로 43, 지상1층 108호 (목동)",07964,03,폐업,한식,,,,상수도전용
주택가주변,,양천회관,한식,1998-04-09,188352.6433345,445478.395298097,2026-05-06 22:37:25,I,02,폐업,176.39,,,,2,기타,,,,2001-09-28 00:00:00,1995-06-30,176.39,158-887,서울특별시 양천구 신정동 330-11,N,1,3140000-101-1995-01440,,3140000,,,03,폐업,한식,,,,상수도전용
,,미아리우동집 위례점,분식,,212452.558599859,441411.906445707,2026-05-06 23:01:23,I,01,영업,58.8,,,,,,,,,2024-08-19 15:05:02,2017-11-22,58.80,138-926,서울특별시 송파구 장지동 897 위례중앙푸르지오1단지,N,,3230000-101-2017-00854,,3230000,"서울특별시 송파구 위례광장로 120, 상가동 112호 (장지동, 위례중앙푸르지오1단지)",05852,01,영업/정상,분식,,,,
,,지에스25 한강잠실 2호,한식,2020-12-01,207280.548175724,446256.122690837,2026-05-06 22:57:28,I,02,폐업,24,,,,,,,,,2020-12-01 15:25:26,2009-08-20,24.00,138-889,서울특별시 송파구 잠실동 1-1 잠실트랙구장왼편잔디밭,N,,3230000-101-2009-00413,,3230000,"서울특별시 송파구 백제고분로 2 (잠실동, 잠실트랙구장왼편잔디밭 )",05500,03,폐업,한식,,,,
주택가주변,,연인,경양식,1997-04-16,207070.836870724,445386.907051882,2026-05-06 22:51:34,I,02,폐업,106.78,,,,1,기타,,,,2003-07-02 00:00:00,1994-10-11,106.78,138-861,서울특별시 송파구 잠실동 179-2,N,0,3230000-101-1994-08892,,3230000,,,03,폐업,경양식,02-414-0313,,,상수도전용
아파트지역,,롯데식당,한식,2005-02-24,209140.885315651,446042.592367722,2026-05-06 22:48:17,I,02,폐업,27.88,,,,1,지도,,,,2004-04-23 00:00:00,1990-06-16,27.88,138-934,서울특별시 송파구 신천동 11-9 한신잠실코아 판매시설 144호 1층,N,0,3230000-101-1990-06423,,3230000,,,03,폐업,한식,02-412-7145,,,상수도전용
기타,,오크통,한식,2000-10-30,207876.490427321,445012.25183403,2026-05-06 22:55:40,I,02,폐업,37.06,,,,0,기타,,,,2004-10-26 00:00:00,1998-11-11,37.06,138-864,서울특별시 송파구 잠실동 242-22,N,0,3230000-101-1998-03925,,3230000,,,03,폐업,한식,,,,상수도전용
,,남한산성 호남집,한식,2014-10-16,213216.505756784,443524.643007413,2026-05-06 22:57:19,I,02,폐업,89.1,,,,0,,,,,2010-11-16 16:09:46,2007-05-08,89.10,138-814,서울특별시 송파구 거여동 34-3,N,0,3230000-101-2007-00163,,3230000,서울특별시 송파구 오금로 551 (거여동),05764,03,폐업,한식,,,,
기타,,동원출장부페,출장조리,2005-05-30,,,2026-05-06 22:50:56,I,02,폐업,38.16,,,,2,기타,,,,2004-04-14 00:00:00,1994-02-14,38.16,138-050,서울특별시 송파구 방이동 산 135-1,N,1,3230000-101-1994-03722,,3230000,,,03,폐업,출장조리,02-414-5026,,,상수도전용
,,바로커피,기타,,212755.246476051,443748.29657432,2026-05-06 23:02:17,I,01,영업,42.47,,,,,,,,,2025-05-29 14:29:43,2025-05-29,42.47,138-813,서울특별시 송파구 거여동 178-6 인투파크거여 1단지,N,,3230000-101-2025-00309,,3230000,"서울특별시 송파구 거마로9길 7-5, 인투파크거여 1단지 101동 1층 1호 (거여동)",05735,01,영업/정상,기타,,,,
주택가주변,,토성보리밥,한식,2000-10-19,210690.280683254,448378.465240062,2026-05-06 22:56:01,I,02,폐업,30.88,,,,0,자율,,,,2005-01-18 00:00:00,1999-04-24,30.88,138-873,서울특별시 송파구 풍납동 476-8,N,0,3230000-101-1999-00553,,3230000,,,03,폐업,한식,,,,상수도전용
,,고스트피자,기타,,187993.577385276,447733.192596637,2026-05-06 22:48:58,I,01,영업,51.97,,,,,,,,,2020-11-30 13:12:03,2015-12-11,51.97,158-819,서울특별시 양천구 목동 794-10 지상1층 101호,N,,3140000-101-2015-00342,,3140000,"서울특별시 양천구 목동중앙서로4길 16, 지상1층 101호 (목동)",07966,01,영업/정상,기타,02-2062-8385,,,
,,큰가마설렁탕,한식,2014-10-07,188585.854107151,447573.303575146,2026-05-06 22:44:40,I,02,폐업,81.6,,,,0,,,,,2011-09-27 10:30:45,2005-09-08,81.60,158-050,서울특별시 양천구 목동 919 성우네트빌상가1층103호,N,0,3140000-101-2005-00317,,3140000,"서울특별시 양천구 목동서로 186 (목동,성우네트빌상가1층103호)",07992,03,폐업,한식,26525203,,,상수도전용
주택가주변,,연탄부락,한식,,207138.612624251,445252.816117625,2026-05-06 22:50:38,I,01,영업,72.5,,,,2,을,,,,2018-03-06 11:28:50,1993-10-29,72.50,138-862,서울특별시 송파구 잠실동 201 지상1층,N,1,3230000-101-1993-09875,,3230000,"서울특별시 송파구 백제고분로9길 22, 지상1층 (잠실동)",05563,01,영업/정상,한식,02-422-6927,,,상수도전용
아파트지역,,할머니집식당,한식,2006-03-30,210155.914767213,443232.861229646,2026-05-06 22:49:30,I,02,폐업,76.86,,,,2,을,,,,2004-04-06 00:00:00,1993-08-24,76.86,138-885,서울특별시 송파구 문정동 150-23,N,1,3230000-101-1991-14134,,3230000,,,03,폐업,한식,02-448-4422,,,상수도전용
,,화랑불닭,한식,2006-01-09,186968.180405232,446537.11420971,2026-05-06 22:44:20,I,02,폐업,59.4,,,,0,,,,,2004-06-05 00:00:00,2004-06-05,59.40,158-861,서울특별시 양천구 신정동 1030-1,N,0,3140000-101-2004-00205,,3140000,,,03,폐업,한식,,,,상수도전용
,,바다양푼이동태탕,한식,2026-01-29,186027.231188042,446648.136978146,2026-05-06 22:51:36,I,02,폐업,30,,,,,,,,,2026-01-29 13:41:07,2024-02-16,30.00,158-839,서울특별시 양천구 신월동 514-1 102호,N,,3140000-101-2024-00045,,3140000,"서울특별시 양천구 오목로 46, 102호 (신월동)",08029,03,폐업,한식,,,,
,,크랩시티,한식,2004-03-19,185197.99383991,448649.142096179,2026-05-06 22:43:59,I,02,폐업,92,,,,0,,,,,2003-07-02 00:00:00,2003-07-02,92.00,158-822,서울특별시 양천구 신월동 23-17,N,0,3140000-101-2003-00316,,3140000,,,03,폐업,한식,,,,
주택가주변,,후레쉬치킨호프,분식,2000-03-30,189352.841028582,449261.301294035,2026-05-06 22:36:52,I,02,폐업,19.84,,,,1,기타,,,,2000-03-30 00:00:00,1993-10-22,19.84,158-801,서울특별시 양천구 목동 128-36,N,0,3140000-101-1993-03194,,3140000,,,03,폐업,분식,02-0000-0000,,,상수도전용
,,카페2.7 (cafe2.7),기타,,208920.64415948,444699.745659167,2026-05-06 23:01:53,I,01,영업,90,,,,,,,,,2022-02-07 13:50:24,2022-02-07,90.00,138-842,서울특별시 송파구 석촌동 58-24 미주빌딩,N,,3230000-101-2022-00066,,3230000,"서울특별시 송파구 백제고분로36가길 15, 미주빌딩 2층 201-1호 (석촌동)",05614,01,영업/정상,기타,,,,
주택가주변,,뮤즈,한식,2001-03-24,210142.642154904,445042.425570891,2026-05-06 22:47:51,I,02,폐업,28,,,,1,지도,,,,2003-06-24 00:00:00,1989-11-03,28.00,138-852,서울특별시 송파구 송파동 145-1,N,0,3230000-101-1989-09259,,3230000,,,03,폐업,한식,,,,상수도전용
,,스시린,일식,2024-10-25,208707.089897534,446299.352775446,2026-05-06 23:01:48,I,02,폐업,35.5,,,,,,,,,2024-10-28 09:09:34,2021-07-06,35.50,138-934,서울특별시 송파구 신천동 7 장미아파트,N,,3230000-101-2021-00505,,3230000,"서울특별시 송파구 올림픽로35길 112, 장미아파트 B상가 1동 지하1층 17-1호 (신천동)",05504,03,폐업,일식,,,,
,,남도맛고을,횟집,2019-09-11,189085.106666667,446811.169666667,2026-05-06 22:46:07,I,02,폐업,53.58,,,,,,,,,2019-09-11 13:03:09,2010-08-31,53.58,158-806,서울특별시 양천구 목동 404-16 씨티프라자 105호,N,,3140000-101-2010-00252,,3140000,"서울특별시 양천구 신목로2길 66, 1층 105호 (목동, 씨티프라자)",08007,03,폐업,횟집,02-2654-3737,,,
주택가주변,,토담뜰,분식,2007-04-17,188254.464058537,449635.632611714,2026-05-06 22:39:22,I,02,폐업,81.81,,,,2,기타,,,,2006-05-01 00:00:00,1999-09-14,81.81,158-811,서울특별시 양천구 목동 602-3,N,0,3140000-101-1999-07145,,3140000,,,03,폐업,분식,02-2643-5522,,,상수도전용
주택가주변,,형제보쌈,한식,1992-07-07,207714.436560033,444638.865564323,2026-05-06 22:49:55,I,02,폐업,43.24,,,,0,기타,,,,2002-09-04 00:00:00,1992-06-29,43.24,138-837,서울특별시 송파구 삼전동 28-4,N,0,3230000-101-1992-11884,,3230000,,,03,폐업,한식,02-0000-0000,,,상수도전용
,,해밀식당,한식,2023-09-07,187864.50227698,448953.063207171,2026-05-06 22:50:16,I,02,폐업,54.39,,,,,,,,,2023-09-07 17:34:08,2019-10-22,54.39,158-791,서울특별시 양천구 목동 709-2 성원아파트 102동 105호,N,,3140000-101-2019-00269,,3140000,"서울특별시 양천구 목동중앙남로 100, 102동 105호 (목동, 성원아파트)",07956,03,폐업,한식,,,,
,,멕시카나 위례점,기타,2021-04-27,212494.327675839,441590.062253247,2026-05-06 23:01:17,I,02,폐업,54.98,,,,,,,,,2021-04-27 14:25:21,2016-12-15,54.98,138-926,서울특별시 송파구 장지동 894,N,,3230000-101-2016-00696,,3230000,"서울특별시 송파구 위례광장로 136, 상가3동 1층 C-112호 (장지동, 위례아이파크)",05852,03,폐업,기타,,,,
기타,,다다풀코스,한식,,210885.498184518,445614.840613417,2026-05-06 22:56:38,I,01,영업,92.4,,,,0,기타,,,,2013-05-30 09:46:35,2001-06-01,92.40,138-834,서울특별시 송파구 방이동 192-4 지상1층,N,0,3230000-101-2001-16446,,3230000,"서울특별시 송파구 위례성대로16길 4-21, 지상1층 (방이동)",05637,01,영업/정상,한식,02-422-3349,,,
주택가주변,,하나숯불생고기,한식,2002-08-13,206980.481155849,445300.930546602,2026-05-06 22:56:03,I,02,폐업,68.25,,,,0,기타,,,,2005-01-14 00:00:00,1999-03-02,68.25,138-862,서울특별시 송파구 잠실동 195-10,N,0,3230000-101-1999-00774,,3230000,,,03,폐업,한식,02-419-7257,,,상수도전용
주택가주변,,소문난식당,일식,1991-05-31,187007.685,446135.935,2026-05-06 22:35:54,I,02,폐업,20.54,,,,1,지도,,,,2001-09-28 00:00:00,1989-07-20,20.54,158-863,서울특별시 양천구 신정동 1148-2,N,1,3140000-101-1989-02883,,3140000,,,03,폐업,일식,02-0603-4938,,,상수도전용
,,김밥나라,분식,2005-10-07,210303.31,443628.355,2026-05-06 22:56:54,I,02,폐업,66,,,,0,,,,,2003-05-07 00:00:00,2003-05-07,66.00,138-804,서울특별시 송파구 가락동 96-13,N,0,3230000-101-2003-00275,,3230000,,,03,폐업,분식,02-406-3694,,,
주택가주변,,태풍수산물직판장,한식,1999-02-25,210971.308440513,443489.645401125,2026-05-06 22:50:46,I,02,폐업,262.3,,,,2,을,,,,2003-06-16 00:00:00,1993-11-25,262.30,138-807,서울특별시 송파구 가락동 124-2,N,2,3230000-101-1993-13808,,3230000,,,03,폐업,한식,02-431-4988,,,상수도전용
,,순이네빈대떡,한식,2016-03-25,188012.804745161,445428.447103333,2026-05-06 22:47:05,I,02,폐업,19.2,,,,,,,,,2011-12-08 11:47:47,2011-12-08,19.20,158-070,서울특별시 양천구 신정동 276 양천아파트상가 119호,N,,3140000-101-2011-00343,,3140000,"서울특별시 양천구 목동로3길 57 (신정동, 양천아파트상가 119호)",08100,03,폐업,한식,02-2648-9797,,,
유흥업소밀집지역,,르네상스,경양식,1998-08-24,209630.559399332,445882.78614088,2026-05-06 22:55:29,I,02,폐업,158.94,,,,,우수,,,,2003-07-11 00:00:00,1997-06-03,158.94,138-827,서울특별시 송파구 방이동 37-2,N,,3230000-101-1997-08348,,3230000,,,03,폐업,경양식,02-417-7951,,,상수도전용
,,그린반찬도시락,한식,2024-04-05,211358.758041198,445248.724359252,2026-05-06 23:02:03,I,02,폐업,8.12,,,,,,,,,2024-04-05 14:04:53,2023-06-15,8.12,138-855,서울특별시 송파구 오금동 11 현대백조아파트,N,,3230000-101-2023-00422,,3230000,"서울특별시 송파구 양재대로72길 17, 현대백조아파트 상가 2동 1층 105호 (오금동)",05652,03,폐업,한식,,,,
주택가주변,,풍년식당,한식,2002-10-21,208832.124625042,444075.615336907,2026-05-06 22:55:53,I,02,폐업,22.72,,,,0,우수,,,,2005-01-31 00:00:00,1999-08-23,22.72,138-845,서울특별시 송파구 석촌동 240-0,N,0,3230000-101-1999-00038,,3230000,,,03,폐업,한식,02-424-5730,,,
,,김밥천국,한식,2013-10-01,208043.196317477,444321.19498286,2026-05-06 22:57:27,I,02,폐업,27.72,,,,,,,,,2009-06-08 12:45:19,2009-06-08,27.72,138-838,서울특별시 송파구 삼전동 64,N,,3230000-101-2009-00258,,3230000,,,03,폐업,한식,02-420-1963,,,
,,탕에이마라 잠실점,중국식,2025-09-18,208106.510001185,444988.080002931,2026-05-06 23:02:17,I,02,폐업,14,,,,,,,,,2025-09-18 10:55:22,2025-05-30,14.00,138-837,서울특별시 송파구 삼전동 22-2 잠실레이크타워,N,,3230000-101-2025-00312,,3230000,"서울특별시 송파구 석촌호수로 140, 잠실레이크타워 지하1층 B02-104호 (삼전동)",05600,03,폐업,중국식,,,,
주택가주변,,감탄떡볶이 목동역점,분식,2022-09-30,187980.799994197,446780.464037958,2026-05-06 22:38:53,I,02,폐업,33.23,,,,1,기타,,,,2022-09-30 09:53:22,1998-04-17,33.23,158-860,서울특별시 양천구 신정동 1007-11 이스타펠리스108호,N,0,3140000-101-1998-05386,,3140000,"서울특별시 양천구 목동로 163 (신정동,이스타펠리스108호)",08023,03,폐업,분식,02-2607-1155,,,상수도전용
,,깐부 치킨,한식,,210669.40746034,443691.603121899,2026-05-06 22:57:15,I,01,영업,110.95,,,,0,,,,,2019-07-26 15:09:18,2006-05-25,110.95,138-803,"서울특별시 송파구 가락동 77-7 N 스위트 102,103",N,0,3230000-101-2006-00263,,3230000,"서울특별시 송파구 송파대로28길 35 (가락동,N 스위트 102,103)",05717,01,영업/정상,한식,02-448-6649,,,
유흥업소밀집지역,,에이프릴,경양식,1994-01-22,209606.089067925,445839.207472842,2026-05-06 22:47:03,I,02,폐업,71.29,,,,1,지도,,,,2003-06-02 00:00:00,1993-07-29,71.29,138-828,서울특별시 송파구 방이동 59,N,1,3230000-101-1986-09789,,3230000,,,03,폐업,경양식,02-0412-2757,,,상수도전용
주택가주변,,도레미치킨,한식,2011-12-08,210919.253515007,442929.663272648,2026-05-06 22:56:01,I,02,폐업,26.14,,,,0,자율,,,,2011-12-12 10:57:15,1999-05-03,26.14,138-825,서울특별시 송파구 문정동 41-13,N,0,3230000-101-1999-00509,,3230000,,,03,폐업,한식,02-409-2498,,,상수도전용
,,덮밥세끼 & 스테이크  삼매경,기타,2025-05-13,209790.959909032,443481.212174317,2026-05-06 23:01:16,I,02,폐업,41.14,,,,,,,,,2025-05-13 15:26:52,2016-11-08,41.14,138-881,서울특별시 송파구 가락동 600,N,,3230000-101-2016-00592,,3230000,"서울특별시 송파구 양재대로 932, B동 지하1층 06-1호 (가락동, 농수산물시장)",05699,03,폐업,기타,,,,
주택가주변,,삼보식당,한식,1995-01-25,211170.826409202,445161.476159198,2026-05-06 22:50:55,I,02,폐업,45,,,,1,기타,,,,2003-06-02 00:00:00,1993-07-23,45.00,138-855,서울특별시 송파구 오금동 18-7 8호,N,0,3230000-101-1993-14274,,3230000,,,03,폐업,한식,02-0000-0000,,,상수도전용
,,(주) 오픈테이블,한식,,208836.192051204,445807.727388799,2026-05-06 23:01:08,I,01,영업,229.8,,,,,,,,,2018-10-19 17:17:20,2015-07-03,229.80,138-934,서울특별시 송파구 신천동 7-18 롯데캐슬 지상2층 201-1호(205호),N,,3230000-101-2015-00311,,3230000,"서울특별시 송파구 올림픽로 269 (신천동, 롯데캐슬 지상2층 201-1호(205호))",05510,01,영업/정상,한식,,,,
기타,,회색등,한식,1991-01-16,187934.622082601,449785.227427003,2026-05-06 22:35:47,I,02,폐업,26.69,,,,1,지도,,,,2001-09-28 00:00:00,1988-12-23,26.69,158-811,서울특별시 양천구 목동 606-15,N,1,3140000-101-1988-00466,,3140000,,,03,폐업,한식,02-0690-9159,,,상수도전용
주택가주변,,백합식당,한식,2005-12-15,185140.324886784,448155.878618104,2026-05-06 22:38:47,I,02,폐업,23.1,,,,0,기타,,,,2002-01-21 00:00:00,1998-06-10,23.10,158-826,서울특별시 양천구 신월동 95-10,N,0,3140000-101-1998-01964,,3140000,,,03,폐업,한식,02-2608-7418,,,상수도전용
,,한잔어때,호프/통닭,2006-05-09,209203.355,444223.02,2026-05-06 22:56:54,I,02,폐업,30,,,,0,,,,,2003-04-30 00:00:00,2003-04-30,30.00,138-190,"서울특별시 송파구 석촌동 255-1 ,2",N,0,3230000-101-2003-00261,,3230000,,,03,폐업,호프/통닭,02-416-0398,,,
,,그리스인조르바,한식,2024-04-23,207424.244744865,445108.084720836,2026-05-06 23:01:16,I,02,폐업,47,,,,,,,,,2024-05-01 14:11:59,2016-10-04,47.00,138-863,서울특별시 송파구 잠실동 212-41,N,,3230000-101-2016-00504,,3230000,"서울특별시 송파구 석촌호수로12길 17-23, 101호 (잠실동)",05564,03,폐업,한식,,,,
,,더 빛 남,"외국음식전문점(인도,태국등)",,209726.884002074,445333.11700143,2026-05-06 23:01:46,I,01,영업,33.13,,,,,,,,,2021-05-06 12:57:32,2021-05-06,33.13,138-849,서울특별시 송파구 송파동 50-9,N,,3230000-101-2021-00344,,3230000,"서울특별시 송파구 오금로18길 5, 1층 104호 (송파동)",05620,01,영업/정상,"외국음식전문점(인도,태국등)",,,,
주택가주변,,홍익멧돼지구이전문점,한식,2001-10-23,209545.693124209,444483.312782589,2026-05-06 22:55:08,I,02,폐업,62.1,,,,1,을,,,,2005-02-11 00:00:00,1996-04-27,62.10,138-847,서울특별시 송파구 석촌동 293-8,N,1,3230000-101-1996-11240,,3230000,,,03,폐업,한식,02-415-4270,,,상수도전용
기타,,솔잎향 솔내음,분식,2002-01-25,211358.758041198,445248.724359252,2026-05-06 22:56:37,I,02,폐업,29.7,,,,,기타,,,,2003-07-25 00:00:00,2001-04-16,29.70,138-855,서울특별시 송파구 오금동 11-0 (현대백조A102동상가1층105호),N,,3230000-101-2001-16287,,3230000,,,03,폐업,분식,02-400-5451,,,
,,"대홍양꼬치,양갈비 무한리필",중국식,,207219.180015014,445268.333060986,2026-05-06 23:02:17,I,01,영업,112.64,,,,,,,,,2026-03-18 15:35:59,2025-06-11,112.64,138-862,서울특별시 송파구 잠실동 203,Y,,3230000-101-2025-00337,,3230000,"서울특별시 송파구 백제고분로9길 30, 2층 (잠실동)",05563,01,영업/정상,중국식,,,,
주택가주변,,나의남편은나무꾼,한식,2014-10-20,212238.363650117,443555.810588288,2026-05-06 22:54:58,I,02,폐업,155.19,,,,1,기타,,,,2013-12-20 15:38:43,1996-03-22,155.19,138-110,서울특별시 송파구 거여동 산 21-5,N,1,3230000-101-1996-08502,,3230000,서울특별시 송파구 오금로 487 (거여동),05744,03,폐업,한식,02-401-5764,,,상수도전용
아파트지역,,고전식당,분식,2005-01-31,,,2026-05-06 22:47:01,I,02,폐업,35.89,,,,1,지도,,,,2004-05-03 00:00:00,1986-05-08,35.89,138-871,서울특별시 송파구 장지동 210-7,N,3,3230000-101-1986-05836,,3230000,,,03,폐업,분식,02-400-0019,,,상수도전용
주택가주변,,형제반점,중국식,2002-12-27,212712.449668921,444040.649441659,2026-05-06 22:49:54,I,02,폐업,56.96,,,,0,을,,,,2003-06-20 00:00:00,1992-01-15,56.96,138-813,서울특별시 송파구 거여동 128-3,N,0,3230000-101-1992-10285,,3230000,,,03,폐업,중국식,02-430-4628,,,상수도전용
,,이여사나무김밥 법조타운점,기타,2023-03-15,,,2026-05-06 23:01:32,I,02,폐업,43.74,,,,,,,,,2023-03-15 17:42:29,2018-12-17,43.74,138-888,서울특별시 송파구 문정동 651 문정역테라타워,N,,3230000-101-2018-00859,,3230000,"서울특별시 송파구 송파대로 167, 문정역테라타워 A동 G172호 (문정동)",05855,03,폐업,기타,,,,
,,뽀뚜루까아저씨,한식,2016-08-05,185143.375565775,445610.277402204,2026-05-06 22:47:12,I,02,폐업,160.4,,,,,,,,,2016-08-05 11:02:21,2012-09-25,160.40,158-070,"서울특별시 양천구 신정동 1320-4 이펜하우스타워4층402호일부,403호",N,,3140000-101-2012-00245,,3140000,"서울특별시 양천구 신정이펜2로 12 (신정동, 이펜하우스타워4층402호일부,403호)",08049,03,폐업,한식,,,,
주택가주변,,춘천닭갈비,분식,1996-01-31,185073.038564271,448301.9046046,2026-05-06 22:37:32,I,02,폐업,24.63,,,,1,기타,,,,2001-09-28 00:00:00,1995-04-01,24.63,158-825,서울특별시 양천구 신월동 82-28,N,0,3140000-101-1995-04459,,3140000,,,03,폐업,분식,02-608-2225,,,상수도전용
,,양평으뜸해장국,한식,2006-06-07,210667.042877211,448008.234907426,2026-05-06 22:56:53,I,02,폐업,66,,,,0,,,,,2003-03-06 00:00:00,2003-03-06,66.00,138-873,서울특별시 송파구 풍납동 491-5,N,0,3230000-101-2003-00106,,3230000,,,03,폐업,한식,02-473-3307,,,
주택가주변,,거부정,한식,2007-04-03,187700.669454473,446513.4690809,2026-05-06 22:39:16,I,02,폐업,216.53,,,,3,기타,,,,2002-01-26 00:00:00,1999-08-14,216.53,158-861,서울특별시 양천구 신정동 1015-3 A동,N,2,3140000-101-1999-07076,,3140000,,,03,폐업,한식,02-2644-6300,,,상수도전용
주택가주변,,멕시칸호프치킨,분식,1996-08-23,209960.669881595,444566.344556444,2026-05-06 22:49:41,I,02,폐업,27.55,,,,0,기타,,,,2003-06-24 00:00:00,1992-06-27,27.55,138-854,서울특별시 송파구 송파동 103-29,N,0,3230000-101-1992-06435,,3230000,,,03,폐업,분식,02-420-9993,,,상수도전용
주택가주변,,화이팅,호프/통닭,2008-07-03,187262.902073377,446676.705051822,2026-05-06 22:39:31,I,02,폐업,24.96,,,,1,기타,,,,2008-03-21 13:19:09,1999-10-19,24.96,158-860,서울특별시 양천구 신정동 979-26,N,0,3140000-101-1999-07239,,3140000,,,03,폐업,호프/통닭,02-2696-7399,,,상수도전용
주택가주변,,온달곱창,한식,1999-01-07,,,2026-05-06 22:52:18,I,02,폐업,24.4,,,,0,기타,,,,2003-06-18 00:00:00,1994-02-28,24.40,138-200,서울특별시 송파구 문정동 산 45-0,N,1,3230000-101-1994-13557,,3230000,,,03,폐업,한식,02-0409-1921,,,상수도전용
,,스시요비,일식,2018-10-22,208589.363343145,445455.90405262,2026-05-06 22:57:20,I,02,폐업,22.44,,,,,,,,,2018-10-22 08:56:54,2007-07-25,22.44,138-220,서울특별시 송파구 잠실동 40-1 롯데마트지하1층,N,,3230000-101-2007-00279,,3230000,"서울특별시 송파구 올림픽로 240 (잠실동,롯데마트지하1층)",05554,03,폐업,일식,02-318-1980,,,
주택가주변,,뜨락레스토랑,경양식,1993-04-07,186994.628569316,446376.122572973,2026-05-06 22:36:00,I,02,폐업,116.87,,,,2,지도,,,,2001-09-28 00:00:00,1990-03-30,116.87,158-070,서울특별시 양천구 신정동 1032-5,N,1,3140000-101-1990-02477,,3140000,,,03,폐업,경양식,02-0000-0000,,,상수도전용
아파트지역,,왕왕왕드리,한식,2005-07-26,211693.533732298,443017.776711204,2026-05-06 22:55:50,I,02,폐업,28.9,,,,1,우수,,,,2004-10-18 00:00:00,1998-06-29,28.90,138-200,서울특별시 송파구 문정동 128-8,N,0,3230000-101-1998-10617,,3230000,,,03,폐업,한식,02-449-3927,,,상수도전용
기타,,야리생,분식,2002-02-18,210233.893912676,447923.921905555,2026-05-06 22:56:38,I,02,폐업,26.4,,,,,기타,,,,2003-07-25 00:00:00,2001-05-22,26.40,138-874,서울특별시 송파구 풍납동 222-12,N,,3230000-101-2001-16399,,3230000,,,03,폐업,분식,02-471-0537,,,
,,벙커푸드(bunker food),한식,2023-10-27,211071.2,445386.055,2026-05-06 23:01:23,I,02,폐업,22,,,,,,,,,2023-10-27 15:40:00,2017-11-16,22.00,138-834,서울특별시 송파구 방이동 186-8,N,,3230000-101-2017-00839,,3230000,"서울특별시 송파구 양재대로71길 8, 지하1층 (방이동)",05638,03,폐업,한식,,,,
,,진1926 문정,기타,2024-04-15,,,2026-05-06 23:01:14,I,02,폐업,38.61,,,,,,,,,2024-04-15 12:01:32,2016-05-24,38.61,138-888,서울특별시 송파구 문정동 644-2 문정현대지식산업센터1-2,N,,3230000-101-2016-00249,,3230000,"서울특별시 송파구 법원로11길 7, 문정현대지식산업센터1-2 C동 1층 107호 (문정동)",05836,03,폐업,기타,,,,
주택가주변,,칼모아족발,한식,2001-04-12,207485.930431547,445169.956942188,2026-05-06 22:56:34,I,02,폐업,16.5,,,,0,자율,,,,2003-07-24 00:00:00,2000-12-16,16.50,138-863,서울특별시 송파구 잠실동 211-38,N,0,3230000-101-2000-15965,,3230000,,,03,폐업,한식,02-425-2021,,,
,,파크호프,호프/통닭,2004-07-09,209866.032154211,446442.771540314,2026-05-06 22:56:55,I,02,폐업,26.4,,,,0,,,,,2003-12-04 00:00:00,2003-06-05,26.40,138-240,서울특별시 송파구 신천동 20-5 시영3단지새상가1층108호,N,0,3230000-101-2003-00363,,3230000,,,03,폐업,호프/통닭,02-424-8422,,,
,,장터해장국,한식,2006-07-27,188868.78715669,449386.014108408,2026-05-06 22:44:07,I,02,폐업,65,,,,0,,,,,2005-11-28 00:00:00,2003-10-22,65.00,158-808,서울특별시 양천구 목동 514-18,N,0,3140000-101-2003-00544,,3140000,,,03,폐업,한식,26453387,,,상수도전용
,,찜맛탱 김치찜전문점 송파점,한식,,210668.242090819,444097.396267303,2026-05-06 23:02:14,I,01,영업,16,,,,,,,,,2025-01-09 15:58:25,2025-01-09,16.00,138-801,서울특별시 송파구 가락동 46-6 동호빌딩,N,,3230000-101-2025-00025,,3230000,"서울특별시 송파구 오금로34길 59, 동호빌딩 1층 (가락동)",05706,01,영업/정상,한식,,,,
,,프루타미나,경양식,2009-06-08,187824.182879804,447243.954778192,2026-05-06 22:45:03,I,02,폐업,59.4,,,,0,,,,,2007-05-28 00:00:00,2007-05-28,59.40,158-856,서울특별시 양천구 신정동 890-23 2층 (로데오2길 4),N,0,3140000-101-2007-00180,,3140000,,,03,폐업,경양식,02-2699-7752,,,
,,아리랑 양꼬치,한식,2013-04-26,209757.879105879,444410.804360399,2026-05-06 22:57:03,I,02,폐업,85.8,,,,0,,,,,2012-08-07 09:35:41,2004-11-19,85.80,138-854,서울특별시 송파구 송파동 97-11 지하1층,N,0,3230000-101-2004-00674,,3230000,"서울특별시 송파구 가락로18길 4-1, 지하1층 (송파동)",05676,03,폐업,한식,02-419-9355,,,
유흥업소밀집지역,,화포식당,한식,,210402.514701363,443635.306871338,2026-05-06 22:55:54,I,01,영업,149,,,,0,자율,,,,2019-06-11 13:47:09,1999-07-02,149.00,138-804,서울특별시 송파구 가락동 97-8 이연파레스 106호,N,0,3230000-101-1999-00227,,3230000,"서울특별시 송파구 송파대로30길 11, 106호 (가락동, 이연파레스)",05711,01,영업/정상,한식,02-431-3810,,,상수도전용
,,몬스터 포장마차,한식,2026-02-02,209087.122362019,446139.152554604,2026-05-06 23:01:55,I,02,폐업,45.65,,,,,,,,,2026-02-02 17:20:07,2022-06-03,45.65,138-934,서울특별시 송파구 신천동 11-4 잠실 푸르지오 월드마크,N,,3230000-101-2022-00351,,3230000,"서울특별시 송파구 올림픽로35가길 9, 1층 137호 (신천동, 잠실 푸르지오 월드마크)",05510,03,폐업,한식,,,,
주택가주변,,봉화식당,한식,2001-04-11,210739.339577634,444120.26239402,2026-05-06 22:48:42,I,02,폐업,50.33,,,,1,지도,,,,2003-06-30 00:00:00,1990-05-28,50.33,138-801,서울특별시 송파구 가락동 46-15,N,2,3230000-101-1990-12150,,3230000,,,03,폐업,한식,,,,상수도전용
기타,,풍납김가네곱창,한식,2002-06-07,210268.615737533,448437.083161462,2026-05-06 22:56:43,I,02,폐업,16.5,,,,,기타,,,,2003-07-24 00:00:00,2001-10-16,16.50,138-872,서울특별시 송파구 풍납동 123-34,N,,3230000-101-2001-16881,,3230000,,,03,폐업,한식,,,,
기타,,계경목장,분식,1999-04-21,186324.124478828,446777.841817288,2026-05-06 22:38:38,I,02,폐업,31.27,,,,0,기타,,,,2001-09-28 00:00:00,1997-03-05,31.27,158-838,서울특별시 양천구 신월동 492-22,N,0,3140000-101-1997-05086,,3140000,,,03,폐업,분식,,,,상수도전용
,,후치,기타,2017-02-22,207161.95491469,445349.964956819,2026-05-06 22:57:38,I,02,폐업,165,,,,,,,,,2017-03-06 16:02:21,2011-08-24,165.00,138-861,서울특별시 송파구 잠실동 190-1 지상2층,N,,3230000-101-2011-00394,,3230000,"서울특별시 송파구 백제고분로7길 24-7 (잠실동,지상2층)",05560,03,폐업,기타,,,,
,,신사,기타,2024-03-31,208589.363343145,445455.90405262,2026-05-06 23:02:08,I,02,폐업,0,,,,,,,,,2024-04-01 04:15:06,2024-03-05,,138-721,서울특별시 송파구 잠실동 40-1 롯데월드,N,,3230000-101-2024-00148,,3230000,"서울특별시 송파구 올림픽로 240, 롯데월드 지하1층 (잠실동)",05554,03,폐업,기타,,,,
,,해신꼬치,기타,2025-08-31,210986.460698452,441725.293491662,2026-05-06 23:02:18,I,02,폐업,0,,,,,,,,,2025-09-01 04:15:09,2025-08-13,,138-960,서울특별시 송파구 문정동 634 가든파이브라이프,N,,3230000-101-2025-00484,,3230000,"서울특별시 송파구 충민로 66, 현대시티몰 가든파이브 테크노관 지하1층 (문정동)",05838,03,폐업,기타,,,,
주택가주변,,블루,경양식,2003-09-01,185083.345113876,447764.883884804,2026-05-06 22:36:31,I,02,폐업,175.86,,,,1,기타,,,,2002-01-09 00:00:00,1992-12-17,175.86,158-828,서울특별시 양천구 신월동 132-1,N,3,3140000-101-1992-02512,,3140000,,,03,폐업,경양식,02-2697-7776,,,상수도전용
주택가주변,,칸츄리꼬꼬,호프/통닭,2004-10-13,185446.600919421,447325.426817467,2026-05-06 22:38:54,I,02,폐업,17.92,,,,0,기타,,,,2002-01-21 00:00:00,1998-04-17,17.92,158-831,서울특별시 양천구 신월동 231-14,N,0,3140000-101-1998-05389,,3140000,,,03,폐업,호프/통닭,02-691-6682,,,상수도전용
주택가주변,,김밥나라,한식,2001-05-29,210134.038897011,445114.984018171,2026-05-06 22:54:49,I,02,폐업,30.34,,,,,기타,,,,2005-02-03 00:00:00,1996-08-13,30.34,138-852,서울특별시 송파구 송파동 142-2,N,,3230000-101-1996-04772,,3230000,,,03,폐업,한식,02-419-4532,,,상수도전용
,,올더플레이트 잠실,경양식,2022-05-02,209533.240491652,445325.66308671,2026-05-06 23:01:37,I,02,폐업,33.5,,,,,,,,,2022-05-02 13:17:14,2019-11-15,33.50,138-849,서울특별시 송파구 송파동 38-3,N,,3230000-101-2019-00861,,3230000,"서울특별시 송파구 백제고분로45길 25, 1층 (송파동)",05622,03,폐업,경양식,,,,
,,샘,호프/통닭,2023-12-27,188494.598982992,447318.660520705,2026-05-06 22:47:21,I,02,폐업,30.8,,,,,,,,,2023-12-27 10:45:18,2013-06-13,30.80,158-050,서울특별시 양천구 목동 923 지하1층 114호,N,,3140000-101-2013-00155,,3140000,"서울특별시 양천구 목동서로 213, 지하1층 114호 (목동)",07995,03,폐업,호프/통닭,,,,
,,탱글이분식,분식,2010-05-26,210180.497848928,447878.294036196,2026-05-06 22:57:00,I,02,폐업,19.8,,,,0,,,,,2006-03-08 00:00:00,2004-03-30,19.80,138-874,서울특별시 송파구 풍납동 227-1,N,0,3230000-101-2004-00180,,3230000,,,03,폐업,분식,02-488-7429,,,상수도전용
,,1992 덮밥&짜글이 오금역점,한식,2023-12-28,211096.896411082,444301.649058399,2026-05-06 23:01:58,I,02,폐업,26.44,,,,,,,,,2023-12-28 15:16:27,2022-09-21,26.44,138-800,서울특별시 송파구 가락동 13-9,N,,3230000-101-2022-00630,,3230000,"서울특별시 송파구 송이로17길 54-28, 1층 2호 (가락동)",05702,03,폐업,한식,,,,
,,원숙쭈삼불고기,한식,2010-01-04,185726.027714312,446567.074878536,2026-05-06 22:44:32,I,02,폐업,27.08,,,,0,,,,,2009-09-28 15:59:18,2004-12-17,27.08,158-839,서울특별시 양천구 신월동 520-1,N,0,3140000-101-2004-00534,,3140000,,,03,폐업,한식,02-2605-7550,,,상수도전용
,,앙카라지오,기타,2019-07-22,210986.460698452,441725.293491662,2026-05-06 23:00:43,I,02,폐업,98.6,,,,,,,,,2019-07-22 14:34:02,2014-05-23,98.60,138-960,서울특별시 송파구 문정동 634 가든파이브라이프 패션관 10층,N,,3230000-101-2014-00278,,3230000,"서울특별시 송파구 충민로 66, 10층 (문정동, 가든파이브라이프 패션관)",05838,03,폐업,기타,02-2157-2177,,,
주택가주변,,OB,분식,1993-12-03,186007.325165047,446812.211852759,2026-05-06 22:36:37,I,02,폐업,80.63,,,,0,기타,,,,2001-09-28 00:00:00,1992-01-18,80.63,158-834,서울특별시 양천구 신월동 445-1,N,0,3140000-101-1992-04063,,3140000,,,03,폐업,분식,02-0652-9969,,,상수도전용
,,장모님본가,한식,2017-09-26,185331.091148425,448139.330154542,2026-05-06 22:47:07,I,02,폐업,62.37,,,,,,,,,2017-09-26 10:45:56,2012-03-05,62.37,158-827,서울특별시 양천구 신월동 104-28 1층,N,,3140000-101-2012-00034,,3140000,"서울특별시 양천구 월정로 189 (신월동, 1층)",07918,03,폐업,한식,02-2604-5262,,,
,,연화동 갈비김치찜,한식,,,,2026-05-06 23:01:46,I,01,영업,73.61,,,,,,,,,2026-03-25 12:11:52,2021-04-29,73.61,138-888,서울특별시 송파구 문정동 639-5 힐스테이트에코송파,N,,3230000-101-2021-00328,,3230000,"서울특별시 송파구 정의로7길 13, 힐스테이트에코송파 1층 123호 (문정동)",05835,01,영업/정상,한식,,,,
,,호프랑소주랑,호프/통닭,2008-03-21,185550.158756605,447620.610029228,2026-05-06 22:43:45,I,02,폐업,29.7,,,,0,,,,,2002-11-29 00:00:00,2002-11-29,29.70,158-827,서울특별시 양천구 신월동 116-21,N,0,3140000-101-2002-00641,,3140000,,,03,폐업,호프/통닭,,,,
,,커피 언리미티드,기타,2017-02-22,212227.350025028,443814.126657098,2026-05-06 22:57:34,I,02,폐업,17,,,,,,,,,2017-03-03 09:03:18,2010-10-19,17.00,138-860,서울특별시 송파구 오금동 160 삼성아파트 상가 1층 110호,N,,3230000-101-2010-00506,,3230000,"서울특별시 송파구 문정로 195 (오금동, 삼성아파트 상가  1층 110호 )",05742,03,폐업,기타,,,,
주택가주변,,두호모듬잔치,한식,1999-01-07,,,2026-05-06 22:52:50,I,02,폐업,11.55,,,,1,기타,,,,2004-06-08 00:00:00,1995-09-16,11.55,138-200,서울특별시 송파구 문정동 산 10-9,N,0,3230000-101-1995-03710,,3230000,,,03,폐업,한식,02-449-2066,,,상수도전용
주택가주변,,동경호프,경양식,1994-06-07,209430.00864897,444312.897186816,2026-05-06 22:49:48,I,02,폐업,139.33,,,,0,기타,,,,2002-09-04 00:00:00,1992-08-26,139.33,138-846,서울특별시 송파구 석촌동 276-3,N,0,3230000-101-1992-08924,,3230000,,,03,폐업,경양식,02-0416-8787,,,상수도전용
주택가주변,,코아,호프/통닭,2003-06-07,207976.452861889,444879.244866005,2026-05-06 22:53:08,I,02,폐업,28.8,,,,0,을,,,,2003-07-03 00:00:00,1995-01-27,28.80,138-837,서울특별시 송파구 삼전동 15-5 (1층),N,0,3230000-101-1995-05329,,3230000,,,03,폐업,호프/통닭,02-412-7764,,,상수도전용
,,꼬치친구,기타,2007-03-12,186953.199757922,446282.381840537,2026-05-06 22:44:39,I,02,폐업,24.31,,,,0,,,,,2005-12-22 00:00:00,2005-06-28,24.31,158-864,서울특별시 양천구 신정동 1182-2 1층,N,0,3140000-101-2005-00235,,3140000,,,03,폐업,기타,,,,상수도전용
,,대박집,한식,,208533.671280841,444617.637266329,2026-05-06 22:57:26,I,01,영업,113.61,,,,,,,,,2017-11-24 15:17:39,2009-03-06,113.61,138-842,서울특별시 송파구 석촌동 10-7 (1층),N,,3230000-101-2009-00075,,3230000,"서울특별시 송파구 삼학사로 72 (석촌동,(1층))",05613,01,영업/정상,한식,,,,
,,빠리마차,정종/대포집/소주방,2009-09-09,189311.02246611,448276.142483848,2026-05-06 22:45:31,I,02,폐업,39,,,,,,,,,2009-06-26 13:27:36,2008-10-06,39.00,158-877,서울특별시 양천구 목동 907-10 현대파리지앙 1층 122호(목동서로 57),N,,3140000-101-2008-09185,,3140000,,,03,폐업,정종/대포집/소주방,02-2655-2995,,,상수도전용
주택가주변,,잠실횟집,일식,2001-07-20,207422.418185316,445187.211575298,2026-05-06 22:56:03,I,02,폐업,41.2,,,,0,우수,,,,2003-07-21 00:00:00,1999-03-17,41.20,138-863,서울특별시 송파구 잠실동 212-59,N,0,3230000-101-1999-00715,,3230000,,,03,폐업,일식,02-418-7192,,,상수도전용
주택가주변,,청보석,중국식,1998-03-25,188138.798885222,448601.880673772,2026-05-06 22:37:45,I,02,폐업,63.59,,,,1,기타,,,,2001-09-28 00:00:00,1996-06-21,63.59,158-813,서울특별시 양천구 목동 717-12,N,2,3140000-101-1996-02241,,3140000,,,03,폐업,중국식,02-643-7989,,,상수도전용
,,"미담(味,담)",기타,2022-06-13,187972.967744922,449559.829121606,2026-05-06 22:50:36,I,02,폐업,35.31,,,,,,,,,2022-10-08 09:39:02,2020-10-28,35.31,158-811,서울특별시 양천구 목동 616-12 1층,N,,3140000-101-2020-00308,,3140000,"서울특별시 양천구 목동중앙북로4길 5, 1층 (목동)",07950,03,폐업,기타,,,,
,,청년다방 목동파리공원점,중국식,,189280.689807363,448186.345367659,2026-05-06 22:50:49,I,01,영업,40.76,,,,,,,,,2024-10-08 11:21:27,2021-12-23,40.76,158-877,서울특별시 양천구 목동 907-14 벽산미라지타워,N,,3140000-101-2021-00381,,3140000,"서울특별시 양천구 목동동로 385, 1층 105,106호 (목동, 벽산미라지타워)",07983,01,영업/정상,중국식,,,,
주택가주변,,성지식당,한식,2010-11-24,210177.817438783,444193.880198614,2026-05-06 22:53:09,I,02,폐업,25.9,,,,1,기타,,,,2004-06-01 00:00:00,1995-01-04,25.90,138-854,서울특별시 송파구 송파동 183-9,N,0,3230000-101-1995-05341,,3230000,,,03,폐업,한식,02-425-3930,,,상수도전용
주택가주변,,송파철판구이,분식,2002-10-18,209490.167721568,445352.630331812,2026-05-06 22:55:43,I,02,폐업,29.31,,,,,우수,,,,2003-07-15 00:00:00,1998-04-21,29.31,138-849,서울특별시 송파구 송파동 37-11,N,,3230000-101-1998-04081,,3230000,,,03,폐업,분식,02-420-1212,,,상수도전용
주택가주변,,초계탕,한식,1998-06-24,212877.140294641,444042.378453313,2026-05-06 22:55:14,I,02,폐업,72.69,,,,2,우수,,,,2005-02-11 00:00:00,1996-05-02,72.69,138-818,서울특별시 송파구 마천동 35-1,N,1,3230000-101-1996-15368,,3230000,,,03,폐업,한식,02-448-4670,,,상수도전용
,,푸드코트나인,기타,2019-11-07,,,2026-05-06 23:01:30,I,02,폐업,12,,,,,,,,,2019-11-07 18:03:52,2018-09-10,12.00,138-888,서울특별시 송파구 문정동 652-5 문정아이파크,N,,3230000-101-2018-00622,,3230000,"서울특별시 송파구 법원로4길 6, 문정아이파크 지하1층 B102호 (문정동)",05855,03,폐업,기타,070-4693-6960,,,
,,카페웰,까페,2013-06-11,210780.126180232,441730.920486073,2026-05-06 22:57:41,I,02,폐업,47.68,,,,,,,,,2011-12-30 17:49:06,2011-12-30,47.68,138-960,서울특별시 송파구 문정동 289 가든파이브 BF1024호,N,,3230000-101-2011-00635,,3230000,"서울특별시 송파구 충민로 52, 지하1층 BF1024호 (문정동)",05839,03,폐업,까페,,,,
주택가주변,,황금닭곰탕,한식,2013-01-28,185939.028361099,446259.024798671,2026-05-06 22:35:58,I,02,폐업,23.01,,,,2,지도,,,,2012-04-30 11:49:40,1990-02-16,23.01,158-840,서울특별시 양천구 신월동 544-8 1층,N,0,3140000-101-1990-00443,,3140000,"서울특별시 양천구 신월로13길 2 (신월동, 1층)",08031,03,폐업,한식,02-2605-0959,,,상수도전용
,,베베르,한식,2024-08-24,210435.559327576,448372.241019008,2026-05-06 23:02:11,I,02,폐업,0,,,,,,,,,2024-08-25 04:15:08,2024-08-23,,138-872,서울특별시 송파구 풍납동 141-39,N,,3230000-101-2024-00660,,3230000,"서울특별시 송파구 바람드리12길 3, 풍납시장 주차장 (풍납동)",05518,03,폐업,한식,,,,
,,홍대돈부리,한식,2023-06-28,188895.844080632,447480.979609884,2026-05-06 22:47:15,I,02,폐업,50.49,,,,,,,,,2023-06-28 11:09:46,2013-03-07,50.49,158-761,서울특별시 양천구 목동 917 목동파라곤 지하 1층 120호,N,,3140000-101-2013-00050,,3140000,"서울특별시 양천구 목동서로 155, 목동파라곤 지하 1층 120호 (목동)",07997,03,폐업,한식,02-6123-9808,,,
기타,,바다수산,횟집,2014-05-14,184693.78,448239.230000001,2026-05-06 22:40:07,I,02,폐업,23,,,,0,자율,,,,2009-03-03 16:27:58,2000-01-27,23.00,158-823,서울특별시 양천구 신월동 49-8,N,0,3140000-101-2000-07582,,3140000,서울특별시 양천구 남부순환로 344 (신월동),07909,03,폐업,횟집,02-2602-3977,,,상수도전용
,,둘이네,통닭(치킨),2014-02-25,207338.771308175,445069.050730362,2026-05-06 22:56:57,I,02,폐업,48.96,,,,0,,,,,2010-02-22 13:03:48,2003-10-30,48.96,138-863,서울특별시 송파구 잠실동 213-12,N,0,3230000-101-2003-00696,,3230000,서울특별시 송파구 올림픽로12길 41-2 (잠실동),05564,03,폐업,통닭(치킨),02-3432-4131,,,
주택가주변,,정진옥식당,한식,2011-12-15,,,2026-05-06 22:52:00,I,02,폐업,119.19,,,,2,갑,,,,2011-12-15 10:16:22,1994-04-27,119.19,138-814,서울특별시 송파구 거여동 34-2,N,1,3230000-101-1994-13329,,3230000,,,03,폐업,한식,02-415-5147,,,상수도전용
,,싱싱낙지,한식,2015-09-21,188841.553358333,449381.980698465,2026-05-06 22:47:59,I,02,폐업,29.65,,,,,,,,,2014-04-15 14:59:13,2014-04-15,29.65,158-808,서울특별시 양천구 목동 514-5 1층,N,,3140000-101-2014-00095,,3140000,"서울특별시 양천구 공항대로 628, 1층 (목동)",,03,폐업,한식,,,,
,,비어스카이,호프/통닭,2007-01-17,184699.032028979,448068.539006938,2026-05-06 22:43:18,I,02,폐업,59.4,,,,0,,,,,2002-06-22 00:00:00,2002-06-22,59.40,158-829,서울특별시 양천구 신월동 159-49 1층,N,0,3140000-101-2002-00337,,3140000,,,03,폐업,호프/통닭,02-2608-3120,,,
기타,,하늘정원,경양식,2013-12-16,207251.915942732,446426.824609012,2026-05-06 22:47:15,I,02,폐업,605.3,,,,0,기타,,,,2011-12-28 14:49:15,1994-04-11,605.30,138-889,서울특별시 송파구 잠실동 1-2 누에나루2층,N,0,3230000-101-1988-09621,,3230000,,,03,폐업,경양식,02-416-8611,,,상수도전용
,,마이웨이라이브,기타,,211949.644617801,443826.623403104,2026-05-06 23:01:32,I,01,영업,64.8,,,,,,,,,2026-04-24 10:45:34,2018-12-21,64.80,138-811,서울특별시 송파구 가락동 174-18,N,,3230000-101-2018-00867,,3230000,서울특별시 송파구 오금로46길 8-1 (가락동),05769,01,영업/정상,기타,,,,
,,행운정식당,한식,2014-09-24,187298.22512353,447210.153696329,2026-05-06 22:45:50,I,02,폐업,26.4,,,,,,,,,2014-09-24 10:43:25,2009-11-06,26.40,158-857,서울특별시 양천구 신정동 912-7 1층,N,,3140000-101-2009-08264,,3140000,"서울특별시 양천구 신정중앙로 48 (신정동, 1층)",07944,03,폐업,한식,02-2065-3999,,,
주택가주변,,오꾸동구이마차,한식,2006-01-06,209588.877484891,444335.22372979,2026-05-06 22:55:20,I,02,폐업,35.7,,,,0,우수,,,,2004-09-23 00:00:00,1997-09-04,35.70,138-847,서울특별시 송파구 석촌동 297-2,N,0,3230000-101-1997-04312,,3230000,,,03,폐업,한식,02-416-9478,,,상수도전용
,,뻔뻔 석쇠포차,호프/통닭,2019-03-21,209493.354333878,444297.591977308,2026-05-06 23:00:54,I,02,폐업,42.95,,,,,,,,,2019-03-22 13:36:55,2014-08-20,42.95,138-846,서울특별시 송파구 석촌동 275-11 지상1층,N,,3230000-101-2014-00450,,3230000,"서울특별시 송파구 가락로16길 2-7, 지상1층 (석촌동)",05696,03,폐업,호프/통닭,,,,
,,주양돈까스 (마천역점),경양식,,213322.46978645,443597.963276271,2026-05-06 23:01:38,I,01,영업,75.09,,,,,,,,,2025-09-02 15:02:28,2019-12-12,75.09,138-821,서울특별시 송파구 마천동 307-22,N,,3230000-101-2019-00919,,3230000,"서울특별시 송파구 마천로 325, 1층 102호 (마천동)",05758,01,영업/정상,경양식,02-402-2101,,,
주택가주변,,우연식당,한식,1994-09-28,187705.010552746,447178.1091186,2026-05-06 22:35:39,I,02,폐업,20.15,,,,1,지도,,,,2001-09-28 00:00:00,1986-08-09,20.15,158-856,서울특별시 양천구 신정동 887-13,N,1,3140000-101-1986-01186,,3140000,,,03,폐업,한식,02-0694-9901,,,상수도전용
아파트지역,,국빈관,중국식,2012-02-09,189749.776358917,448050.161097073,2026-05-06 22:35:39,I,02,폐업,25.55,,,,2,지도,,,,2007-04-27 00:00:00,1986-11-10,25.55,158-879,서울특별시 양천구 목동 911 목동 상가 206호,N,2,3140000-101-1986-02177,,3140000,,,03,폐업,중국식,02-0647-0045,,,상수도전용
주택가주변,,버드나무집,분식,1997-05-17,185098.353785,448628.063239438,2026-05-06 22:36:54,I,02,폐업,54.67,,,,2,기타,,,,2001-09-28 00:00:00,1993-05-29,54.67,158-822,서울특별시 양천구 신월동 24-7,N,0,3140000-101-1993-03693,,3140000,,,03,폐업,분식,02-690-3585,,,상수도전용
기타,,진미포차,분식,2025-05-16,211816.017858218,443941.396213714,2026-05-06 22:56:16,I,02,폐업,20.58,,,,0,기타,,,,2025-05-20 17:52:45,1999-11-04,20.58,138-160,"서울특별시 송파구 가락동 171-0 ,13",N,0,3230000-101-1999-14573,,3230000,"서울특별시 송파구 오금로44가길 13 (가락동,,13)",05769,03,폐업,분식,02-449-1700,,,상수도전용
기타,,사바사바치킨,호프/통닭,2015-09-10,209936.360303011,444594.01101688,2026-05-06 22:56:31,I,02,폐업,92.4,,,,0,기타,,,,2010-11-22 12:12:19,2000-08-24,92.40,138-850,서울특별시 송파구 송파동 104-10,N,0,3230000-101-2000-15612,,3230000,서울특별시 송파구 가락로 159 (송파동),05669,03,폐업,호프/통닭,02-485-6455,,,
,,을밀대,한식,,209544.912507864,445627.060553871,2026-05-06 23:01:18,I,01,영업,229.36,,,,,,,,,2018-11-02 17:12:19,2017-03-13,229.36,138-829,서울특별시 송파구 방이동 67-5,N,,3230000-101-2017-00172,,3230000,"서울특별시 송파구 오금로15길 7-13, 지상1층 (방이동)",05548,01,영업/정상,한식,02-3432-5233,,,
,,김치한끼,한식,,187244.552928692,446626.599997855,2026-05-06 22:51:40,I,01,영업,90,,,,,,,,,2024-05-24 11:02:59,2024-05-24,90.00,158-860,서울특별시 양천구 신정동 977-16,N,,3140000-101-2024-00164,,3140000,서울특별시 양천구 신월로 321 (신정동),08027,01,영업/정상,한식,,,,
,,태산회전훠궈,중국식,,209550.894135301,445815.81193271,2026-05-06 23:01:30,I,01,영업,228.41,,,,,,,,,2025-09-09 15:40:00,2018-09-13,228.41,138-828,서울특별시 송파구 방이동 64-1 동성빌딩,Y,,3230000-101-2018-00629,,3230000,"서울특별시 송파구 오금로11길 14, 동성빌딩 2층 201호 (방이동)",05548,01,영업/정상,중국식,,,,
주택가주변,,힐탑,한식,1998-08-19,207815.181028902,444601.691964731,2026-05-06 22:55:51,I,02,폐업,136.23,,,,,우수,,,,2003-07-15 00:00:00,1998-04-13,136.23,138-837,서울특별시 송파구 삼전동 28-12,N,,3230000-101-1998-10701,,3230000,,,03,폐업,한식,02-422-7240,,,상수도전용
기타,,태하,한식,2010-04-13,211081.89368586,443953.35043269,2026-05-06 22:55:46,I,02,폐업,45.7,,,,0,기타,,,,2004-10-18 00:00:00,1998-07-02,45.70,138-809,서울특별시 송파구 가락동 151-20,N,0,3230000-101-1998-10034,,3230000,,,03,폐업,한식,02-404-1158,,,상수도전용
주택가주변,,중국성,중국식,1998-06-17,207591.935792101,445173.382920733,2026-05-06 22:55:46,I,02,폐업,82.3,,,,,우수,,,,2003-07-14 00:00:00,1998-04-01,82.30,138-862,서울특별시 송파구 잠실동 209-2,N,,3230000-101-1998-10032,,3230000,,,03,폐업,중국식,02-419-2271,,,상수도전용
,,유한회사 가락몰 형제상회,기타,2025-02-06,188884.075622342,447186.888604306,2026-05-06 22:52:10,I,02,폐업,0,,,,,,,,,2025-02-07 04:15:09,2025-01-09,,158-724,서울특별시 양천구 목동 916 현대하이페리온,N,,3140000-101-2025-00010,,3140000,"서울특별시 양천구 목동동로 257, 지하2층 (목동, 현대하이페리온)",07998,03,폐업,기타,,,,
기타,,목동통닭집,분식,1993-02-25,188767.189855986,449281.799891808,2026-05-06 22:35:32,I,02,폐업,19.25,,,,2,지도,,,,2001-09-28 00:00:00,1983-06-02,19.25,158-809,서울특별시 양천구 목동 527-9,N,0,3140000-101-1983-03096,,3140000,,,03,폐업,분식,02-0677-0801,,,상수도전용
주택가주변,,독도참치,한식,2003-11-01,207835.064426503,444668.856223119,2026-05-06 22:55:33,I,02,폐업,64.5,,,,0,우수,,,,2005-01-26 00:00:00,1997-04-29,64.50,138-837,서울특별시 송파구 삼전동 7-9,N,0,3230000-101-1997-10936,,3230000,,,03,폐업,한식,,,,상수도전용
,,신의주찹쌀순대,한식,2025-10-28,187941.909802289,449556.335837357,2026-05-06 22:49:30,I,02,폐업,58.34,,,,,,,,,2025-10-28 14:02:31,2017-06-09,58.34,158-811,서울특별시 양천구 목동 615-2 101호 일부(좌측),N,,3140000-101-2017-00141,,3140000,"서울특별시 양천구 목동중앙북로4길 10, 1층 101호 일부(좌측)호 (목동)",07950,03,폐업,한식,02-2655-1711,,,
기타,,서울,정종/대포집/소주방,2004-02-20,210562.330564034,443835.388307367,2026-05-06 22:56:45,I,02,폐업,66,,,,,기타,,,,2003-07-28 00:00:00,2002-01-22,66.00,138-803,서울특별시 송파구 가락동 75-13,N,,3230000-101-2002-17161,,3230000,,,03,폐업,정종/대포집/소주방,02-443-2186,,,
주택가주변,,성님방분식,분식,1999-08-26,187573.922159599,446951.389573591,2026-05-06 22:38:56,I,02,폐업,29.98,,,,2,기타,,,,1999-08-26 00:00:00,1998-08-22,29.98,158-860,서울특별시 양천구 신정동 986-14,N,0,3140000-101-1998-05509,,3140000,,,03,폐업,분식,02-651-2031,,,상수도전용
,,유다까회전초밥,일식,2008-09-30,209430.450574499,445913.088912404,2026-05-06 22:57:16,I,02,폐업,333.62,,,,0,,,,,2007-09-13 11:27:06,2006-10-18,333.62,138-827,서울특별시 송파구 방이동 22 대우유토피아 101호,N,0,3230000-101-2006-00459,,3230000,,,03,폐업,일식,02-418-3636,,,
주택가주변,,골든벨,분식,2002-04-23,212767.250108165,444030.635119642,2026-05-06 22:56:34,I,02,폐업,19.8,,,,0,기타,,,,2003-07-24 00:00:00,2000-12-09,19.80,138-813,서울특별시 송파구 거여동 129-10,N,0,3230000-101-2000-15943,,3230000,,,03,폐업,분식,02-404-9738,,,
,,나무,까페,2002-12-02,210695.496690997,444960.229284673,2026-05-06 22:56:51,I,02,폐업,62.2,,,,0,,,,,2002-11-15 00:00:00,2002-11-15,62.20,138-836,서울특별시 송파구 방이동 224-11,N,0,3230000-101-2002-17920,,3230000,,,03,폐업,까페,,,,
,,포차,호프/통닭,2017-02-22,210841.321429861,444179.666042916,2026-05-06 22:57:24,I,02,폐업,26.4,,,,,,,,,2017-03-03 17:37:02,2008-09-01,26.40,138-801,서울특별시 송파구 가락동 40 (1층),N,,3230000-101-2008-00317,,3230000,"서울특별시 송파구 양재대로64길 28 (가락동,(1층))",05715,03,폐업,호프/통닭,02-448-4212,,,
,,백야,기타,2015-05-29,188954.524397407,446824.338404844,2026-05-06 22:44:52,I,02,폐업,100.64,,,,0,,,,,2015-05-29 09:31:44,2006-10-04,100.64,158-806,서울특별시 양천구 목동 404-156 지하1층(1호),N,0,3140000-101-2006-00314,,3140000,"서울특별시 양천구 신목로 102 (목동,지하1층(1호))",08007,03,폐업,기타,02-2645-7286,,,상수도전용
주택가주변,,동보성,중국식,1999-01-20,187169.069648175,446567.166557067,2026-05-06 22:36:00,I,02,폐업,81.32,,,,2,지도,,,,1999-01-20 00:00:00,1990-08-13,81.32,158-861,서울특별시 양천구 신정동 1028-1,N,1,3140000-101-1990-02141,,3140000,,,03,폐업,중국식,,,,상수도전용
아파트지역,,상록수,경양식,1991-08-06,186149.278797657,446455.915515628,2026-05-06 22:35:36,I,02,폐업,67.5,,,,3,지도,,,,2001-09-28 00:00:00,1985-07-06,67.50,158-840,서울특별시 양천구 신월동 534-23,N,1,3140000-101-1985-02338,,3140000,,,03,폐업,경양식,02-0604-3948,,,상수도전용
주택가주변,,승민각,중국식,2003-04-17,187111.662719989,446112.516475617,2026-05-06 22:40:48,I,02,폐업,13,,,,1,기타,,,,2002-01-26 00:00:00,2000-05-12,13.00,158-862,서울특별시 양천구 신정동 1052-5,N,2,3140000-101-2000-07775,,3140000,,,03,폐업,중국식,02-2646-4665,,,상수도전용
,,파파호,기타,,,,2026-05-06 23:01:32,I,01,영업,72.09,,,,,,,,,2019-01-28 15:26:56,2019-01-28,72.09,138-888,서울특별시 송파구 문정동 641-4 문정대명벨리온,N,,3230000-101-2019-00048,,3230000,"서울특별시 송파구 법원로 127, 문정대명벨리온 117, 118호 (문정동)",05836,01,영업/정상,기타,,,,
,,(주)보나비 아티제 이대목동2점,까페,,189878.40729119,448255.199632516,2026-05-06 22:46:50,I,01,영업,8.25,,,,,,,,,2025-12-19 13:46:23,2011-02-15,8.25,158-879,서울특별시 양천구 목동 911-1 이대목동병원 병원동2층,N,,3140000-101-2011-00037,,3140000,"서울특별시 양천구 안양천로 1071 (목동, 이대목동병원 병원동2층)",07985,01,영업/정상,까페,02-2648-0024,,,
,,킹콩 부대찌개 위례중앙점,한식,2023-06-05,212563.050500552,441406.981434166,2026-05-06 23:01:43,I,02,폐업,51.2,,,,,,,,,2023-06-05 15:12:01,2020-10-21,51.20,138-926,서울특별시 송파구 장지동 896 위례중앙푸르지오2단지,N,,3230000-101-2020-00692,,3230000,"서울특별시 송파구 위례광장로 290, 2동 203호 (장지동, 위례중앙푸르지오2단지)",05852,03,폐업,한식,,,,
,,모어댄레귤러,라이브카페,2026-01-13,210979.158232693,445256.962936314,2026-05-06 23:02:08,I,02,폐업,83.69,,,,,,,,,2026-01-13 15:07:57,2024-03-20,83.69,138-835,서울특별시 송파구 방이동 207-5,Y,,3230000-101-2024-00194,,3230000,"서울특별시 송파구 위례성대로18길 33, 지하1층 (방이동)",05639,03,폐업,라이브카페,,,,
주택가주변,,C.C소주방,분식,1997-11-17,186063.507754159,446707.131514789,2026-05-06 22:38:36,I,02,폐업,98.81,,,,1,기타,,,,2001-09-28 00:00:00,1997-01-08,98.81,158-834,서울특별시 양천구 신월동 445-16,N,,3140000-101-1997-05044,,3140000,,,03,폐업,분식,02-607-3311,,,상수도전용
주택가주변,,만리장성,중국식,1999-01-19,185221.688108801,448248.530122832,2026-05-06 22:37:45,I,02,폐업,37,,,,1,기타,,,,1999-01-29 00:00:00,1996-11-29,37.00,158-826,서울특별시 양천구 신월동 92-2,N,1,3140000-101-1996-02253,,3140000,,,03,폐업,중국식,,,,상수도전용
,,별미쓰리부대찌개,한식,2018-11-19,,,2026-05-06 23:01:20,I,02,폐업,80.93,,,,,,,,,2018-11-19 11:23:28,2017-05-19,80.93,138-888,서울특별시 송파구 문정동 651,Y,,3230000-101-2017-00390,,3230000,"서울특별시 송파구 송파대로 167, A동 지하1층 G157호 (문정동, 문정역테라타워)",05855,03,폐업,한식,,,,
,,목4동점굽네치킨,호프/통닭,,188345.484958009,448158.369459207,2026-05-06 22:49:05,I,01,영업,67.34,,,,,,,,,2025-01-20 13:33:21,2016-03-22,67.34,158-817,서울특별시 양천구 목동 764-5 1층,N,,3140000-101-2016-00073,,3140000,"서울특별시 양천구 목동중앙남로 12, 1층 (목동)",07962,01,영업/정상,호프/통닭,02-2061-9494,,,
,,목동양꼬치,한식,,187813.409124106,447152.313696555,2026-05-06 22:47:05,I,01,영업,33,,,,,,,,,2017-12-11 11:08:17,2011-11-25,33.00,158-856,서울특별시 양천구 신정동 888-36 1층,N,,3140000-101-2011-00330,,3140000,"서울특별시 양천구 신정중앙로 99 (신정동, 1층)",07938,01,영업/정상,한식,,,,
주택가주변,,무주식당,한식,2000-03-15,185248.664749254,446535.600622226,2026-05-06 22:35:52,I,02,폐업,30.86,,,,1,지도,,,,2000-03-15 00:00:00,1989-06-30,30.86,158-845,서울특별시 양천구 신월동 953-6,N,1,3140000-101-1989-00704,,3140000,,,03,폐업,한식,02-691-5557,,,상수도전용
주택가주변,,조개시대,한식,2001-03-19,209348.945516827,445173.845128449,2026-05-06 22:55:49,I,02,폐업,33.63,,,,,우수,,,,2003-07-18 00:00:00,1998-08-12,33.63,138-848,서울특별시 송파구 송파동 28-14,N,,3230000-101-1998-10541,,3230000,,,03,폐업,한식,02-413-0753,,,상수도전용
,,수담풍천민물장어,한식,2023-03-07,208331.62624209,444456.079733451,2026-05-06 23:01:47,I,02,폐업,20,,,,,,,,,2023-03-07 11:29:51,2021-06-09,20.00,138-838,서울특별시 송파구 삼전동 72-5 삼전원빌딩,N,,3230000-101-2021-00429,,3230000,"서울특별시 송파구 백제고분로 258, 삼전원빌딩 지하1층 모두의 주방5호 (삼전동)",05584,03,폐업,한식,,,,
,,장화신은젖소,경양식,2019-10-18,188895.844080632,447480.979609884,2026-05-06 22:49:24,I,02,폐업,19.8,,,,,,,,,2019-10-18 13:03:16,2016-12-02,19.80,158-761,서울특별시 양천구 목동 917 목동파라곤 지상1층 104일부호,N,,3140000-101-2016-00303,,3140000,"서울특별시 양천구 목동서로 155, 지상1층 104일부호 (목동, 목동파라곤)",07997,03,폐업,경양식,,,,상수도전용
,,예솔,한식,2012-02-06,208730.633457015,445905.025545443,2026-05-06 22:57:13,I,02,폐업,29.7,,,,0,,,,,2006-04-11 00:00:00,2006-04-11,29.70,138-728,서울특별시 송파구 신천동 7-17 한빛프라자B1,N,0,3230000-101-2006-00172,,3230000,,,03,폐업,한식,02-418-9149,,,
주택가주변,,이레정,분식,2009-11-11,207594.983745254,444464.469113694,2026-05-06 22:49:00,I,02,폐업,74.5,,,,3,기타,,,,2008-12-15 12:34:06,1991-12-19,74.50,138-838,서울특별시 송파구 삼전동 33-9,N,0,3230000-101-1991-06052,,3230000,,,03,폐업,분식,02-449-1331,,,상수도전용
,,후라이드의품격 신정점,호프/통닭,2024-06-03,188602.091246165,445982.285854534,2026-05-06 22:49:55,I,02,폐업,12.37,,,,,,,,,2024-06-03 15:18:47,2018-11-28,12.37,158-852,서울특별시 양천구 신정동 282-58,N,,3140000-101-2018-00322,,3140000,"서울특별시 양천구 목동동로8길 33, 지상1층 (신정동)",08017,03,폐업,호프/통닭,,,,상수도전용
기타,,안동하회마을,한식,2012-02-28,209297.749673147,444831.474443658,2026-05-06 22:47:00,I,02,폐업,131.64,,,,0,갑,,,,2011-11-18 17:20:26,1985-06-27,131.64,138-844,서울특별시 송파구 석촌동 175-12,N,0,3230000-101-1985-12601,,3230000,,,03,폐업,한식,02-415-3232,,,상수도전용
주택가주변,,순창식당,한식,2008-01-31,186272.273321382,446786.849608116,2026-05-06 22:39:09,I,02,폐업,24.75,,,,1,기타,,,,2013-10-21 10:29:38,1999-07-09,24.75,158-838,서울특별시 양천구 신월동 491-24,N,0,3140000-101-1999-06997,,3140000,,,03,폐업,한식,02-2605-7196,,,상수도전용
주택가주변,,그린치킨호프,분식,1999-09-09,185827.294381087,446283.539730573,2026-05-06 22:38:56,I,02,폐업,23.25,,,,1,기타,,,,1999-09-15 00:00:00,1998-08-03,23.25,158-840,서울특별시 양천구 신월동 540-6,N,0,3140000-101-1998-05493,,3140000,,,03,폐업,분식,02-3664-7414,,,상수도전용
주택가주변,,해민이네,분식,2012-01-13,210056.549039087,447676.295625419,2026-05-06 22:56:03,I,02,폐업,15.64,,,,0,기타,,,,2012-01-17 15:09:26,1999-03-11,15.64,138-874,서울특별시 송파구 풍납동 256-2,N,0,3230000-101-1999-00743,,3230000,,,03,폐업,분식,02-488-3326,,,상수도전용
기타,,오마이치킨 목동점,통닭(치킨),2007-06-27,189311.02246611,448276.142483848,2026-05-06 22:44:31,I,02,폐업,44.85,,,,0,,,,,2004-11-15 00:00:00,2004-11-15,44.85,158-877,서울특별시 양천구 목동 907-10 현대파리지앙 117호,N,0,3140000-101-2004-00473,,3140000,,,03,폐업,통닭(치킨),02-2652-1545,,,상수도전용
주택가주변,,어부식당,한식,1995-01-06,212271.439483613,444480.382399389,2026-05-06 22:48:43,I,02,폐업,32.4,,,,2,지도,,,,2003-06-27 00:00:00,1990-05-03,32.40,138-859,서울특별시 송파구 오금동 131-8,N,1,3230000-101-1990-12209,,3230000,,,03,폐업,한식,02-0408-1637,,,상수도전용
,,숏다리쭈꾸미,한식,2010-02-18,213239.582217587,444049.840720512,2026-05-06 22:57:24,I,02,폐업,56.1,,,,,,,,,2008-09-30 09:40:15,2008-09-30,56.10,138-819,서울특별시 송파구 마천동 140-6,N,,3230000-101-2008-00347,,3230000,,,03,폐업,한식,02-409-7764,,,
,,미(味)요일,한식,,189086.853406906,446779.943272419,2026-05-06 22:50:49,I,01,영업,96.9,,,,,,,,,2024-07-30 10:48:15,2021-12-09,96.90,158-806,서울특별시 양천구 목동 404-108,N,,3140000-101-2021-00366,,3140000,"서울특별시 양천구 신목로2길 62, 2층 (목동)",08007,01,영업/정상,한식,,,,
,,치킨맨,통닭(치킨),2005-11-11,188716.903803486,446869.328851643,2026-05-06 22:44:30,I,02,폐업,109.94,,,,0,,,,,2004-11-11 00:00:00,2004-11-11,109.94,158-806,서울특별시 양천구 목동 405-71 1층,N,0,3140000-101-2004-00470,,3140000,,,03,폐업,통닭(치킨),02-2644-4494,,,상수도전용
,,순밥집,기타,2017-03-09,210552.84729837,445579.920607077,2026-05-06 23:01:16,I,02,폐업,30,,,,,,,,,2016-10-18 12:23:12,2016-10-18,30.00,138-833,서울특별시 송파구 방이동 160-9,N,,3230000-101-2016-00540,,3230000,"서울특별시 송파구 가락로42길 6, 1층 (방이동)",05635,03,폐업,기타,,,,
주택가주변,,피노키오체인점,분식,1994-07-15,188558.669767096,449250.294401749,2026-05-06 22:36:54,I,02,폐업,21.2,,,,1,자율,,,,2001-09-28 00:00:00,1993-03-03,21.20,158-809,서울특별시 양천구 목동 530-17,N,0,3140000-101-1993-04006,,3140000,,,03,폐업,분식,02-0000-0000,,,상수도전용
,,치킨89,호프/통닭,2024-12-19,187240.84723167,446462.488435886,2026-05-06 22:49:10,I,02,폐업,53.46,,,,,,,,,2024-12-19 13:10:27,2016-06-20,53.46,158-070,서울특별시 양천구 신정동 1323 목동힐스테이트,N,,3140000-101-2016-00160,,3140000,"서울특별시 양천구 중앙로36길 15, 제상가 01동 102호 (신정동, 목동힐스테이트)",08083,03,폐업,호프/통닭,02-2644-8979,,,상수도전용
주택가주변,,등나무식당,한식,1998-09-02,185189.161953746,448304.465258547,2026-05-06 22:36:42,I,02,폐업,34.39,,,,0,기타,,,,2001-09-28 00:00:00,1993-10-22,34.39,158-825,서울특별시 양천구 신월동 83-6,N,1,3140000-101-1993-00105,,3140000,,,03,폐업,한식,02-608-9484,,,상수도전용
,,씨지브이강남,기타,2025-12-09,206383.829438022,446030.128073052,2026-05-06 23:02:20,I,02,폐업,72,,,,,,,,,2025-12-10 04:15:09,2025-10-30,72.00,138-889,서울특별시 송파구 잠실동 10 서울종합운동장,N,,3230000-101-2025-00665,,3230000,"서울특별시 송파구 올림픽로 25, 서울종합운동장 중앙광장 일대 (잠실동)",05500,03,폐업,기타,,,,
,,호랑이와팥죽,기타,2022-03-14,207373.50021477,445545.656024061,2026-05-06 22:57:31,I,02,폐업,10.53,,,,,,,,,2022-03-14 17:15:12,2010-04-27,10.53,138-908,서울특별시 송파구 잠실동 19-9 파인애플상가 지하 A17호,N,,3230000-101-2010-00201,,3230000,"서울특별시 송파구 올림픽로 119 (잠실동,파인애플상가 지하 A17호)",05501,03,폐업,기타,02-424-4210,,,
주택가주변,,멕시칸치킨,분식,2000-09-07,209496.481258033,444957.642322181,2026-05-06 22:47:35,I,02,폐업,15,,,,0,을,,,,2003-06-24 00:00:00,1989-07-05,15.00,138-848,서울특별시 송파구 송파동 18-18,N,0,3230000-101-1989-06291,,3230000,,,03,폐업,분식,02-415-8311,,,상수도전용
,,타코리아나 익스프레스,"외국음식전문점(인도,태국등)",2025-12-23,,,2026-05-06 23:02:13,I,02,폐업,18,,,,,,,,,2025-12-23 14:30:22,2024-11-21,18.00,138-888,서울특별시 송파구 문정동 651 문정역테라타워,N,,3230000-101-2024-00932,,3230000,"서울특별시 송파구 송파대로 167, 문정역테라타워 B동 1층 124호 (문정동)",05855,03,폐업,"외국음식전문점(인도,태국등)",,,,
,,콩뿌리 전주콩나물국밥,한식,2024-10-14,208494.451001641,444670.588174208,2026-05-06 23:00:55,I,02,폐업,92.4,,,,,,,,,2024-10-14 10:20:01,2014-09-19,92.40,138-840,서울특별시 송파구 삼전동 132-2 지상1층,N,,3230000-101-2014-00487,,3230000,"서울특별시 송파구 삼학사로 77, 지상1층 (삼전동)",05603,03,폐업,한식,,,,
주택가주변,,항아리수제비,한식,1998-07-22,211291.125711094,443894.210382144,2026-05-06 22:55:19,I,02,폐업,19.8,,,,,우수,,,,2004-09-30 00:00:00,1997-11-10,19.80,138-809,서울특별시 송파구 가락동 154-19,N,,3230000-101-1997-04251,,3230000,,,03,폐업,한식,02-449-2688,,,상수도전용
,,육해밥,통닭(치킨),2021-05-04,210480.282018702,441833.16323518,2026-05-06 22:57:38,I,02,폐업,26.7,,,,,,,,,2021-05-04 11:05:57,2011-06-27,26.70,138-886,서울특별시 송파구 문정동 292 가든5툴 B1-05,N,,3230000-101-2011-00293,,3230000,"서울특별시 송파구 충민로 10 (문정동, 가든5툴 B1-05)",05840,03,폐업,통닭(치킨),02-2224-1112,,,
,,마마된장,기타,2022-10-13,,,2026-05-06 23:01:32,I,02,폐업,124.74,,,,,,,,,2022-10-13 15:24:30,2019-02-08,124.74,138-888,서울특별시 송파구 문정동 651 문정역테라타워,N,,3230000-101-2019-00073,,3230000,"서울특별시 송파구 송파대로 167, 문정역테라타워 지하1층 103호 (문정동)",05855,03,폐업,기타,,,,
주택가주변,,칸수라,한식,1998-12-17,188664.948941672,446358.808159671,2026-05-06 22:37:44,I,02,폐업,77.77,,,,,기타,,,,2001-09-28 00:00:00,1996-11-22,77.77,158-852,서울특별시 양천구 신정동 296-33,N,,3140000-101-1996-01708,,3140000,,,03,폐업,한식,02-654-2521,,,상수도전용
,,화덕에 꾸운 닭,통닭(치킨),2013-09-02,207174.107577796,445012.960957837,2026-05-06 22:58:26,I,02,폐업,27.09,,,,,,,,,2013-06-05 16:12:25,2012-08-28,27.09,138-863,서울특별시 송파구 잠실동 225-1 지상1층 101호,N,,3230000-101-2012-00371,,3230000,"서울특별시 송파구 백제고분로13길 7, 지상1층 101호 (잠실동)",05569,03,폐업,통닭(치킨),,,,
주택가주변,,딕시랜드,분식,1993-07-02,207305.037482399,445013.135487679,2026-05-06 22:50:15,I,02,폐업,21.91,,,,1,기타,,,,2002-09-04 00:00:00,1993-01-30,21.91,138-863,서울특별시 송파구 잠실동 214-9,N,1,3230000-101-1993-05366,,3230000,,,03,폐업,분식,02-0202-9442,,,상수도전용
주택가주변,,산골칡냉면,분식,2000-05-17,189755.541308355,448356.632865262,2026-05-06 22:37:34,I,02,폐업,66.19,,,,2,기타,,,,2000-05-17 00:00:00,1995-07-14,66.19,158-879,서울특별시 양천구 목동 909-5,N,1,3140000-101-1995-04534,,3140000,,,03,폐업,분식,02-323-1126,,,상수도전용
,,비처럼음악처럼,기타,2025-03-25,188753.916341718,446925.526927485,2026-05-06 22:44:41,I,02,폐업,156.3,,,,0,,,,,2025-03-25 10:13:53,2005-10-13,156.30,158-806,서울특별시 양천구 목동 405-212 지하1층,Y,0,3140000-101-2005-00358,,3140000,"서울특별시 양천구 오목로 326 (목동,지하1층)",08006,03,폐업,기타,02-2647-4631,,,상수도전용
,,로즈 바,까페,2012-12-28,208910.154416565,444950.519975433,2026-05-06 22:57:00,I,02,폐업,66,,,,0,,,,,2011-07-14 15:42:06,2004-04-08,66.00,138-844,서울특별시 송파구 석촌동 157-2,N,0,3230000-101-2004-00210,,3230000,,,03,폐업,까페,02-417-2070,,,
,,사계절막국수,한식,2016-09-27,187923.919592336,447850.891096367,2026-05-06 22:49:12,I,02,폐업,59.05,,,,,,,,,2016-07-12 16:35:54,2016-07-12,59.05,158-819,"서울특별시 양천구 목동 792-4 태영프라자 113,114호",N,,3140000-101-2016-00178,,3140000,"서울특별시 양천구 등촌로 32, 113,114호 (목동, 태영프라자)",07965,03,폐업,한식,,,,상수도전용
주택가주변,,그때거기,분식,1999-05-03,208222.808272742,444911.83936802,2026-05-06 22:49:01,I,02,폐업,22.05,,,,93,을,,,,2003-06-24 00:00:00,1991-10-15,22.05,138-837,서울특별시 송파구 삼전동 27-8,N,1,3230000-101-1991-06447,,3230000,,,03,폐업,분식,02-415-0929,,,상수도전용
기타,,port coffee(포트커피),까페,2018-12-10,212642.733781499,443439.627342677,2026-05-06 22:59:32,I,02,폐업,25.64,,,,,,,,,2018-12-10 17:14:05,2013-03-26,25.64,138-816,서울특별시 송파구 거여동 562-3 지상1층,N,,3230000-101-2013-00106,,3230000,"서울특별시 송파구 오금로 496, 지상1층 (거여동)",05772,03,폐업,까페,,,,
,,남산식당,한식,,210986.460698452,441725.293491662,2026-05-06 23:01:53,I,01,영업,17.2,,,,,,,,,2022-03-24 14:56:42,2022-03-24,17.20,138-960,서울특별시 송파구 문정동 634 가든파이브라이프,N,,3230000-101-2022-00151,,3230000,"서울특별시 송파구 충민로 66, 가든파이브 영관 2층 (문정동)",05838,01,영업/정상,한식,,,,
주택가주변,,화월당돌곱창,한식,2003-03-13,207436.481306973,445214.570228622,2026-05-06 22:56:01,I,02,폐업,42.66,,,,0,우수,,,,2003-07-21 00:00:00,1999-05-07,42.66,138-862,서울특별시 송파구 잠실동 207-4,N,0,3230000-101-1999-00492,,3230000,,,03,폐업,한식,02-421-2150,,,상수도전용
주택가주변,,마포식당,한식,2001-10-30,,,2026-05-06 22:35:51,I,02,폐업,162.12,,,,3,지도,,,,1999-11-22 00:00:00,1989-07-25,162.12,158-090,서울특별시 양천구 신월동 산 986-1,N,1,3140000-101-1989-00554,,3140000,,,03,폐업,한식,02-0691-1831,,,상수도전용
,,자담 치킨,한식,2023-06-02,210433.680186162,447716.700172089,2026-05-06 23:01:08,I,02,폐업,66.2,,,,,,,,,2023-06-02 11:01:04,2015-07-09,66.20,138-876,서울특별시 송파구 풍납동 338-1 지상1층,N,,3230000-101-2015-00317,,3230000,"서울특별시 송파구 풍성로26길 21, 지상1층 (풍납동)",05531,03,폐업,한식,02-471-5516,,,
주택가주변,,신토불이식당,한식,2018-03-09,210749.224970991,445161.258714865,2026-05-06 22:56:36,I,02,폐업,40,,,,,자율,,,,2018-03-09 13:54:56,2001-02-21,40.00,138-835,서울특별시 송파구 방이동 212-8,N,,3230000-101-2001-16105,,3230000,서울특별시 송파구 오금로31길 27 (방이동),05646,03,폐업,한식,02-417-1040,,,
,,제인에프앤비,한식,2024-04-15,,,2026-05-06 23:01:42,I,02,폐업,35.74,,,,,,,,,2024-04-15 10:54:14,2020-09-22,35.74,138-888,서울특별시 송파구 문정동 644-2 문정현대지식산업센터1-2,N,,3230000-101-2020-00623,,3230000,"서울특별시 송파구 법원로11길 7, 문정현대지식산업센터1-2 C동 108호 (문정동)",05836,03,폐업,한식,,,,
주택가주변,,울릉도,한식,2012-01-13,210989.95,444435.745,2026-05-06 22:49:29,I,02,폐업,235.87,,,,3,을,,,,2012-01-17 13:36:02,1994-03-14,235.87,138-800,서울특별시 송파구 가락동 18-11,N,3,3230000-101-1991-13496,,3230000,,,03,폐업,한식,,,,상수도전용
주택가주변,,충무로 부산복집,한식,,211206.467047675,444628.929529114,2026-05-06 22:50:51,I,01,영업,329.9,,,,1,기타,,,,2018-11-23 14:44:02,1993-09-02,329.90,138-857,서울특별시 송파구 오금동 48-16,N,1,3230000-101-1993-14095,,3230000,서울특별시 송파구 중대로27길 9-1 (오금동),05661,01,영업/정상,한식,02-404-3227,,,상수도전용
,,착한고기,한식,2017-11-21,185629.138555154,445514.632018976,2026-05-06 22:44:39,I,02,폐업,131.3,,,,0,,,,,2017-11-21 11:03:37,2005-07-28,131.30,158-855,"서울특별시 양천구 신정동 773-15 1,2층",N,0,3140000-101-2005-00272,,3140000,"서울특별시 양천구 신정로11길 50-6 (신정동,1,2층)",08053,03,폐업,한식,02-2617-5330,,,상수도전용
,,돌스테이크,경양식,,187619.969736723,446536.48006846,2026-05-06 22:51:38,I,01,영업,54.32,,,,,,,,,2024-04-22 14:00:24,2024-04-22,54.32,158-861,서울특별시 양천구 신정동 1020-5,N,,3140000-101-2024-00128,,3140000,"서울특별시 양천구 은행정로4길 8, 1층 (신정동)",08087,01,영업/정상,경양식,,,,
,,박선장네 생선가게(거여마천점),기타,2024-04-30,213059.918263234,443905.389329904,2026-05-06 23:01:53,I,02,폐업,23,,,,,,,,,2024-04-30 09:31:48,2022-03-07,23.00,138-818,서울특별시 송파구 마천동 126-7,N,,3230000-101-2022-00121,,3230000,"서울특별시 송파구 마천로41길 7, 1층 (마천동)",05756,03,폐업,기타,,,,
,,이삭토스트 가든파이브점,기타,,210986.460698452,441725.293491662,2026-05-06 23:02:16,I,01,영업,31.44,,,,,,,,,2025-03-18 16:37:55,2025-03-18,31.44,138-960,서울특별시 송파구 문정동 634 가든파이브라이프,N,,3230000-101-2025-00154,,3230000,"서울특별시 송파구 충민로 66, 가든파이브라이프 지하1층 FB-1030호-가호 (문정동)",05838,01,영업/정상,기타,,,,
,,호프시대,한식,2011-12-07,207135.093883636,445127.313004186,2026-05-06 22:57:24,I,02,폐업,33.2,,,,,,,,,2011-09-27 10:06:26,2008-10-09,33.20,138-863,서울특별시 송파구 잠실동 221-6 (1층),N,,3230000-101-2008-00365,,3230000,,,03,폐업,한식,,,,
,,오지버거,경양식,2024-08-22,208589.363343145,445455.90405262,2026-05-06 23:02:10,I,02,폐업,0,,,,,,,,,2024-08-23 04:15:10,2024-08-07,,138-721,서울특별시 송파구 잠실동 40-1 롯데월드,N,,3230000-101-2024-00619,,3230000,"서울특별시 송파구 올림픽로 240, 롯데백화점 잠실점 지하1층 (잠실동)",05554,03,폐업,경양식,,,,
주택가주변,,고향막국수,분식,1994-08-24,210519.610976691,443699.494391661,2026-05-06 22:48:14,I,02,폐업,63.65,,,,1,을,,,,2003-06-24 00:00:00,1990-08-29,63.65,138-803,서울특별시 송파구 가락동 81-1,N,1,3230000-101-1990-06252,,3230000,,,03,폐업,분식,02-0448-7150,,,상수도전용
,,무지개분식,분식,,188935.964712121,446717.241148897,2026-05-06 22:45:55,I,01,영업,21,,,,,,,,,2021-06-29 11:08:44,2010-03-10,21.00,158-806,서울특별시 양천구 목동 404-198 1층(신목길 49),N,,3140000-101-2010-00059,,3140000,"서울특별시 양천구 목동동로12길 39, 지상1층 (목동)",08007,01,영업/정상,분식,02-2645-2167,,,
,,채식이야기,한식,2013-10-17,210885.288206934,442612.84779714,2026-05-06 22:57:02,I,02,폐업,399.21,,,,0,,,,,2008-01-03 10:05:53,2004-07-16,399.21,138-826,"서울특별시 송파구 문정동 61-13 지상2,3층",N,0,3230000-101-2004-00447,,3230000,,,03,폐업,한식,02-403-6669,,,
,,바나나,기타,2016-12-06,210562.900849903,443555.864703206,2026-05-06 23:01:16,I,02,폐업,18.2,,,,,,,,,2016-11-01 18:00:46,2016-11-01,18.20,138-803,서울특별시 송파구 가락동 79-4,N,,3230000-101-2016-00580,,3230000,"서울특별시 송파구 송파대로28길 20, 지하1층 105호 (가락동)",05718,03,폐업,기타,,,,
,,우아한 갈비,식육(숯불구이),2024-07-10,210695.441068494,444030.64559995,2026-05-06 23:01:35,I,02,폐업,80,,,,,,,,,2024-07-10 12:06:42,2019-07-03,80.00,138-802,서울특별시 송파구 가락동 50-2 마루빌딩,N,,3230000-101-2019-00476,,3230000,"서울특별시 송파구 오금로36길 65, 마루빌딩 1층 (가락동)",05714,03,폐업,식육(숯불구이),,,,
주택가주변,,처갓집 양념치킨 문정점,한식,,210947.636985514,442887.504169024,2026-05-06 22:53:02,I,01,영업,90.48,,,,1,을,,,,2019-11-08 11:19:43,1995-09-30,90.48,138-825,서울특별시 송파구 문정동 40-7,N,1,3230000-101-1995-05092,,3230000,"서울특별시 송파구 동남로4길 24, 1층 (문정동)",05806,01,영업/정상,한식,02-403-9761,,,상수도전용
,,종가집 통큰 감자탕,한식,2023-10-19,210247.704064266,445407.250335161,2026-05-06 23:01:45,I,02,폐업,30,,,,,,,,,2023-10-19 11:46:50,2021-01-28,30.00,138-832,서울특별시 송파구 방이동 141-6,N,,3230000-101-2021-00082,,3230000,"서울특별시 송파구 오금로23길 25, 1층 (방이동)",05633,03,폐업,한식,,,,
주택가주변,,고창집,한식,1995-08-08,185037.206206012,447741.376950815,2026-05-06 22:35:28,I,02,폐업,33.06,,,,2,지도,,,,2001-09-28 00:00:00,1979-09-16,33.06,158-828,서울특별시 양천구 신월동 131-1,N,1,3140000-101-1979-00818,,3140000,,,03,폐업,한식,02-696-8722,,,상수도전용
기타,,순살로치킨,분식,2002-06-12,210346.279672452,444591.362299246,2026-05-06 22:56:44,I,02,폐업,19.8,,,,,기타,,,,2003-07-28 00:00:00,2001-12-29,19.80,138-853,서울특별시 송파구 송파동 163-14,N,,3230000-101-2001-17115,,3230000,,,03,폐업,분식,02-413-4773,,,
,,델리커리 잠실롯데월드점,한식,2023-08-10,208589.363343145,445455.90405262,2026-05-06 23:01:52,I,02,폐업,125.6,,,,,,,,,2023-08-10 14:16:14,2022-01-26,125.60,138-721,서울특별시 송파구 잠실동 40-1 롯데월드,Y,,3230000-101-2022-00049,,3230000,"서울특별시 송파구 올림픽로 240, 롯데월드 지하3층 (잠실동)",05554,03,폐업,한식,,,,
,,(주)오름,냉면집,2024-10-30,187900.147424902,448177.378490799,2026-05-06 22:51:37,I,02,폐업,14.5,,,,,,,,,2024-10-30 13:25:05,2024-04-12,14.50,158-815,서울특별시 양천구 목동 731-11,N,,3140000-101-2024-00112,,3140000,"서울특별시 양천구 목동중앙남로3길 68, 2층 207호 (목동)",07959,03,폐업,냉면집,,,,
,,우지커피 가락시장역점,기타,,210580.683290918,443657.71204579,2026-05-06 23:02:04,I,01,영업,32.44,,,,,,,,,2025-03-24 11:11:22,2023-08-21,32.44,138-803,서울특별시 송파구 가락동 80 송파성원쌍떼빌,N,,3230000-101-2023-00624,,3230000,"서울특별시 송파구 송파대로28길 27, 102동 102호 (가락동, 송파성원쌍떼빌)",05718,01,영업/정상,기타,,,,
,,홍짜장 롯데마트 송파점,분식,2017-03-03,210343.699256005,443288.284974717,2026-05-06 23:01:09,I,02,폐업,99.7,,,,,,,,,2015-10-02 15:41:51,2015-10-02,99.70,138-885,서울특별시 송파구 문정동 150-2 지상2층 롯데마트 푸드코트 내,N,,3230000-101-2015-00447,,3230000,"서울특별시 송파구 중대로 80, 지상2층 (문정동, 롯데마트 푸드코트 내)",05833,03,폐업,분식,,,,
주택가주변,,만두전문,분식,2002-03-13,184699.032028979,448068.539006938,2026-05-06 22:39:52,I,02,폐업,31.2,,,,1,지도,,,,2002-01-28 00:00:00,1999-12-15,31.20,158-829,서울특별시 양천구 신월동 159-49,N,2,3140000-101-1999-07516,,3140000,,,03,폐업,분식,02-690-2656,,,상수도전용
,,탕화쿵푸마라탕 목동점,중국식,,189332.773428473,448223.637586054,2026-05-06 22:49:06,I,01,영업,75.12,,,,,,,,,2023-10-25 10:29:07,2016-04-04,75.12,158-877,서울특별시 양천구 목동 907-12 부영그린타운1차 1층 104호,N,,3140000-101-2016-00086,,3140000,"서울특별시 양천구 목동동로 393, 1층 104호 (목동, 부영그린타운1차)",07983,01,영업/정상,중국식,,,,
,,소문난막창,식육(숯불구이),2012-05-18,185958.734566148,446356.751041005,2026-05-06 22:47:04,I,02,폐업,57.78,,,,,,,,,2011-11-21 14:31:24,2011-11-21,57.78,158-840,서울특별시 양천구 신월동 537-3 1층,N,,3140000-101-2011-00326,,3140000,"서울특별시 양천구 신월로15길 10 (신월동, 1층)",08030,03,폐업,식육(숯불구이),,,,
,,위니위키,한식,2014-06-24,207136.856116173,445356.040362029,2026-05-06 22:57:22,I,02,폐업,268.31,,,,,,,,,2014-05-23 17:21:28,2007-11-12,268.31,138-862,서울특별시 송파구 잠실동 191-7 지하1층,N,,3230000-101-2007-00428,,3230000,"서울특별시 송파구 백제고분로7길 24, 지하1층 (잠실동)",05560,03,폐업,한식,,,,
,,비긴어게인(begin again),경양식,2023-04-28,185843.320646005,445974.128928464,2026-05-06 22:51:01,I,02,폐업,55.9,,,,,,,,,2023-04-28 17:12:07,2022-11-14,55.90,158-841,서울특별시 양천구 신월동 558-7 삼성아파트,N,,3140000-101-2022-00297,,3140000,"서울특별시 양천구 신월로10길 16, 1층 상가101호 (신월동, 삼성아파트)",08065,03,폐업,경양식,,,,
,,주주,호프/통닭,2017-06-16,,,2026-05-06 22:42:58,I,02,폐업,39.6,,,,0,,,,,2017-06-16 11:12:03,2001-11-15,39.60,158-864,서울특별시 양천구 신정동 1189-11 1층,N,0,3140000-101-2001-08996,,3140000,"서울특별시 양천구 중앙로45길 7 (신정동, 1층)",,03,폐업,호프/통닭,02-2608-7824,,,상수도전용
주택가주변,,cafe J&S,한식,,184631.002540554,448544.484915314,2026-05-06 22:38:47,I,01,영업,26.27,,,,1,기타,,,,2021-08-19 13:14:00,1998-03-31,26.27,158-824,서울특별시 양천구 신월동 53-2 1층(방아다리3길 49),N,0,3140000-101-1998-01932,,3140000,"서울특별시 양천구 화곡로4길 2 (신월동,1층(방아다리3길 49))",07904,01,영업/정상,한식,02-2697-5011,,,상수도전용
기타,,다노시,분식,2003-11-01,211577.85330384,443847.278320975,2026-05-06 22:56:40,I,02,폐업,29.7,,,,,기타,,,,2003-07-25 00:00:00,2001-07-19,29.70,138-810,서울특별시 송파구 가락동 164-24,N,,3230000-101-2001-16615,,3230000,,,03,폐업,분식,02-431-3415,,,
,,주천,한식,2008-07-10,210188.20617917,447491.32548589,2026-05-06 22:57:15,I,02,폐업,85.47,,,,0,,,,,2007-12-26 10:33:45,2006-06-14,85.47,138-879,서울특별시 송파구 풍납동 404 지하1층,N,0,3230000-101-2006-00282,,3230000,,,03,폐업,한식,02-474-7447,,,
기타,,칸꼬시,호프/통닭,2007-04-02,185044.782770876,447771.636282123,2026-05-06 22:38:10,I,02,폐업,26.07,,,,1,기타,,,,2004-07-20 00:00:00,1996-10-01,26.07,158-828,서울특별시 양천구 신월동 136-8,N,0,3140000-101-1996-04935,,3140000,,,03,폐업,호프/통닭,02-694-7178,,,상수도전용
,,티파니,정종/대포집/소주방,2003-12-18,207486.840732755,445411.639115176,2026-05-06 22:56:52,I,02,폐업,0,,,,,,,,,2003-07-29 00:00:00,2002-04-30,,138-861,서울특별시 송파구 잠실동 184-11,N,,3230000-101-2002-18073,,3230000,,,03,폐업,정종/대포집/소주방,,,,
주택가주변,,송죽식당,분식,2000-01-01,209747.435412278,444505.247309782,2026-05-06 22:47:13,I,02,폐업,34.81,,,,1,지도,,,,2003-06-18 00:00:00,1988-07-26,34.81,138-850,서울특별시 송파구 송파동 95-42,N,0,3230000-101-1988-06997,,3230000,,,03,폐업,분식,02-414-1034,,,상수도전용
주택가주변,,완행열차호프,분식,1994-08-11,186978.078745279,446367.670301835,2026-05-06 22:36:50,I,02,폐업,110.19,,,,1,기타,,,,2001-09-28 00:00:00,1993-07-29,110.19,158-070,서울특별시 양천구 신정동 1032-8,N,3,3140000-101-1993-03098,,3140000,,,03,폐업,분식,02-0645-0123,,,상수도전용
,,제주돈돈,한식,2013-05-20,210683.896054111,443937.415219322,2026-05-06 22:57:26,I,02,폐업,59.4,,,,,,,,,2012-03-26 13:02:53,2009-05-25,59.40,138-801,서울특별시 송파구 가락동 49-8 지상1층,N,,3230000-101-2009-00228,,3230000,"서울특별시 송파구 오금로36길 69-20, 지상1층 (가락동)",05714,03,폐업,한식,,,,
,,장터마당,한식,2005-04-14,209213.596479932,445106.870506248,2026-05-06 22:57:02,I,02,폐업,99,,,,0,,,,,2004-07-13 00:00:00,2004-07-07,99.00,138-848,서울특별시 송파구 송파동 15-0,N,0,3230000-101-2004-00440,,3230000,,,03,폐업,한식,02-416-2911,,,
,,케키하우스,한식,,209481.744602225,445393.221907504,2026-05-06 23:01:38,I,01,영업,58.34,,,,,,,,,2026-01-23 14:20:04,2019-12-26,58.34,138-849,서울특별시 송파구 송파동 56-1 동방빌딩,N,,3230000-101-2019-00954,,3230000,"서울특별시 송파구 백제고분로45길 34, 동방빌딩 1층 102호 (송파동)",05618,01,영업/정상,한식,02-417-0560,,,
,,바다창고통골벵이신월점,호프/통닭,2011-04-04,185692.551545586,447374.522041433,2026-05-06 22:45:59,I,02,폐업,47.98,,,,,,,,,2010-05-10 13:55:29,2010-05-10,47.98,158-831,서울특별시 양천구 신월동 235-7 1층 107호(월정로 21),N,,3140000-101-2010-00135,,3140000,,,03,폐업,호프/통닭,,,,
기타,,전주곱창,한식,2004-08-20,212845.325778394,444142.90513475,2026-05-06 22:56:39,I,02,폐업,76,,,,,기타,,,,2003-07-25 00:00:00,2001-07-11,76.00,138-818,서울특별시 송파구 마천동 36-4,N,,3230000-101-2001-16573,,3230000,,,03,폐업,한식,02-430-2036,,,
주택가주변,,부부식당,한식,2014-07-25,213587.20358032,443689.336668818,2026-05-06 22:55:33,I,02,폐업,63.2,,,,0,기타,,,,2014-05-27 17:39:54,1997-05-20,63.20,138-820,서울특별시 송파구 마천동 211-10,N,0,3230000-101-1997-10917,,3230000,서울특별시 송파구 성내천로 282-1 (마천동),05759,03,폐업,한식,02-431-1557,,,상수도전용
주택가주변,,잠실식당,분식,1998-01-24,207591.351022388,444699.989618681,2026-05-06 22:55:19,I,02,폐업,89.91,,,,,우수,,,,2003-07-14 00:00:00,1997-10-06,89.91,138-867,서울특별시 송파구 잠실동 336-0,N,,3230000-101-1997-04265,,3230000,,,03,폐업,분식,02-202-5454,,,상수도전용
,,못난이,한식,2021-07-27,185507.97446254,445479.587751138,2026-05-06 22:47:50,I,02,폐업,18,,,,,,,,,2021-07-31 12:39:29,2013-12-17,18.00,158-865,서울특별시 양천구 신정동 1283 푸른마을3단지 103호,N,,3140000-101-2013-00339,,3140000,"서울특별시 양천구 신정로11길 63 (신정동, 푸른마을3단지 103호 일부)",08052,03,폐업,한식,02-2066-5592,,,
,,맘스키친,분식,2019-05-15,187497.436994879,446773.148351602,2026-05-06 22:47:58,I,02,폐업,24.75,,,,,,,,,2019-05-15 15:37:21,2014-03-28,24.75,158-859,서울특별시 양천구 신정동 956-25 1층,N,,3140000-101-2014-00074,,3140000,"서울특별시 양천구 은행정로 37, 1층 (신정동)",08024,03,폐업,분식,,,,
,,오목교분식,분식,2014-05-08,189057.156666667,446607.57,2026-05-06 22:47:58,I,02,폐업,9.9,,,,,,,,,2014-03-20 16:21:17,2014-03-20,9.90,158-849,서울특별시 양천구 신정동 127-1 1층,N,,3140000-101-2014-00066,,3140000,"서울특별시 양천구 신목로2길 43, 1층 (신정동)",08009,03,폐업,분식,02-2643-1104,,,
기타,,미담,한식,2017-02-22,210343.699256005,443288.284974717,2026-05-06 22:56:30,I,02,폐업,83.61,,,,0,기타,,,,2017-03-06 17:24:00,2000-07-15,83.61,138-885,서울특별시 송파구 문정동 150-2 (지하1층),N,0,3230000-101-2000-15488,,3230000,"서울특별시 송파구 중대로 80 (문정동,(지하1층))",05833,03,폐업,한식,02-9804-7112,,,
,,정(情)포차,기타,2024-09-02,211134.773398654,443649.206106511,2026-05-06 23:01:53,I,02,폐업,78.3,,,,,,,,,2024-09-02 12:08:37,2022-02-16,78.30,138-808,서울특별시 송파구 가락동 141-2,N,,3230000-101-2022-00090,,3230000,"서울특별시 송파구 동남로9길 31-1, 1층 (가락동)",05825,03,폐업,기타,,,,
,,놀이터,한식,2017-04-13,210479.342889261,443663.85649214,2026-05-06 23:01:10,I,02,폐업,59,,,,,,,,,2017-04-13 14:34:30,2015-12-01,59.00,138-803,서울특별시 송파구 가락동 82-2 지상1층 102호,N,,3230000-101-2015-00546,,3230000,"서울특별시 송파구 중대로9길 22, 지상1층 102호 (가락동)",05712,03,폐업,한식,02-443-8404,,,
주택가주변,,두레촌,한식,2006-02-20,187985.199511528,447804.858203571,2026-05-06 22:36:59,I,02,폐업,21.5,,,,1,기타,,,,2002-01-11 00:00:00,1994-09-02,21.50,158-819,서울특별시 양천구 목동 794-3,N,0,3140000-101-1994-01218,,3140000,,,03,폐업,한식,02-651-4364,,,상수도전용
주택가주변,,"신, 히로이",일식,2015-01-16,211463.435,445177.12,2026-05-06 22:51:23,I,02,폐업,192.86,,,,2,기타,,,,2013-04-16 09:46:42,1994-10-27,192.86,138-855,서울특별시 송파구 오금동 10-3 지상1층,N,1,3230000-101-1994-07925,,3230000,"서울특별시 송파구 위례성대로22길 18, 지상1층 (오금동)",05653,03,폐업,일식,02-430-0290,,,상수도전용
,,별사랑 불고기,한식,,,,2026-05-06 23:02:07,I,01,영업,30.08,,,,,,,,,2024-01-24 11:51:23,2024-01-24,30.08,138-888,서울특별시 송파구 문정동 652 송파법조타운푸르지오시티,N,,3230000-101-2024-00067,,3230000,"서울특별시 송파구 법원로4길 5, 송파법조타운푸르지오시티 B129호 (문정동)",05855,01,영업/정상,한식,,,,
,,덮밥이당,한식,2025-11-19,211619.368009793,445963.384875409,2026-05-06 23:02:06,I,02,폐업,9.42,,,,,,,,,2025-11-19 14:12:03,2023-11-09,9.42,138-829,서울특별시 송파구 방이동 89-11 올림픽프라자,N,,3230000-101-2023-00880,,3230000,"서울특별시 송파구 양재대로 1222, 올림픽프라자 지하1층 19호 (방이동)",05648,03,폐업,한식,,,,
주택가주변,,신성각,중국식,2001-01-05,187554.495170101,446594.489100671,2026-05-06 22:38:50,I,02,폐업,29.4,,,,0,기타,,,,2001-01-05 00:00:00,1998-11-30,29.40,158-861,서울특별시 양천구 신정동 1018-12,N,0,3140000-101-1998-02280,,3140000,,,03,폐업,중국식,,,,상수도전용
주택가주변,,마이웨이,경양식,1993-12-14,208682.946639076,444522.26110806,2026-05-06 22:47:15,I,02,폐업,89.33,,,,2,지도,,,,2002-09-04 00:00:00,1988-10-15,89.33,138-842,서울특별시 송파구 석촌동 15-0,N,1,3230000-101-1988-09594,,3230000,,,03,폐업,경양식,02-0419-5526,,,상수도전용
주택가주변,,진미가,한식,2006-08-22,209095.082717368,444171.995133649,2026-05-06 22:55:42,I,02,폐업,69.01,,,,0,우수,,,,2005-05-31 00:00:00,1998-06-12,69.01,138-845,서울특별시 송파구 석촌동 252-4,N,0,3230000-101-1998-04054,,3230000,,,03,폐업,한식,02-424-5152,,,상수도전용
,,해와달,한식,2010-12-06,209717.853692551,444883.096558986,2026-05-06 22:57:26,I,02,폐업,28,,,,,,,,,2009-04-16 10:30:44,2009-03-03,28.00,138-851,서울특별시 송파구 송파동 111-31 (1층),N,,3230000-101-2009-00067,,3230000,,,03,폐업,한식,,,,
주택가주변,,자매식당,한식,1992-11-12,207543.71266559,445184.948657942,2026-05-06 22:49:55,I,02,폐업,25.28,,,,1,을,,,,2002-09-04 00:00:00,1992-05-19,25.28,138-862,서울특별시 송파구 잠실동 210-53,N,0,3230000-101-1992-11947,,3230000,,,03,폐업,한식,02-0421-8196,,,상수도전용
기타,,드라마,한식,1999-04-06,,,2026-05-06 22:36:23,I,02,폐업,22.49,,,,0,기타,,,,1999-04-06 00:00:00,1992-11-14,22.49,158-070,서울특별시 양천구 신정동 514-1,N,0,3140000-101-1992-00519,,3140000,,,03,폐업,한식,,,,상수도전용
,,소마(SOMA)1095분식,분식,2005-12-19,210676.46375782,444025.501415248,2026-05-06 22:57:05,I,02,폐업,9,,,,0,,,,,2005-08-12 00:00:00,2005-04-08,9.00,138-802,서울특별시 송파구 가락동 50-1,N,0,3230000-101-2005-00162,,3230000,,,03,폐업,분식,,,,
,,88 대패,기타,2024-08-06,,,2026-05-06 23:01:50,I,02,폐업,76.99,,,,,,,,,2024-08-06 12:20:56,2021-12-02,76.99,138-888,서울특별시 송파구 문정동 643-1 엠스테이트,N,,3230000-101-2021-00866,,3230000,"서울특별시 송파구 법원로 114, 엠스테이트 B동 1층 B-120호 (문정동)",05854,03,폐업,기타,,,,
주택가주변,,다스,경양식,1993-09-21,207138.612624251,445252.816117625,2026-05-06 22:49:47,I,02,폐업,111.48,,,,0,기타,,,,2002-09-04 00:00:00,1992-12-07,111.48,138-862,서울특별시 송파구 잠실동 201-0,N,2,3230000-101-1992-08833,,3230000,,,03,폐업,경양식,02-422-3220,,,상수도전용
,,민트,까페,2017-02-22,211194.005773786,445202.368567622,2026-05-06 22:56:52,I,02,폐업,49.5,,,,0,,,,,2017-03-02 17:54:13,2003-01-17,49.50,138-855,서울특별시 송파구 오금동 18-4,N,0,3230000-101-2003-00034,,3230000,서울특별시 송파구 위례성대로20길 27 (오금동),05657,03,폐업,까페,02-443-7737,,,
주택가주변,,두레박,한식,2005-06-09,188812.395489168,447006.446847483,2026-05-06 22:42:55,I,02,폐업,62.7,,,,0,,,,,2002-12-27 00:00:00,2001-10-12,62.70,158-806,서울특별시 양천구 목동 406-258 2층,N,0,3140000-101-2001-08904,,3140000,,,03,폐업,한식,02-652-9528,,,상수도전용
유흥업소밀집지역,,앙팡치킨,정종/대포집/소주방,2001-06-15,209586.717063018,445879.674156742,2026-05-06 22:50:57,I,02,폐업,47.57,,,,2,기타,,,,2003-06-17 00:00:00,1994-01-17,47.57,138-827,서울특별시 송파구 방이동 36-7,N,0,3230000-101-1994-03866,,3230000,,,03,폐업,정종/대포집/소주방,02-430-5384,,,상수도전용
아파트지역,,멕시칸치킨,분식,1994-08-19,210749.224970991,445161.258714865,2026-05-06 22:50:13,I,02,폐업,34.22,,,,1,기타,,,,2003-09-24 00:00:00,1993-03-29,34.22,138-835,서울특별시 송파구 방이동 212-8,N,0,3230000-101-1993-05268,,3230000,,,03,폐업,분식,02-0424-9866,,,상수도전용
,,먼슬리키친 문정점,한식,2025-05-14,,,2026-05-06 23:01:49,I,02,폐업,30.6,,,,,,,,,2025-05-14 09:04:41,2021-10-13,30.60,138-888,서울특별시 송파구 문정동 641-11 한양타워,N,,3230000-101-2021-00758,,3230000,"서울특별시 송파구 법원로11길 12, 한양타워 지하1층 17호 (문정동)",05836,03,폐업,한식,02-553-2705,,,
주택가주변,,거여반점,중국식,2002-03-16,212940.560889026,443262.827661663,2026-05-06 22:51:38,I,02,폐업,27.73,,,,1,을,,,,2003-06-23 00:00:00,1994-06-17,27.73,138-815,서울특별시 송파구 거여동 258-141,N,1,3230000-101-1994-10266,,3230000,,,03,폐업,중국식,02-401-0144,,,상수도전용
주택가주변,,119닭발,한식,2018-04-09,212656.333921213,443541.659573656,2026-05-06 22:56:33,I,02,폐업,23.1,,,,0,자율,,,,2018-04-09 14:13:59,2000-11-07,23.10,138-813,서울특별시 송파구 거여동 22-11,N,0,3230000-101-2000-15829,,3230000,서울특별시 송파구 오금로59길 5 (거여동),05744,03,폐업,한식,02-443-4122,,,
,,미가도시락목동점,분식,2018-03-15,188584.345447275,447255.070457495,2026-05-06 22:43:03,I,02,폐업,21.8,,,,0,,,,,2018-04-17 16:07:25,2002-01-22,21.80,158-050,서울특별시 양천구 목동 923-14 드림타워 지하31호,N,0,3140000-101-2002-00029,,3140000,"서울특별시 양천구 목동동로 233-1 (목동,드림타워 지하31호)",07995,03,폐업,분식,02-3663-0059,,,상수도전용
,,교자당,한식,2019-04-08,185564.088710547,447592.632436479,2026-05-06 22:45:44,I,02,폐업,26.4,,,,,,,,,2019-04-08 11:07:31,2009-08-31,26.40,158-827,서울특별시 양천구 신월동 116-25 1층,N,,3140000-101-2009-08180,,3140000,"서울특별시 양천구 곰달래로13길 6, 1층 (신월동)",07923,03,폐업,한식,02-2699-0992,,,
,,버거탐나,기타,2013-04-29,210365.799993159,445669.104371916,2026-05-06 22:57:38,I,02,폐업,25,,,,,,,,,2011-08-16 11:16:36,2011-08-16,25.00,138-832,서울특별시 송파구 방이동 156 지상1층,N,,3230000-101-2011-00372,,3230000,,,03,폐업,기타,02-2203-3383,,,
,,다락로스터스,기타,,188099.194967004,449699.73825866,2026-05-06 22:52:16,I,01,영업,33,,,,,,,,,2025-03-11 14:56:24,2025-03-11,33.00,158-811,서울특별시 양천구 목동 608-1,N,,3140000-101-2025-00055,,3140000,"서울특별시 양천구 목동중앙북로5길 30, 1층 (목동)",07946,01,영업/정상,기타,,,,
기타,,샬레,분식,2002-10-07,210763.214977124,443068.010049428,2026-05-06 22:56:43,I,02,폐업,87.33,,,,,기타,,,,2003-07-24 00:00:00,2001-10-19,87.33,138-806,서울특별시 송파구 가락동 102-24 (2층),N,,3230000-101-2001-16897,,3230000,,,03,폐업,분식,02-443-3424,,,
,,루체디베네치아,패밀리레스트랑,2022-07-05,187517.19988666,446609.178240389,2026-05-06 22:49:44,I,02,폐업,168.52,,,,,,,,,2022-07-05 09:57:48,2018-04-16,168.52,158-861,서울특별시 양천구 신정동 1026-4 준빌딩 지상3층,Y,,3140000-101-2018-00082,,3140000,"서울특별시 양천구 신월로 348, 준빌딩 지상3층 (신정동)",08086,03,폐업,패밀리레스트랑,02-2061-9445,,,상수도전용
아파트지역,,마당치킨,분식,1991-03-28,185074.272528587,446453.326305336,2026-05-06 22:35:55,I,02,폐업,24.32,,,,1,지도,,,,2001-09-28 00:00:00,1989-04-06,24.32,158-845,서울특별시 양천구 신월동 955-11,N,0,3140000-101-1989-03591,,3140000,,,03,폐업,분식,02-0000-0000,,,상수도전용
,,신월커피,기타,2025-07-07,185011.388536671,447492.493293458,2026-05-06 22:49:35,I,02,폐업,60.09,,,,,,,,,2025-07-07 11:38:46,2017-09-14,60.09,158-830,서울특별시 양천구 신월동 205-23 1층,N,,3140000-101-2017-00220,,3140000,"서울특별시 양천구 남부순환로58길 27-1, 1층 (신월동)",07915,03,폐업,기타,02-2699-8572,,,
기타,,진미식당,한식,2001-10-12,209775.445079843,445464.175059931,2026-05-06 22:50:46,I,02,폐업,28.28,,,,0,기타,,,,2003-06-16 00:00:00,1993-11-15,28.28,138-829,서울특별시 송파구 방이동 104-13,N,0,3230000-101-1993-13839,,3230000,,,03,폐업,한식,02-418-3547,,,상수도전용
주택가주변,,낙지촌떡복이마을,분식,2011-08-24,188874.22415416,446241.479089093,2026-05-06 22:38:57,I,02,폐업,25.23,,,,0,기타,,,,2011-04-07 11:09:05,1998-08-31,25.23,158-849,서울특별시 양천구 신정동 129-22,N,0,3140000-101-1998-05516,,3140000,,,03,폐업,분식,02-2654-1960,,,상수도전용
,,버디,기타,,187587.063452976,446444.996171878,2026-05-06 22:50:33,I,01,영업,60.2,,,,,,,,,2020-08-20 16:22:59,2020-07-29,60.20,158-861,서울특별시 양천구 신정동 1021-9,N,,3140000-101-2020-00213,,3140000,"서울특별시 양천구 중앙로32길 61, 지층3호 (신정동)",08087,01,영업/정상,기타,,,,
,,사랑방,한식,,210780.126180232,441730.920486073,2026-05-06 22:57:33,I,01,영업,86,,,,,,,,,2025-07-08 15:11:50,2010-05-19,86.00,138-961,서울특별시 송파구 문정동 632 가든파이브 웍스동 지하1층 BF-1071호,N,,3230000-101-2010-00241,,3230000,"서울특별시 송파구 충민로 52, 지하1층 BF-1071호 (문정동, 가든파이브 웍스동)",05839,01,영업/정상,한식,,,,
,,리사랑비빔밥,한식,,209412.197809542,443928.783342251,2026-05-06 23:02:14,I,01,영업,17.76,,,,,,,,,2025-01-03 16:50:19,2025-01-03,17.76,138-160,서울특별시 송파구 가락동 913 헬리오시티,N,,3230000-101-2025-00011,,3230000,"서울특별시 송파구 송파대로 345, 근린생활시설1A동 지하1층 B065호 (가락동, 헬리오시티)",05698,01,영업/정상,한식,,,,
주택가주변,,쏘렌토,한식,2014-09-11,,,2026-05-06 22:55:32,I,02,폐업,49.68,,,,,우수,,,,2014-05-28 14:56:58,1997-09-11,49.68,138-200,서울특별시 송파구 문정동 산 42-2,N,,3230000-101-1997-10839,,3230000,,,03,폐업,한식,02-203-3805,,,상수도전용
,,삼보당호떡 롯데월드몰,기타,2022-11-08,209074.900840074,445657.80932984,2026-05-06 23:01:30,I,02,폐업,16.02,,,,,,,,,2022-11-08 12:28:41,2018-10-16,16.02,138-934,서울특별시 송파구 신천동 29 롯데월드타워앤드롯데월드몰,N,,3230000-101-2018-00699,,3230000,"서울특별시 송파구 올림픽로 300, 롯데월드타워앤드롯데월드몰 캐쥬얼동 5층 (신천동)",05551,03,폐업,기타,,,,
,,우치 닭발,한식,,212721.851392853,443595.751962782,2026-05-06 22:57:03,I,01,영업,96,,,,0,,,,,2020-11-12 10:30:01,2004-11-11,96.00,138-813,서울특별시 송파구 거여동 174-4 지상2층,N,0,3230000-101-2004-00652,,3230000,"서울특별시 송파구 거마로 13 (거여동,지상2층)",05744,01,영업/정상,한식,02-443-9494,,,
,,오워래 수제돈까스,분식,,208707.089897534,446299.352775446,2026-05-06 23:01:30,I,01,영업,34.98,,,,,,,,,2023-04-17 10:48:51,2018-11-09,34.98,138-934,서울특별시 송파구 신천동 7 장미아파트,N,,3230000-101-2018-00763,,3230000,"서울특별시 송파구 올림픽로35길 104, 내제1동 지하층 11-1호 (신천동, 장미아파트)",05504,01,영업/정상,분식,,,,
,,강구물횟집,한식,2018-08-20,188654.372776486,446891.746323162,2026-05-06 22:43:38,I,02,폐업,62.7,,,,0,,,,,2018-08-20 14:01:14,2002-10-04,62.70,158-806,서울특별시 양천구 목동 405-145,N,0,3140000-101-2002-00524,,3140000,서울특별시 양천구 목동동로14길 10 (목동),08005,03,폐업,한식,02-2643-9256,,,
주택가주변,,옛날죽염구이,분식,1999-09-08,212890.515655848,443406.22325143,2026-05-06 22:50:34,I,02,폐업,31.36,,,,2,기타,,,,2003-06-03 00:00:00,1993-04-21,31.36,138-814,서울특별시 송파구 거여동 31-12,N,0,3230000-101-1993-07635,,3230000,,,03,폐업,분식,02-407-9679,,,상수도전용
,,대홍 샤브샤브,호프/통닭,,207254.30080788,445295.238895872,2026-05-06 22:57:02,I,01,영업,97,,,,0,,,,,2023-01-09 17:21:27,2004-07-09,97.00,138-861,서울특별시 송파구 잠실동 188-9 지상2층,N,0,3230000-101-2004-00437,,3230000,"서울특별시 송파구 백제고분로9길 33, 지상2층 (잠실동)",05560,01,영업/정상,호프/통닭,02-421-3444,,,상수도전용
,,케이6송탄부대찌개,한식,,187917.04763359,447773.630945821,2026-05-06 22:50:02,I,01,영업,132,,,,,,,,,2023-02-23 11:06:05,2019-04-17,132.00,158-819,서울특별시 양천구 목동 793-2 1층,N,,3140000-101-2019-00097,,3140000,"서울특별시 양천구 등촌로 24, 1층 (목동)",07966,01,영업/정상,한식,02-2643-3300,,,
,,오뚜기,호프/통닭,,186983.338908039,446388.67138676,2026-05-06 22:47:12,I,01,영업,38.02,,,,,,,,,2012-09-27 13:46:25,2012-09-27,38.02,158-070,서울특별시 양천구 신정동 1032-2 1층,N,,3140000-101-2012-00250,,3140000,"서울특별시 양천구 중앙로 260-1 (신정동, 1층)",08082,01,영업/정상,호프/통닭,,,,
,,포카드,경양식,,207129.271568298,445400.766269547,2026-05-06 23:02:17,I,01,영업,92.4,,,,,,,,,2026-03-05 15:20:58,2025-04-25,92.40,138-861,서울특별시 송파구 잠실동 180-2 SJ 에비뉴힐스,N,,3230000-101-2025-00239,,3230000,"서울특별시 송파구 백제고분로7길 23, SJ 에비뉴힐스 2층 (잠실동)",05557,01,영업/정상,경양식,,,,
,,꼬꼬초이스,호프/통닭,2004-05-21,186212.899646742,446651.003825184,2026-05-06 22:43:05,I,02,폐업,23.1,,,,0,,,,,2002-02-07 00:00:00,2002-02-07,23.10,158-090,서울특별시 양천구 신월동 902 일반상가118호,N,0,3140000-101-2002-00069,,3140000,,,03,폐업,호프/통닭,02-2647-9330,,,상수도전용
주택가주변,,향림,한식,1999-07-20,213004.853718848,443339.161695793,2026-05-06 22:55:00,I,02,폐업,24.12,,,,1,기타,,,,2005-02-01 00:00:00,1996-12-11,24.12,138-815,서울특별시 송파구 거여동 546-12,N,0,3230000-101-1996-11044,,3230000,,,03,폐업,한식,02-449-3327,,,상수도전용
,,상희네,기타,2013-01-09,185692.551545586,447374.522041433,2026-05-06 22:44:29,I,02,폐업,55.8,,,,0,,,,,2011-10-19 16:35:16,2004-10-15,55.80,158-831,서울특별시 양천구 신월동 235-7 샤르망 114호,N,0,3140000-101-2004-00411,,3140000,,,03,폐업,기타,02-2691-2050,,,상수도전용
,,1989떡다방 마천점,분식,2025-01-06,213325.445666505,444007.411370767,2026-05-06 23:01:36,I,02,폐업,25,,,,,,,,,2025-01-06 09:15:39,2019-08-27,25.00,138-819,서울특별시 송파구 마천동 144-5,N,,3230000-101-2019-00638,,3230000,"서울특별시 송파구 성내천로32길 18, 1층 101호 (마천동)",05751,03,폐업,분식,,,,
기타,,상상,호프/통닭,2002-01-24,188722.53075328,446477.675714555,2026-05-06 22:41:47,I,02,폐업,49.5,,,,0,기타,,,,2002-01-30 00:00:00,2000-12-18,49.50,158-852,서울특별시 양천구 신정동 296-108,N,0,3140000-101-2000-08203,,3140000,,,03,폐업,호프/통닭,,,,상수도전용
,,이웃식당,경양식,2019-07-08,209753.885761824,444672.27074728,2026-05-06 23:01:23,I,02,폐업,24.44,,,,,,,,,2019-07-08 09:51:18,2018-01-03,24.44,138-850,서울특별시 송파구 송파동 93-4 101호,N,,3230000-101-2018-00005,,3230000,"서울특별시 송파구 백제고분로42길 30, 1층 101호 (송파동)",05668,03,폐업,경양식,,,,
주택가주변,,런던치킨호프,한식,1994-12-19,187581.377183294,447068.526916195,2026-05-06 22:35:29,I,02,폐업,19.81,,,,1,지도,,,,2001-09-28 00:00:00,1982-08-23,19.81,158-857,서울특별시 양천구 신정동 903-28,N,1,3140000-101-1982-00240,,3140000,,,03,폐업,한식,02-0690-0986,,,상수도전용
주택가주변,,호미집,한식,2007-11-19,185979.011837438,446807.995616955,2026-05-06 22:38:58,I,02,폐업,31.9,,,,0,기타,,,,2002-01-22 00:00:00,1998-11-24,31.90,158-833,서울특별시 양천구 신월동 444-20,N,0,3140000-101-1998-05596,,3140000,,,03,폐업,한식,02-695-9015,,,상수도전용
기타,,길옥,분식,2001-09-11,211358.758041198,445248.724359252,2026-05-06 22:56:38,I,02,폐업,26.4,,,,,기타,,,,2003-07-25 00:00:00,2001-05-04,26.40,138-855,서울특별시 송파구 오금동 11-0 (현대백조A상가106호),N,,3230000-101-2001-16345,,3230000,,,03,폐업,분식,,,,
,,동진정육식당,식육(숯불구이),2018-05-31,187436.682189037,447045.300116029,2026-05-06 22:49:22,I,02,폐업,192.18,,,,,,,,,2018-05-31 17:43:17,2016-10-28,192.18,158-857,서울특별시 양천구 신정동 908-17 지상2층,Y,,3140000-101-2016-00275,,3140000,"서울특별시 양천구 오목로 191, 지상2층 (신정동)",07944,03,폐업,식육(숯불구이),,,,상수도전용
주택가주변,,두메산골,한식,1997-12-02,187812.251522725,447321.355219935,2026-05-06 22:37:24,I,02,폐업,26.62,,,,2,기타,,,,2001-09-28 00:00:00,1995-04-03,26.62,158-857,서울특별시 양천구 신정동 895-20,N,0,3140000-101-1995-01381,,3140000,,,03,폐업,한식,02-601-5764,,,상수도전용
주택가주변,,술이좋은친구들,분식,2004-08-31,213126.670861898,444316.543041448,2026-05-06 22:56:32,I,02,폐업,26.4,,,,0,자율,,,,2003-07-23 00:00:00,2000-09-19,26.40,138-818,서울특별시 송파구 마천동 90-12,N,0,3230000-101-2000-15679,,3230000,,,03,폐업,분식,02-430-0787,,,
,,굿모닝369치킨,통닭(치킨),2005-01-26,211839.046166732,443659.256243571,2026-05-06 22:56:51,I,02,폐업,26.4,,,,0,,,,,2002-11-23 00:00:00,2002-11-23,26.40,138-812,서울특별시 송파구 가락동 181-15,N,0,3230000-101-2002-17952,,3230000,,,03,폐업,통닭(치킨),02-401-3693,,,
,,토담옛날통닭(신월점),호프/통닭,2025-02-11,185997.860469386,446178.925933671,2026-05-06 22:51:22,I,02,폐업,31.5,,,,,,,,,2025-02-11 13:06:41,2023-06-30,31.50,158-841,서울특별시 양천구 신월동 550-9,N,,3140000-101-2023-00196,,3140000,"서울특별시 양천구 신월로16길 6, 1층 102호 (신월동)",08064,03,폐업,호프/통닭,,,,
,,킹즈클럽,감성주점,,,,2026-05-06 23:01:38,I,01,영업,148.19,,,,,,,,,2022-01-12 21:19:43,2019-12-09,148.19,138-888,서울특별시 송파구 문정동 652-4 힐스테이트에코문정,Y,,3230000-101-2019-00909,,3230000,"서울특별시 송파구 법원로4길 10, B102호 (문정동)",05855,01,영업/정상,감성주점,,,,
,,통큰만두,분식,2007-05-11,188871.823826427,446262.117939035,2026-05-06 22:43:06,I,02,폐업,23,,,,0,,,,,2002-03-13 00:00:00,2002-03-13,23.00,158-849,서울특별시 양천구 신정동 129-16,N,0,3140000-101-2002-00125,,3140000,,,03,폐업,분식,02-2644-0959,,,상수도전용
주택가주변,,거금도,한식,2012-10-15,210174.7731322,445002.235824616,2026-05-06 22:50:36,I,02,폐업,83.39,,,,1,기타,,,,2007-10-29 15:41:06,1993-01-15,83.39,138-852,서울특별시 송파구 송파동 143-7,N,1,3230000-101-1993-07975,,3230000,,,03,폐업,한식,02-0416-2800,,,상수도전용
,,홍콩반점0410 양천구청점,중국식,2023-01-02,187734.983111761,446030.714521005,2026-05-06 22:50:34,I,02,폐업,59.53,,,,,,,,,2023-01-02 09:47:20,2020-08-26,59.53,158-070,서울특별시 양천구 신정동 323-9 이스타빌1층 A동 101호,N,,3140000-101-2020-00247,,3140000,"서울특별시 양천구 목동서로 377, 이스타빌 A동 1층 101호 (신정동)",08093,03,폐업,중국식,02-6094-3791,,,
,,시골숯불치킨,통닭(치킨),2009-06-04,211167.359547755,442877.218062501,2026-05-06 22:57:22,I,02,폐업,26.4,,,,,,,,,2008-02-26 13:18:37,2008-01-08,26.40,138-824,서울특별시 송파구 문정동 21-12 지상1층,N,,3230000-101-2008-00010,,3230000,,,03,폐업,통닭(치킨),,,,
,,혜성유황오리,한식,2012-12-11,187028.039391749,446084.242575663,2026-05-06 22:43:41,I,02,폐업,89,,,,0,,,,,2011-04-28 10:40:32,2002-10-23,89.00,158-863,서울특별시 양천구 신정동 1148-12,N,0,3140000-101-2002-00571,,3140000,,,03,폐업,한식,02-2698-5653,,,
기타,,이모김밥,분식,2001-06-12,209288.472788912,445003.567286128,2026-05-06 22:56:28,I,02,폐업,9.9,,,,0,기타,,,,2005-02-15 00:00:00,2000-06-13,9.90,138-848,서울특별시 송파구 송파동 15-4,N,0,3230000-101-2000-15265,,3230000,,,03,폐업,분식,02-415-6259,,,
,,바르다김선생 석촌호수점,분식,2024-04-23,208681.402223879,444879.056733741,2026-05-06 23:01:24,I,02,폐업,46.46,,,,,,,,,2024-04-30 16:34:20,2018-02-22,46.46,138-842,서울특별시 송파구 석촌동 24-11,N,,3230000-101-2018-00098,,3230000,"서울특별시 송파구 송파대로49길 52, 나인파크 A동 1층 102호 (석촌동)",05611,03,폐업,분식,,,,
주택가주변,,마천고을,한식,2013-05-09,213702.120938158,443565.249051177,2026-05-06 22:55:54,I,02,폐업,19.25,,,,0,우수,,,,2011-06-16 10:29:29,1999-06-28,19.25,138-820,서울특별시 송파구 마천동 286-8,N,0,3230000-101-1999-00238,,3230000,,,03,폐업,한식,02-3402-0885,,,상수도전용
주택가주변,,아이비레스토랑,분식,2005-05-25,211211.329027963,445172.891254819,2026-05-06 22:48:20,I,02,폐업,56.15,,,,2,을,,,,2004-04-19 00:00:00,1990-12-08,56.15,138-130,"서울특별시 송파구 오금동 18-18 ,19",N,0,3230000-101-1990-06665,,3230000,,,03,폐업,분식,02-410-3360,,,상수도전용
주택가주변,,전주식당,한식,2000-11-08,211634.01880372,443559.704782531,2026-05-06 22:52:09,I,02,폐업,16.32,,,,1,갑,,,,2004-04-20 00:00:00,1994-04-15,16.32,138-812,서울특별시 송파구 가락동 194-8,N,0,3230000-101-1994-13418,,3230000,,,03,폐업,한식,02-406-6386,,,상수도전용
,,전통평안도 토종 순대국,한식,2024-02-16,210874.575860352,444272.628411396,2026-05-06 22:57:35,I,02,폐업,28,,,,,,,,,2024-02-16 09:49:31,2010-11-08,28.00,138-801,서울특별시 송파구 가락동 30-1,N,,3230000-101-2010-00554,,3230000,서울특별시 송파구 오금로36길 37 (가락동),05704,03,폐업,한식,,,,
,,Thirsty Ant,기타,,209448.729118958,444914.983221275,2026-05-06 23:01:53,I,01,영업,62.28,,,,,,,,,2023-08-16 14:46:06,2022-03-30,62.28,138-848,서울특별시 송파구 송파동 18-11 굿피플오피스 송파,N,,3230000-101-2022-00166,,3230000,"서울특별시 송파구 백제고분로41길 7-15, 굿피플오피스 송파 9층 (송파동)",05626,01,영업/정상,기타,,,,
,,신화 닭발,한식,2014-06-26,213217.762929912,443310.269418656,2026-05-06 22:57:31,I,02,폐업,30.67,,,,,,,,,2014-05-27 18:33:12,2010-04-29,30.67,138-815,서울특별시 송파구 거여동 226-7 지상1층,N,,3230000-101-2010-00211,,3230000,"서울특별시 송파구 오금로68길 11 (거여동,지상1층)",05774,03,폐업,한식,,,,
,,(유)유달분식,한식,2011-04-22,209790.959909032,443481.212174317,2026-05-06 22:57:30,I,02,폐업,58,,,,,,,,,2010-01-21 12:53:40,2010-01-21,58.00,138-881,서울특별시 송파구 가락동 600 직판시장 나동1층 식당2호,N,,3230000-101-2010-00020,,3230000,,,03,폐업,한식,02-408-8844,,,
,,착한푸드,한식,2021-07-01,187977.313257171,447730.994219083,2026-05-06 22:50:10,I,02,폐업,76.86,,,,,,,,,2021-07-01 13:32:21,2019-08-13,76.86,158-819,서울특별시 양천구 목동 794-12 1층,N,,3140000-101-2019-00210,,3140000,"서울특별시 양천구 목동중앙서로6길 20-14, 1층 (목동)",07966,03,폐업,한식,,,,
기타,,미전분식,한식,1999-10-18,187063.896032922,446132.627214456,2026-05-06 22:39:01,I,02,폐업,35.46,,,,0,기타,,,,1999-10-18 00:00:00,1999-10-18,35.46,158-862,서울특별시 양천구 신정동 1052-2,N,0,3140000-101-1999-00497,,3140000,,,03,폐업,한식,,,,상수도전용
,,Tender Turtle(상냥한 거북씨),기타,,211467.795998882,442771.73993318,2026-05-06 23:01:43,I,01,영업,102.96,,,,,,,,,2022-07-21 16:47:18,2020-10-12,102.96,138-200,서울특별시 송파구 문정동 107-2 세안빌딩,N,,3230000-101-2020-00669,,3230000,"서울특별시 송파구 송이로30길 13, 세안빌딩 1층 (문정동)",05800,01,영업/정상,기타,,,,
주택가주변,,에이클럽,한식,2002-03-08,207232.331131113,445290.610616006,2026-05-06 22:55:27,I,02,폐업,102.04,,,,,자율,,,,2005-01-24 00:00:00,1997-11-14,102.04,138-861,서울특별시 송파구 잠실동 189-15,N,,3230000-101-1997-08266,,3230000,,,03,폐업,한식,02-416-9406,,,상수도전용
,,스타삼겹살양천점,한식,2018-06-25,187619.969736723,446536.48006846,2026-05-06 22:49:31,I,02,폐업,54.32,,,,,,,,,2018-06-26 09:03:04,2017-06-23,54.32,158-861,서울특별시 양천구 신정동 1020-5 지상1층,N,,3140000-101-2017-00161,,3140000,"서울특별시 양천구 은행정로4길 8, 지상1층 (신정동)",08087,03,폐업,한식,02-2651-9291,,,상수도전용
기타,,오이시이,분식,2005-01-05,212669.264696271,443584.903868455,2026-05-06 22:56:32,I,02,폐업,26.4,,,,0,기타,,,,2003-07-23 00:00:00,2000-10-05,26.40,138-813,서울특별시 송파구 거여동 24-6,N,0,3230000-101-2000-15733,,3230000,,,03,폐업,분식,02-449-5841,,,
기타,,은하정,분식,2005-04-11,208589.363343145,445455.90405262,2026-05-06 22:47:13,I,02,폐업,106.95,,,,3,지도,,,,2004-04-07 00:00:00,1988-11-12,106.95,138-915,서울특별시 송파구 잠실동 40-1 식당가 11동,N,2,3230000-101-1988-07550,,3230000,,,03,폐업,분식,02-417-5693,,,상수도전용
,,혼치킨,기타,2025-05-16,210999.147228185,442439.473003436,2026-05-06 22:57:34,I,02,폐업,30,,,,,,,,,2025-05-20 14:36:35,2010-10-26,30.00,138-826,서울특별시 송파구 문정동 66-6 101호,N,,3230000-101-2010-00522,,3230000,"서울특별시 송파구 문정로4길 24-20 (문정동,101호)",05807,03,폐업,기타,02-400-1005,,,
기타,,무안낙지,한식,2008-02-11,210909.651611943,444385.960146534,2026-05-06 22:56:37,I,02,폐업,99,,,,0,기타,,,,2007-02-16 00:00:00,2001-04-24,99.00,138-800,서울특별시 송파구 가락동 19-6,N,0,3230000-101-2001-16311,,3230000,,,03,폐업,한식,02-404-5692,,,
,,귀한칼국수 본점,한식,2025-01-24,187940.112783536,446864.869823539,2026-05-06 22:51:35,I,02,폐업,73.8,,,,,,,,,2025-01-24 13:37:23,2023-11-06,73.80,158-860,서울특별시 양천구 신정동 1006-1 문창오피스텔,N,,3140000-101-2023-00382,,3140000,"서울특별시 양천구 오목로50길 23, 1층 102호 (신정동, 문창오피스텔)",08023,03,폐업,한식,,,,상수도전용
주택가주변,,경향칡냉면,분식,1996-06-05,212975.518704035,444110.661786942,2026-05-06 22:53:07,I,02,폐업,24.15,,,,1,을,,,,2004-06-02 00:00:00,1995-03-29,24.15,138-818,서울특별시 송파구 마천동 42-2,N,1,3230000-101-1995-05255,,3230000,,,03,폐업,분식,02-471-4393,,,상수도전용
,,철인7호,호프/통닭,2023-01-12,188112.535073523,448692.51478741,2026-05-06 22:50:37,I,02,폐업,48,,,,,,,,,2023-01-12 15:58:20,2021-01-11,48.00,158-813,서울특별시 양천구 목동 717-4 1층,N,,3140000-101-2021-00006,,3140000,"서울특별시 양천구 목동중앙남로14길 14, 1층 (목동)",07955,03,폐업,호프/통닭,,,,
,,티세서리,기타,2020-06-19,207130.404798438,445006.931699153,2026-05-06 23:01:27,I,02,폐업,22.32,,,,,,,,,2020-06-19 13:41:22,2018-06-04,22.32,138-863,서울특별시 송파구 잠실동 224-11,N,,3230000-101-2018-00374,,3230000,"서울특별시 송파구 올림픽로10길 50, 1층 103호 (잠실동)",05570,03,폐업,기타,,,,
,,압구정봉구비어,호프/통닭,,188074.602817116,448657.989936291,2026-05-06 22:48:14,I,01,영업,42.55,,,,,,,,,2022-08-11 14:12:25,2014-09-25,42.55,158-813,서울특별시 양천구 목동 718-2 공덕빌라1층 102호,N,,3140000-101-2014-00272,,3140000,"서울특별시 양천구 목동중앙남로 72, 1층 102호 (목동, 공덕빌라)",07955,01,영업/정상,호프/통닭,,,,
기타,,막창구이,한식,2002-04-18,210874.575860352,444272.628411396,2026-05-06 22:56:43,I,02,폐업,27,,,,,기타,,,,2003-07-25 00:00:00,2001-10-31,27.00,138-801,서울특별시 송파구 가락동 30-1,N,,3230000-101-2001-16935,,3230000,,,03,폐업,한식,02-403-5393,,,
,,모찌네타코야끼(양천점),기타,,185953.833207234,446052.560579806,2026-05-06 22:52:50,I,01,영업,36.09,,,,,,,,,2025-06-04 14:11:25,2025-06-04,36.09,158-090,서울특별시 양천구 신월동 1075 목동 센트럴 아이파크 위브 1단지,N,,3140000-101-2025-00155,,3140000,"서울특별시 양천구 남부순환로83길 17, 상가동 지하1층 1-11호 (신월동, 목동 센트럴 아이파크 위브 1단지)",08066,01,영업/정상,기타,,,,
,,이가장충왕족발,기타,2014-11-03,210901.337482882,443474.383769008,2026-05-06 22:57:42,I,02,폐업,66.5,,,,,,,,,2012-11-29 15:02:45,2012-04-27,66.50,138-806,서울특별시 송파구 가락동 121-11 지상1층,N,,3230000-101-2012-00172,,3230000,"서울특별시 송파구 송이로24길 3, 지상1층 (가락동)",05829,03,폐업,기타,,,,
주택가주변,,그랑데뷰,분식,2000-12-07,188555.643850446,446305.287756674,2026-05-06 22:41:00,I,02,폐업,27,,,,0,기타,,,,2000-12-07 00:00:00,2000-06-16,27.00,158-852,서울특별시 양천구 신정동 294-58,N,0,3140000-101-2000-07846,,3140000,,,03,폐업,분식,,,,상수도전용
주택가주변,,동오원,중국식,2000-01-25,,,2026-05-06 22:46:30,I,02,폐업,27.15,,,,1,지도,,,,2003-06-30 00:00:00,1979-05-09,27.15,138-814,서울특별시 송파구 거여동 183-4,N,2,3230000-101-1979-10130,,3230000,,,03,폐업,중국식,02-400-4130,,,상수도전용
,,통영굴사랑,한식,2008-01-02,210621.936264598,444060.03587973,2026-05-06 22:57:16,I,02,폐업,79.34,,,,0,,,,,2007-03-13 00:00:00,2006-10-13,79.34,138-801,서울특별시 송파구 가락동 47-12,N,0,3230000-101-2006-00450,,3230000,,,03,폐업,한식,,,,
,,춘향골추어탕,한식,2009-10-22,210686.071774666,448129.202417804,2026-05-06 22:56:50,I,02,폐업,23,,,,0,,,,,2007-04-18 00:00:00,2002-09-23,23.00,138-873,서울특별시 송파구 풍납동 482-8,N,0,3230000-101-2002-17766,,3230000,,,03,폐업,한식,02-484-6283,,,
,,CIELTRI(씨엘트리),기타,2026-03-04,209606.441404412,445264.944286201,2026-05-06 23:01:33,I,02,폐업,85,,,,,,,,,2026-03-04 11:04:17,2019-04-15,85.00,138-849,서울특별시 송파구 송파동 42-6,N,,3230000-101-2019-00269,,3230000,"서울특별시 송파구 백제고분로45길 17-3, 4층 (송파동)",05622,03,폐업,기타,,,,
,,오니샐러드(oni salad),기타,,209934.09577329,446031.802965689,2026-05-06 23:01:48,I,01,영업,33.28,,,,,,,,,2025-08-22 11:34:25,2021-07-16,33.28,138-828,서울특별시 송파구 방이동 47 새천년잠실헤리츠오피스텔,N,,3230000-101-2021-00535,,3230000,"서울특별시 송파구 위례성대로2길 8, 새천년잠실헤리츠오피스텔 1층 112호 (방이동)",05544,01,영업/정상,기타,,,,
,,강고집저팔계,한식,2006-12-29,187963.34980306,449549.059704142,2026-05-06 22:44:13,I,02,폐업,46.2,,,,0,,,,,2005-06-07 00:00:00,2004-04-07,46.20,158-811,서울특별시 양천구 목동 616-11,N,0,3140000-101-2004-00110,,3140000,,,03,폐업,한식,02-2655-0683,,,상수도전용
주택가주변,,동궁,한식,2006-06-08,210456.529227954,445626.363406429,2026-05-06 22:54:59,I,02,폐업,26.86,,,,1,기타,,,,2004-09-06 00:00:00,1996-06-05,26.86,138-830,서울특별시 송파구 방이동 158-9,N,1,3230000-101-1996-10052,,3230000,,,03,폐업,한식,02-419-9737,,,상수도전용
기타,,고공,정종/대포집/소주방,2002-09-03,207122.20022936,445436.345120895,2026-05-06 22:56:45,I,02,폐업,92.4,,,,,기타,,,,2003-07-28 00:00:00,2002-01-16,92.40,138-861,서울특별시 송파구 잠실동 180-4,N,,3230000-101-2002-17147,,3230000,,,03,폐업,정종/대포집/소주방,02-422-2766,,,
,,칠삼(73),기타,,187364.559621085,446394.837399014,2026-05-06 22:50:14,I,01,영업,33,,,,,,,,,2019-09-20 13:54:12,2019-09-20,33.00,158-862,서울특별시 양천구 신정동 1048-12 1층,N,,3140000-101-2019-00244,,3140000,"서울특별시 양천구 중앙로36길 34-1, 1층 (신정동)",08085,01,영업/정상,기타,,,,
,,치킨피아,통닭(치킨),2009-02-23,212391.502186565,444075.013277142,2026-05-06 22:57:25,I,02,폐업,17.21,,,,,,,,,2008-12-01 10:59:43,2008-12-01,17.21,138-859,서울특별시 송파구 오금동 146 (1층),N,,3230000-101-2008-00423,,3230000,,,03,폐업,통닭(치킨),02-431-4321,,,
,,자매식당,한식,2003-10-21,186347.202317979,447016.582704026,2026-05-06 22:43:22,I,02,폐업,29.7,,,,0,,,,,2002-07-31 00:00:00,2002-07-31,29.70,158-837,서울특별시 양천구 신월동 479-1 103호,N,0,3140000-101-2002-00392,,3140000,,,03,폐업,한식,02-2601-4118,,,
,,난바우동 가락점,일식,2023-12-29,210931.327279915,444358.279092223,2026-05-06 23:01:48,I,02,폐업,20,,,,,,,,,2023-12-29 10:40:54,2021-07-27,20.00,138-800,서울특별시 송파구 가락동 17-2,N,,3230000-101-2021-00560,,3230000,"서울특별시 송파구 오금로36길 25, 1층 102호 (가락동)",05703,03,폐업,일식,,,,
아파트지역,,전주집,한식,2002-10-11,208187.623477261,445589.718583334,2026-05-06 22:55:13,I,02,폐업,26.07,,,,1,기타,,,,2004-09-01 00:00:00,1996-01-19,26.07,138-916,서울특별시 송파구 잠실동 27-6 중앙상가 지층 1-5,N,1,3230000-101-1996-11333,,3230000,,,03,폐업,한식,02-418-1501,,,상수도전용
주택가주변,,피자헛 가락문정점,패스트푸드,,211382.040624514,442417.241712676,2026-05-06 22:48:55,I,01,영업,106.65,,,,3,을,,,,2020-11-04 14:15:58,1993-12-17,106.65,138-200,서울특별시 송파구 문정동 96-11,N,2,3230000-101-1991-03653,,3230000,"서울특별시 송파구 새말로 141, 1층 (문정동)",05802,01,영업/정상,패스트푸드,02-449-0709,,,상수도전용
,,HOLO,분식,,209412.197809542,443928.783342251,2026-05-06 23:02:00,I,01,영업,16.33,,,,,,,,,2025-11-27 15:46:54,2023-01-17,16.33,138-160,서울특별시 송파구 가락동 913 헬리오시티,N,,3230000-101-2023-00030,,3230000,"서울특별시 송파구 송파대로 345, 근린생활시설1에이동 제지1층 제비007호 (가락동, 헬리오시티)",05698,01,영업/정상,분식,,,,
주택가주변,,기사스넥,한식,2009-05-13,213042.490140745,444329.026372434,2026-05-06 22:50:51,I,02,폐업,16.64,,,,1,기타,,,,2004-04-06 00:00:00,1993-08-31,16.64,138-818,서울특별시 송파구 마천동 49-18,N,0,3230000-101-1993-14084,,3230000,,,03,폐업,한식,02-431-0887,,,상수도전용
,,샌드위밋 목동점,기타,2021-10-05,188572.016057016,447304.797406592,2026-05-06 22:50:37,I,02,폐업,212.21,,,,,,,,,2021-10-05 14:06:14,2020-12-17,212.21,158-050,서울특별시 양천구 목동 923-12 삼성화재서비스빌딩 1층,N,,3140000-101-2020-00370,,3140000,"서울특별시 양천구 목동동로 233-3, 삼성화재서비스빌딩 1층 (목동)",07995,03,폐업,기타,,,,
주택가주변,,삐에로,경양식,1995-05-10,,,2026-05-06 22:51:30,I,02,폐업,78.81,,,,1,기타,,,,2003-07-03 00:00:00,1994-12-01,78.81,138-120,서울특별시 송파구 마천동 산 176-23,N,1,3230000-101-1994-08812,,3230000,,,03,폐업,경양식,02-400-5336,,,상수도전용
,,홍차이나,중국식,2018-09-28,188802.327942593,446683.117843581,2026-05-06 22:47:08,I,02,폐업,26.5,,,,,,,,,2018-09-28 11:03:09,2012-04-25,26.50,158-849,서울특별시 양천구 신정동 86-30 1층,N,,3140000-101-2012-00092,,3140000,"서울특별시 양천구 신목로 83 (신정동, 1층)",08010,03,폐업,중국식,,,,
,,손큰부자 콩나물국밥,한식,2025-05-16,212643.860107402,444170.320122251,2026-05-06 22:57:42,I,02,폐업,46.5,,,,,,,,,2025-06-04 15:55:58,2012-04-20,46.50,138-817,서울특별시 송파구 마천동 32 윤진빌딩 지상1층,N,,3230000-101-2012-00162,,3230000,"서울특별시 송파구 마천로 238, 지상1층 (마천동, 윤진빌딩)",05737,03,폐업,한식,070-8160-7806,,,
,,My Kang(마이 강),기타,2021-03-03,,,2026-05-06 23:01:25,I,02,폐업,34.4,,,,,,,,,2021-03-03 12:04:26,2018-04-18,34.40,138-888,서울특별시 송파구 문정동 642 송파 테라타워2,N,,3230000-101-2018-00249,,3230000,"서울특별시 송파구 송파대로 201, 송파 테라타워2 B동 1층 B-118호 (문정동)",05854,03,폐업,기타,,,,
,,타코다,한식,,186124.823514868,446302.506398335,2026-05-06 22:51:20,I,01,영업,28,,,,,,,,,2024-04-05 10:25:23,2023-04-28,28.00,158-842,서울특별시 양천구 신월동 601-21,N,,3140000-101-2023-00130,,3140000,"서울특별시 양천구 신월로 184-1, 1층 일부호 (신월동)",08064,01,영업/정상,한식,,,,
,,어죽맛집 예당,한식,2025-12-08,187855.121963399,447197.927718963,2026-05-06 22:50:47,I,02,폐업,69,,,,,,,,,2025-12-08 14:12:25,2021-11-08,69.00,158-856,서울특별시 양천구 신정동 888-44,N,,3140000-101-2021-00328,,3140000,"서울특별시 양천구 신정중앙로23길 7, 1층 (신정동)",07938,03,폐업,한식,,,,
주택가주변,,다미가,분식,2002-05-22,210467.476335138,443605.315173322,2026-05-06 22:55:18,I,02,폐업,43.2,,,,,우수,,,,2003-07-18 00:00:00,1997-11-19,43.20,138-805,서울특별시 송파구 가락동 98-0,N,,3230000-101-1997-04223,,3230000,,,03,폐업,분식,02-401-2045,,,상수도전용
아파트지역,,타워호프,기타,2009-10-20,188953.066831076,447333.569187997,2026-05-06 22:44:06,I,02,폐업,43.57,,,,0,,,,,2009-08-18 17:32:06,2003-10-14,43.57,158-050,서울특별시 양천구 목동 917-9 현대41타워 1층18호전부(목동동로 263),N,0,3140000-101-2003-00518,,3140000,,,03,폐업,기타,02-2168-3004,,,상수도전용
아파트지역,,동원,중국식,2009-07-18,206397.34797252,444963.233863255,2026-05-06 22:47:09,I,02,폐업,152.23,,,,0,갑,,,,2009-06-25 13:34:43,1987-04-07,152.23,138-892,서울특별시 송파구 잠실동 101-1 지하1층,N,0,3230000-101-1987-10112,,3230000,,,03,폐업,중국식,02-416-6769,,,상수도전용
,,자담치킨 문정점,호프/통닭,,210654.50616628,442070.575741668,2026-05-06 23:01:23,I,01,영업,54.6,,,,,,,,,2025-03-13 14:25:25,2017-11-10,54.60,138-888,서울특별시 송파구 문정동 620 송파 푸르지오시티,N,,3230000-101-2017-00822,,3230000,"서울특별시 송파구 새말로 62, 1층 상가131호 (문정동, 송파 푸르지오시티)",05841,01,영업/정상,호프/통닭,,,,
,,고려원,중국식,2009-10-28,188044.780041012,447849.230599897,2026-05-06 22:45:46,I,02,폐업,23.49,,,,,,,,,2009-09-30 14:38:17,2009-09-30,23.49,158-819,서울특별시 양천구 목동 790-21 1층(곰달래길 38),N,,3140000-101-2009-08207,,3140000,,,03,폐업,중국식,02-2642-5089,,,
,,블랙존(Black Zone),한식,2009-09-10,210518.562333151,445568.206528113,2026-05-06 22:57:26,I,02,폐업,112.32,,,,,,,,,2009-08-06 14:29:01,2009-04-21,112.32,138-833,서울특별시 송파구 방이동 160-1 지하1층,N,,3230000-101-2009-00169,,3230000,,,03,폐업,한식,,,,
주택가주변,,데킬라,호프/통닭,2023-10-11,187942.517407571,447692.331540877,2026-05-06 22:37:29,I,02,폐업,69.4,,,,2,기타,,,,2023-10-11 10:08:18,1995-06-09,69.40,158-819,서울특별시 양천구 목동 805-5 지하 1층,Y,1,3140000-101-1995-02708,,3140000,"서울특별시 양천구 목동중앙서로6길 20-27 (목동,지하 1층)",07966,03,폐업,호프/통닭,02-2644-7615,,,상수도전용
,,만석집萬   集,한식,2024-11-07,208707.089897534,446299.352775446,2026-05-06 23:02:00,I,02,폐업,47.71,,,,,,,,,2024-11-07 17:38:20,2023-02-07,47.71,138-934,서울특별시 송파구 신천동 7 장미아파트,N,,3230000-101-2023-00072,,3230000,"서울특별시 송파구 올림픽로35길 104, 에이상가2동 지하층 21-1,21-2,22-1,22-2,23-1호 (신천동, 장미아파트)",05504,03,폐업,한식,,,,
,,산수갑산,한식,2003-11-01,187918.541613874,444888.208549896,2026-05-06 22:43:07,I,02,폐업,39.6,,,,0,,,,,2002-03-15 00:00:00,2002-03-15,39.60,158-851,서울특별시 양천구 신정동 191-3,N,0,3140000-101-2002-00131,,3140000,,,03,폐업,한식,02-2646-5014,,,상수도전용
주택가주변,,오대산,분식,1996-04-09,,,2026-05-06 22:52:55,I,02,폐업,25.11,,,,1,기타,,,,2004-09-01 00:00:00,1995-12-22,25.11,138-110,서울특별시 송파구 거여동 산 128-13,N,0,3230000-101-1995-05016,,3230000,,,03,폐업,분식,02-403-1462,,,상수도전용
,,북촌쌈밥,일식,2023-07-31,210512.455445532,443911.686900845,2026-05-06 23:01:58,I,02,폐업,33,,,,,,,,,2023-07-31 11:56:30,2022-10-07,33.00,138-802,서울특별시 송파구 가락동 71-3,N,,3230000-101-2022-00672,,3230000,"서울특별시 송파구 중대로9길 54, 102호 (가락동)",05713,03,폐업,일식,,,,
기타,,토크쇼,분식,2004-12-03,210423.638892666,443706.687585107,2026-05-06 22:56:47,I,02,폐업,22.4,,,,,기타,,,,2003-07-29 00:00:00,2002-04-19,22.40,138-804,서울특별시 송파구 가락동 97-0,N,,3230000-101-2002-17384,,3230000,,,03,폐업,분식,02-768-6232,,,
,,미나리냉삼,한식,,,,2026-05-06 23:01:22,I,01,영업,64.2,,,,,,,,,2025-04-17 13:18:47,2017-09-22,64.20,138-888,서울특별시 송파구 문정동 643-1 엠스테이트,N,,3230000-101-2017-00711,,3230000,"서울특별시 송파구 법원로 114, 엠스테이트 C동 127,128호 (문정동)",05854,01,영업/정상,한식,,,,
,,BBQ 거여점,호프/통닭,,212940.560889026,443262.827661663,2026-05-06 23:02:18,I,01,영업,64.7,,,,,,,,,2025-09-03 12:18:18,2025-09-03,64.70,138-815,서울특별시 송파구 거여동 258-141 보성빌딩,N,,3230000-101-2025-00516,,3230000,"서울특별시 송파구 오금로64길 17, 보성빌딩 1층 (거여동)",05777,01,영업/정상,호프/통닭,,,,
,,강촌식당 방이점,한식,,209606.089067925,445839.207472842,2026-05-06 22:56:59,I,01,영업,112.02,,,,0,,,,,2025-10-22 14:32:11,2004-02-03,112.02,138-828,서울특별시 송파구 방이동 59,N,0,3230000-101-2004-00039,,3230000,서울특별시 송파구 올림픽로32길 15 (방이동),05547,01,영업/정상,한식,02-0415-4430,,,
,,초이스타코앤버거,패스트푸드,2014-03-10,188895.844080632,447480.979609884,2026-05-06 22:47:08,I,02,폐업,76.36,,,,,,,,,2013-03-19 13:40:50,2012-04-04,76.36,158-761,서울특별시 양천구 목동 917 목동파라곤상가 지하 133호,N,,3140000-101-2012-00066,,3140000,"서울특별시 양천구 목동서로 155 (목동, 목동파라곤상가 지하 133호)",07997,03,폐업,패스트푸드,02-2062-2114,,,
,,이층다락방,기타,,188894.598568456,447037.768550977,2026-05-06 22:43:23,I,01,영업,66,,,,0,,,,,2025-02-28 15:24:07,2002-08-07,66.00,158-806,서울특별시 양천구 목동 406-216 2층,N,0,3140000-101-2002-00409,,3140000,"서울특별시 양천구 오목로 337-15, 2층 (목동)",07999,01,영업/정상,기타,02-2651-3735,,,
기타,,안동찜닭,한식,2003-06-14,212721.851392853,443595.751962782,2026-05-06 22:56:44,I,02,폐업,82.5,,,,,기타,,,,2003-07-25 00:00:00,2001-11-24,82.50,138-813,서울특별시 송파구 거여동 174-4 (1층),N,,3230000-101-2001-17013,,3230000,,,03,폐업,한식,02-406-9589,,,
주택가주변,,낙원,한식,1996-11-18,187945.039819752,447399.359370631,2026-05-06 22:35:52,I,02,폐업,143.24,,,,1,지도,,,,2001-09-28 00:00:00,1989-03-17,143.24,158-050,서울특별시 양천구 목동 808-15,N,2,3140000-101-1989-01058,,3140000,,,03,폐업,한식,,,,상수도전용
,,곤지암할매소머리국밥 신월점,호프/통닭,,185227.68774616,447498.849837473,2026-05-06 22:52:06,I,01,영업,66,,,,,,,,,2026-02-10 16:26:00,2024-12-05,66.00,158-831,서울특별시 양천구 신월동 224-1,N,,3140000-101-2024-00404,,3140000,"서울특별시 양천구 곰달래로 8, 1층 (신월동)",07924,01,영업/정상,호프/통닭,,,,
주택가주변,,향연,한식,2016-08-12,210928.085198161,444326.415030207,2026-05-06 22:50:30,I,02,폐업,32.25,,,,0,을,,,,2014-02-05 17:59:16,1993-10-25,32.25,138-800,서울특별시 송파구 가락동 17-7 지상1층,N,0,3230000-101-1993-07369,,3230000,"서울특별시 송파구 송이로17길 43, 지상1층 (가락동)",05703,03,폐업,한식,02-407-6404,,,상수도전용
주택가주변,,첼시,경양식,1999-06-03,209295.368139314,444879.115591176,2026-05-06 22:55:16,I,02,폐업,109.06,,,,0,자율,,,,2005-01-26 00:00:00,1997-05-28,109.06,138-844,서울특별시 송파구 석촌동 174-13,N,0,3230000-101-1997-00353,,3230000,,,03,폐업,경양식,02-202-5340,,,상수도전용
,,미인,기타,2021-09-06,207129.271568298,445400.766269547,2026-05-06 22:57:16,I,02,폐업,79.2,,,,0,,,,,2021-09-06 10:04:09,2006-09-28,79.20,138-861,서울특별시 송파구 잠실동 180-2 2층,N,0,3230000-101-2006-00440,,3230000,"서울특별시 송파구 백제고분로7길 23 (잠실동,2층)",05557,03,폐업,기타,,,,
,,서서울,"외국음식전문점(인도,태국등)",2023-06-30,185020.753093859,447450.671603228,2026-05-06 22:51:21,I,02,폐업,25,,,,,,,,,2023-06-30 09:48:21,2023-05-26,25.00,158-830,서울특별시 양천구 신월동 205-35 1층 105호,N,,3140000-101-2023-00158,,3140000,"서울특별시 양천구 남부순환로58길 33, 1층 105호 (신월동)",07915,03,폐업,"외국음식전문점(인도,태국등)",,,,
주택가주변,,착한스테이크,중국식,,187889.445213624,447065.764898332,2026-05-06 22:35:29,I,01,영업,78.62,,,,1,지도,,,,2025-02-17 15:03:36,1981-06-19,78.62,158-860,서울특별시 양천구 신정동 994-8,N,2,3140000-101-1981-02149,,3140000,"서울특별시 양천구 오목로50길 1, 2층 (신정동)",08022,01,영업/정상,중국식,02-697-7510,,,상수도전용
,,큰바다 해물 아구찜 잠실점,한식,2020-10-12,209087.122362019,446139.152554604,2026-05-06 23:00:07,I,02,폐업,247.43,,,,,,,,,2020-10-12 11:38:29,2013-09-04,247.43,138-934,서울특별시 송파구 신천동 11-4 잠실푸르지오 월드마크 지하1층 46~50호,N,,3230000-101-2013-00368,,3230000,"서울특별시 송파구 올림픽로35가길 9, 지하1층 46~50호 (신천동, 잠실푸르지오 월드마크)",05510,03,폐업,한식,02-422-4488,,,
,,베이비기네스(BABY GUINNESS),기타,2022-04-29,210516.191915095,441996.227705236,2026-05-06 23:01:06,I,02,폐업,140.25,,,,,,,,,2022-04-29 15:52:31,2015-03-30,140.25,138-888,서울특별시 송파구 문정동 622 한화오벨리스크 지상1층 102호,N,,3230000-101-2015-00136,,3230000,"서울특별시 송파구 충민로 5 (문정동, 한화오벨리스크 지상1층 102호)",05841,03,폐업,기타,02-409-2888,,,
,,슈바빈가르텐,통닭(치킨),2007-01-19,186936.178192265,446507.437323078,2026-05-06 22:44:28,I,02,폐업,150.3,,,,0,,,,,2004-10-04 00:00:00,2004-10-04,150.30,158-070,서울특별시 양천구 신정동 1031-2,N,0,3140000-101-2004-00390,,3140000,,,03,폐업,통닭(치킨),,,,상수도전용
주택가주변,,현이네분식,분식,1999-12-02,187829.667026734,449362.192374296,2026-05-06 22:38:57,I,02,폐업,21.42,,,,0,기타,,,,1999-12-02 00:00:00,1998-09-09,21.42,158-812,서울특별시 양천구 목동 650-1,N,0,3140000-101-1998-05527,,3140000,,,03,폐업,분식,02-644-7964,,,상수도전용
,,양철북,기타,2020-09-25,,,2026-05-06 23:01:14,I,02,폐업,49.72,,,,,,,,,2020-09-25 11:39:12,2016-05-31,49.72,138-888,서울특별시 송파구 문정동 644-2,N,,3230000-101-2016-00261,,3230000,"서울특별시 송파구 법원로11길 7, C동 1층 139호 (문정동, 문정현대지식산업센터1-2)",05836,03,폐업,기타,,,,
,,"곱창볶음,순대볶음",한식,2003-06-02,,,2026-05-06 22:56:50,I,02,폐업,16.5,,,,0,,,,,2002-10-07 00:00:00,2002-10-07,16.50,138-815,서울특별시 송파구 거여동 591-2,N,0,3230000-101-2002-17797,,3230000,,,03,폐업,한식,,,,
,,웅파이 신정점,"외국음식전문점(인도,태국등)",2022-03-15,187587.063452976,446444.996171878,2026-05-06 22:50:46,I,02,폐업,33.06,,,,,,,,,2022-03-15 13:30:58,2021-10-25,33.06,158-861,서울특별시 양천구 신정동 1021-9,N,,3140000-101-2021-00318,,3140000,"서울특별시 양천구 중앙로32길 61, 1층 112호 (신정동)",08087,03,폐업,"외국음식전문점(인도,태국등)",,,,
,,우막골,한식,2024-02-05,207764.057433815,444445.938827826,2026-05-06 22:56:56,I,02,폐업,59.4,,,,0,,,,,2024-02-05 15:49:39,2003-10-06,59.40,138-838,서울특별시 송파구 삼전동 32-25,N,0,3230000-101-2003-00625,,3230000,서울특별시 송파구 백제고분로22길 20 (삼전동),05593,03,폐업,한식,02-417-5466,,,
주택가주변,,다래궁,분식,1991-01-16,188227.336977959,447874.771386911,2026-05-06 22:35:55,I,02,폐업,27.1,,,,1,지도,,,,2001-09-28 00:00:00,1989-06-28,27.10,158-818,서울특별시 양천구 목동 775-31,N,1,3140000-101-1989-03625,,3140000,,,03,폐업,분식,02-0644-0255,,,상수도전용
주택가주변,,토속보리밭,한식,,185900.386266573,446409.876948917,2026-05-06 22:38:31,I,01,영업,99.75,,,,0,기타,,,,2025-09-09 10:54:38,1997-08-09,99.75,158-840,서울특별시 양천구 신월동 529-2 세제뉴타운아파트 1층 103호,N,0,3140000-101-1997-01833,,3140000,"서울특별시 양천구 신월로15길 15, 1층 103호 (신월동, 세제뉴타운아파트)",08031,01,영업/정상,한식,02-2605-5882,,,상수도전용
주택가주변,,르망,정종/대포집/소주방,2000-03-09,210708.612959104,448332.89261317,2026-05-06 22:46:57,I,02,폐업,51.59,,,,1,지도,,,,2003-07-03 00:00:00,1985-10-26,51.59,138-873,서울특별시 송파구 풍납동 475-9,N,1,3230000-101-1985-03846,,3230000,,,03,폐업,정종/대포집/소주방,02-0473-0580,,,상수도전용
주택가주변,,미가 바지락 손칼국수,한식,2019-08-20,209156.625332889,445034.737010414,2026-05-06 22:56:23,I,02,폐업,75.81,,,,0,자율,,,,2019-08-20 15:37:43,2000-01-31,75.81,138-844,서울특별시 송파구 석촌동 181-1 지상1층,N,0,3230000-101-2000-14770,,3230000,"서울특별시 송파구 송파대로47길 1, 지상1층 (석촌동)",05609,03,폐업,한식,02-481-8166,,,상수도전용
,,와인나라베스파,경양식,2014-06-18,209039.148023482,446007.966801057,2026-05-06 22:57:20,I,02,폐업,238.73,,,,,,,,,2014-05-23 10:54:15,2007-08-30,238.73,138-934,서울특별시 송파구 신천동 7-12 송파펀스타디움지상4층401호,N,,3230000-101-2007-00334,,3230000,"서울특별시 송파구 올림픽로35가길 16 (신천동,송파펀스타디움지상4층401호)",05510,03,폐업,경양식,02-412-3688,,,
기타,,주막이야기,분식,2008-05-22,185185.015813898,446659.351565872,2026-05-06 22:42:48,I,02,폐업,82.5,,,,0,기타,,,,2005-12-27 00:00:00,2001-08-13,82.50,158-845,서울특별시 양천구 신월동 931-2,N,0,3140000-101-2001-08761,,3140000,,,03,폐업,분식,02-696-7451,,,
,,더진한 순대국 왕족발,한식,2016-01-19,210522.971714104,448359.272970156,2026-05-06 22:59:51,I,02,폐업,39.67,,,,,,,,,2015-01-06 11:32:53,2013-06-25,39.67,138-872,서울특별시 송파구 풍납동 142-7 지상1층 101호,N,,3230000-101-2013-00244,,3230000,"서울특별시 송파구 바람드리길 36-2, 101호 (풍납동)",05518,03,폐업,한식,,,,
주택가주변,,별나라,분식,2014-06-26,,,2026-05-06 22:50:35,I,02,폐업,24.5,,,,0,기타,,,,2014-05-27 18:29:32,1993-07-07,24.50,138-815,서울특별시 송파구 거여동 216-2,N,0,3230000-101-1993-07766,,3230000,서울특별시 송파구 마천로 320 (거여동),,03,폐업,분식,02-400-3524,,,상수도전용
,,이가네 아구찜,한식,,210282.789610054,447913.317955034,2026-05-06 23:01:28,I,01,영업,33,,,,,,,,,2018-06-20 16:58:15,2018-06-20,33.00,138-874,서울특별시 송파구 풍납동 230-25 동명빌딩,N,,3230000-101-2018-00420,,3230000,"서울특별시 송파구 올림픽로51길 40, 동명빌딩 (풍납동)",05528,01,영업/정상,한식,,,,
주택가주변,,한식촌,한식,2008-11-18,211106.171180194,444346.433773176,2026-05-06 22:52:57,I,02,폐업,29.24,,,,0,우수,,,,2004-08-30 00:00:00,1995-11-08,29.24,138-800,서울특별시 송파구 가락동 12-8,N,0,3230000-101-1995-05039,,3230000,,,03,폐업,한식,02-449-9996,,,상수도전용
,,난랑,중국식,,209586.717063018,445879.674156742,2026-05-06 23:01:21,I,01,영업,317.5,,,,,,,,,2022-12-22 16:24:32,2017-07-17,317.50,138-827,서울특별시 송파구 방이동 36-7,Y,,3230000-101-2017-00530,,3230000,"서울특별시 송파구 올림픽로32길 11, 1,2층 (방이동)",05543,01,영업/정상,중국식,,,,
,,장가네순대국밥,한식,,212548.861429722,443502.516153688,2026-05-06 23:01:42,I,01,영업,51.75,,,,,,,,,2025-11-13 09:46:59,2020-08-25,51.75,138-816,서울특별시 송파구 거여동 559 삼우빌딩,N,,3230000-101-2020-00548,,3230000,"서울특별시 송파구 오금로 484, 삼우빌딩 1층 1호 (거여동)",05772,01,영업/정상,한식,,,,
,,허심천사우나,한식,2008-01-18,184560.687279761,446851.774650176,2026-05-06 22:44:02,I,02,폐업,54,,,,0,,,,,2007-06-11 00:00:00,2003-08-26,54.00,158-868,서울특별시 양천구 신월동 331-93,N,0,3140000-101-2003-00414,,3140000,,,03,폐업,한식,,,,
,,행복샵,한식,,211005.339955105,442952.05356401,2026-05-06 23:01:09,I,01,영업,27.15,,,,,,,,,2022-09-15 09:48:06,2015-09-08,27.15,138-825,서울특별시 송파구 문정동 25-5 문정리체빌,N,,3230000-101-2015-00411,,3230000,"서울특별시 송파구 동남로6길 19, 1층 102호 (문정동, 문정리체빌)",05804,01,영업/정상,한식,,,,
,,비엔비엔(Bien Bien),기타,2022-08-01,184825.763727278,448127.28783817,2026-05-06 22:49:21,I,02,폐업,26.6,,,,,,,,,2022-08-01 14:47:40,2016-10-10,26.60,158-828,서울특별시 양천구 신월동 145-1 지상1층,N,,3140000-101-2016-00249,,3140000,"서울특별시 양천구 남부순환로 357, 지상1층 (신월동)",07920,03,폐업,기타,,,,상수도전용
,,밥샵,한식,2010-03-17,210999.147228185,442439.473003436,2026-05-06 22:57:25,I,02,폐업,58.81,,,,,,,,,2009-04-10 13:08:08,2008-12-19,58.81,138-826,서울특별시 송파구 문정동 66-6 (1층),N,,3230000-101-2008-00459,,3230000,,,03,폐업,한식,02-1599-0906,,,
주택가주변,,유나인(U9),한식,2008-08-12,209502.988374958,444909.24656303,2026-05-06 22:56:16,I,02,폐업,82.6,,,,0,우수,,,,2004-01-06 00:00:00,1999-10-25,82.60,138-848,서울특별시 송파구 송파동 19-8,N,0,3230000-101-1999-14534,,3230000,,,03,폐업,한식,02-844-0889,,,상수도전용
주택가주변,,아메리칸피자,패스트푸드,1998-04-03,188938.810161214,446609.005932677,2026-05-06 22:38:45,I,02,폐업,12.36,,,,1,기타,,,,2001-09-28 00:00:00,1997-03-13,12.36,158-849,서울특별시 양천구 신정동 119-4,N,,3140000-101-1997-05647,,3140000,,,03,폐업,패스트푸드,02-649-8086,,,상수도전용
,,해머스,기타,2024-12-25,188884.075622342,447186.888604306,2026-05-06 22:52:09,I,02,폐업,0,,,,,,,,,2024-12-26 04:15:09,2024-12-18,,158-724,서울특별시 양천구 목동 916 현대하이페리온,N,,3140000-101-2024-00424,,3140000,"서울특별시 양천구 목동동로 257, 지하2층 식품관호 (목동, 현대하이페리온)",07998,03,폐업,기타,,,,
,,미식가,한식,2025-04-09,207309.338724706,445220.857334671,2026-05-06 22:59:00,I,02,폐업,33.3,,,,,,,,,2025-04-09 12:25:45,2012-11-21,33.30,138-862,서울특별시 송파구 잠실동 205-3 지상1층,N,,3230000-101-2012-00505,,3230000,"서울특별시 송파구 올림픽로12길 27, 지상1층 (잠실동)",05559,03,폐업,한식,02-421-4283,,,
주택가주변,,석촌양곱창,한식,1999-01-26,209231.869718717,444935.773392698,2026-05-06 22:55:51,I,02,폐업,28.49,,,,,우수,,,,2003-07-21 00:00:00,1998-03-05,28.49,138-844,서울특별시 송파구 석촌동 178-16,N,,3230000-101-1998-10744,,3230000,,,03,폐업,한식,02-413-3146,,,상수도전용
기타,,카스파,분식,2002-11-30,210156.706464028,444965.143769725,2026-05-06 22:56:44,I,02,폐업,26.4,,,,,기타,,,,2003-07-25 00:00:00,2001-11-26,26.40,138-852,서울특별시 송파구 송파동 143-6,N,,3230000-101-2001-17016,,3230000,,,03,폐업,분식,02-3432-0772,,,
,,짜우씽,중국식,2009-08-03,184611.490617448,447895.857460494,2026-05-06 22:45:29,I,02,폐업,29.96,,,,,,,,,2008-08-11 11:46:48,2008-08-11,29.96,158-829,서울특별시 양천구 신월동 177-6 1층(신곡길 63),N,,3140000-101-2008-09142,,3140000,,,03,폐업,중국식,02-2606-0307,,,상수도전용
,,알랑치킨,통닭(치킨),2016-01-07,186943.28186023,446311.109320231,2026-05-06 22:48:39,I,02,폐업,29.7,,,,,,,,,2015-03-09 15:35:07,2015-03-09,29.70,158-864,서울특별시 양천구 신정동 1183-14 남도빌딩 지상1층,N,,3140000-101-2015-00060,,3140000,"서울특별시 양천구 중앙로 253, 지상1층 (신정동, 남도빌딩)",08073,03,폐업,통닭(치킨),,,,
주택가주변,,원할머니보쌈신천점,한식,2014-06-26,207071.110707949,445261.430871566,2026-05-06 22:56:32,I,02,폐업,92.4,,,,0,우수,,,,2013-05-04 15:33:12,2000-09-02,92.40,138-862,서울특별시 송파구 잠실동 193-8,N,0,3230000-101-2000-15648,,3230000,서울특별시 송파구 올림픽로8길 23 (잠실동),05561,03,폐업,한식,,,,
주택가주변,,이가네왕만두,분식,2001-08-28,186046.753809556,446208.091926755,2026-05-06 22:41:07,I,02,폐업,23.1,,,,0,기타,,,,2001-08-28 00:00:00,2000-07-25,23.10,158-842,서울특별시 양천구 신월동 575-13,N,0,3140000-101-2000-07915,,3140000,,,03,폐업,분식,,,,상수도전용
주택가주변,,거목,분식,1996-08-16,186141.581782944,446472.175317069,2026-05-06 22:36:34,I,02,폐업,23.68,,,,0,기타,,,,2001-09-28 00:00:00,1992-03-13,23.68,158-840,서울특별시 양천구 신월동 534-16,N,0,3140000-101-1992-03301,,3140000,,,03,폐업,분식,,,,상수도전용
기타,,승산 왕 영양족발,분식,2003-03-05,,,2026-05-06 22:56:42,I,02,폐업,23.1,,,,,기타,,,,2003-07-25 00:00:00,2001-09-05,23.10,138-815,서울특별시 송파구 거여동 216-2,N,,3230000-101-2001-16758,,3230000,,,03,폐업,분식,02-409-6726,,,
주택가주변,,588주먹고기,한식,2002-11-21,185684.342740775,447407.691560001,2026-05-06 22:41:43,I,02,폐업,16.5,,,,0,기타,,,,2002-01-30 00:00:00,2000-11-28,16.50,158-831,서울특별시 양천구 신월동 235-6,N,0,3140000-101-2000-08167,,3140000,,,03,폐업,한식,02-2601-6895,,,상수도전용
주택가주변,,토속의집,한식,1998-05-07,211084.862446842,442266.748273275,2026-05-06 22:51:42,I,02,폐업,47.95,,,,1,기타,,,,2003-07-01 00:00:00,1994-07-13,47.95,138-200,서울특별시 송파구 문정동 71-6,N,1,3230000-101-1994-12006,,3230000,,,03,폐업,한식,02-420-0617,,,상수도전용
기타,,소문난잔치국수,한식,2007-04-04,210247.430755851,447157.627131719,2026-05-06 22:56:35,I,02,폐업,10,,,,0,기타,,,,2006-07-18 00:00:00,2001-02-10,10.00,138-878,서울특별시 송파구 풍납동 391-0 극동아파트상가 101호,N,0,3230000-101-2001-16078,,3230000,,,03,폐업,한식,02-471-7667,,,상수도전용
,,장충동왕족발,기타,2021-07-27,186924.53292846,446107.467591706,2026-05-06 22:48:52,I,02,폐업,27.12,,,,,,,,,2021-07-31 12:54:44,2015-09-08,27.12,158-863,서울특별시 양천구 신정동 1149-6 1층,N,,3140000-101-2015-00235,,3140000,"서울특별시 양천구 중앙로29길 9-1, 1층 (신정동)",,03,폐업,기타,,,,
아파트지역,,문화회관,한식,1998-07-11,206684.903140953,445341.243103585,2026-05-06 22:51:40,I,02,폐업,198.45,,,,1,을,,,,2004-05-25 00:00:00,1994-11-25,198.45,138-892,서울특별시 송파구 잠실동 84-0,N,0,3230000-101-1994-11687,,3230000,,,03,폐업,한식,02-413-0070,,,상수도전용
기타,,네네치킨,분식,2013-04-10,212025.406517411,444234.875521341,2026-05-06 22:56:41,I,02,폐업,52.8,,,,0,기타,,,,2007-04-12 00:00:00,2001-08-03,52.80,138-859,서울특별시 송파구 오금동 151-4,N,0,3230000-101-2001-16661,,3230000,,,03,폐업,분식,02-9063-3348,,,
주택가주변,,신월삼계탕,한식,,185830.021380232,446106.372542662,2026-05-06 22:35:42,I,01,영업,30.25,,,,2,지도,,,,2025-12-26 09:34:23,1987-04-14,30.25,158-841,서울특별시 양천구 신월동 549-1 1층,N,0,3140000-101-1987-00516,,3140000,"서울특별시 양천구 신월로 150 (신월동, 1층)",08065,01,영업/정상,한식,02-2698-7284,,,상수도전용
,,초이스푸드,냉면집,2025-04-10,185982.033921984,446402.587678987,2026-05-06 22:52:30,I,02,폐업,13,,,,,,,,,2025-04-10 11:32:30,2025-04-03,13.00,158-840,서울특별시 양천구 신월동 537-14,N,,3140000-101-2025-00089,,3140000,"서울특별시 양천구 신월로17길 11, 1층 1-1호 (신월동)",08030,03,폐업,냉면집,,,,
,,화투,호프/통닭,2005-04-12,207142.554353777,445325.80993576,2026-05-06 22:57:03,I,02,폐업,69.3,,,,0,,,,,2004-09-30 00:00:00,2004-09-30,69.30,138-862,서울특별시 송파구 잠실동 191-6,N,0,3230000-101-2004-00575,,3230000,,,03,폐업,호프/통닭,,,,
주택가주변,,별미곱창,한식,2019-06-17,209546.941446361,445766.40046578,2026-05-06 22:54:13,I,02,폐업,52.36,,,,1,기타,,,,2019-06-17 10:03:44,1995-04-21,52.36,138-828,서울특별시 송파구 방이동 63-1 1층,N,0,3230000-101-1995-11507,,3230000,"서울특별시 송파구 올림픽로32길 18-11, 1층 (방이동)",05548,03,폐업,한식,,,,상수도전용
주택가주변,,성신갈비,한식,2005-12-30,186359.477708722,447151.411090933,2026-05-06 22:37:43,I,02,폐업,36.6,,,,1,기타,,,,2002-01-16 00:00:00,1996-09-10,36.60,158-835,서울특별시 양천구 신월동 457-12,N,0,3140000-101-1996-01665,,3140000,,,03,폐업,한식,,,,상수도전용
기타,,열린먹거리식당,분식,1998-09-21,,,2026-05-06 22:37:36,I,02,폐업,19.25,,,,1,기타,,,,2001-09-28 00:00:00,1995-10-18,19.25,158-841,서울특별시 양천구 신월동 557-11,N,0,3140000-101-1995-04604,,3140000,,,03,폐업,분식,02-606-9767,,,상수도전용
,,컬러치킨호프,한식,2011-10-31,209350.695881404,444950.9275368,2026-05-06 22:56:50,I,02,폐업,0,,,,,,,,,2002-09-25 00:00:00,2002-09-25,,138-848,서울특별시 송파구 송파동 14-5,N,,3230000-101-2002-17770,,3230000,,,03,폐업,한식,02-413-8812,,,
,,깃발냉면,한식,2012-01-13,209928.575153852,447584.121239967,2026-05-06 22:57:06,I,02,폐업,66,,,,0,,,,,2012-01-17 15:10:10,2005-05-09,66.00,138-874,서울특별시 송파구 풍납동 259-8 102호,N,0,3230000-101-2005-00231,,3230000,,,03,폐업,한식,,,,
,,싸릿골산채왕,한식,2017-02-22,208547.349838087,444836.188135183,2026-05-06 22:57:33,I,02,폐업,146,,,,,,,,,2017-03-06 15:26:10,2010-07-05,146.00,138-842,서울특별시 송파구 석촌동 2 지상 2층,N,,3230000-101-2010-00333,,3230000,"서울특별시 송파구 삼학사로 96 (석촌동,지상 2층)",05612,03,폐업,한식,,,,
주택가주변,,문정골식당,한식,2005-02-16,,,2026-05-06 22:47:16,I,02,폐업,18,,,,1,지도,,,,2004-04-30 00:00:00,1988-09-01,18.00,138-887,서울특별시 송파구 문정동 446-14,N,1,3230000-101-1988-12156,,3230000,,,03,폐업,한식,02-406-2123,,,상수도전용
주택가주변,,몽셀켄터키치킨,분식,1994-09-30,208676.223476344,444853.873355055,2026-05-06 22:46:54,I,02,폐업,25.9,,,,1,지도,,,,2002-09-04 00:00:00,1984-06-09,25.90,138-842,서울특별시 송파구 석촌동 23-0,N,0,3230000-101-1984-07527,,3230000,,,03,폐업,분식,02-0414-3370,,,상수도전용
,,블루문바,기타,2016-09-01,185962.809546697,446176.170952681,2026-05-06 22:48:55,I,02,폐업,56.7,,,,,,,,,2015-10-30 14:59:30,2015-10-30,56.70,158-841,"서울특별시 양천구 신월동 550-3 승일뷰티타워2, 3층 303호",N,,3140000-101-2015-00290,,3140000,"서울특별시 양천구 신월로 164, 3층 303호 (신월동, 승일뷰티타워2)",08064,03,폐업,기타,,,,
,,생고기랑,한식,2003-09-30,211960.202036334,444659.579124688,2026-05-06 22:50:56,I,02,폐업,0,,,,,,,,,2003-07-02 00:00:00,1993-06-11,,138-857,서울특별시 송파구 오금동 73-7,N,,3230000-101-1993-16866,,3230000,,,03,폐업,한식,02-406-0121,,,
아파트지역,,그렌드볼룸,한식,2008-02-27,208808.460094719,446014.471916419,2026-05-06 22:52:09,I,02,폐업,852.01,,,,2,갑,,,,2007-09-11 13:18:07,1994-03-30,852.01,138-934,서울특별시 송파구 신천동 7-13 (2층),N,1,3230000-101-1994-13442,,3230000,,,03,폐업,한식,02-413-4472,,,상수도전용
,,양수니포차,호프/통닭,2016-06-21,208650.627824673,444644.281298018,2026-05-06 22:56:52,I,02,폐업,33,,,,0,,,,,2016-01-28 10:59:26,2002-12-05,33.00,138-842,서울특별시 송파구 석촌동 11-12,N,0,3230000-101-2002-17989,,3230000,"서울특별시 송파구 백제고분로33길 13, 1층 (석촌동)",05613,03,폐업,호프/통닭,02-2202-8363,,,
,,김밥사랑,분식,,187943.595,446944.9,2026-05-06 22:44:33,I,01,영업,51.87,,,,5,,,,,2021-12-14 14:03:58,2005-02-24,51.87,158-860,서울특별시 양천구 신정동 995-4,N,1,3140000-101-2005-00049,,3140000,서울특별시 양천구 목동로 181 (신정동),08022,01,영업/정상,분식,02-2604-2551,,,상수도전용
,,베르사체,정종/대포집/소주방,2012-01-13,210532.000698632,447984.729937419,2026-05-06 22:56:56,I,02,폐업,26.4,,,,0,,,,,2012-01-17 15:03:52,2003-08-04,26.40,138-873,서울특별시 송파구 풍납동 155-33,N,0,3230000-101-2003-00497,,3230000,,,03,폐업,정종/대포집/소주방,,,,
,,기쁨이네양곱창,한식,2016-07-07,210440.095714485,443743.262572477,2026-05-06 22:57:08,I,02,폐업,26.4,,,,0,,,,,2005-10-04 00:00:00,2005-10-04,26.40,138-803,서울특별시 송파구 가락동 82-6 1층,N,0,3230000-101-2005-00510,,3230000,"서울특별시 송파구 중대로9길 30 (가락동,1층)",05712,03,폐업,한식,02-400-6319,,,
,,마포식당,한식,2011-10-28,209756.217053563,445369.698486484,2026-05-06 22:49:30,I,02,폐업,0,,,,,,,,,2003-06-24 00:00:00,1991-06-17,,138-849,서울특별시 송파구 송파동 48-16,N,,3230000-101-1991-17211,,3230000,,,03,폐업,한식,,,,
주택가주변,,청학칡냉면,한식,2017-07-03,,,2026-05-06 22:38:46,I,02,폐업,24.6,,,,0,기타,,,,2017-07-04 14:48:57,1998-03-25,24.60,158-841,서울특별시 양천구 신월동 551-5,N,0,3140000-101-1998-01927,,3140000,,,03,폐업,한식,02-2606-1141,,,상수도전용
,,어가생선구이,한식,2017-04-17,188101.961173614,448469.873809972,2026-05-06 22:47:58,I,02,폐업,26.4,,,,,,,,,2017-04-17 09:43:08,2014-04-08,26.40,158-814,서울특별시 양천구 목동 725-26 1층,N,,3140000-101-2014-00088,,3140000,"서울특별시 양천구 목동중앙남로 51-1, 1층 (목동)",07958,03,폐업,한식,02-2602-3395,,,
,,(주)제주목장,한식,2011-04-04,209542.709911306,445868.526191867,2026-05-06 22:57:26,I,02,폐업,304.37,,,,,,,,,2009-05-28 17:31:37,2009-03-24,304.37,138-827,"서울특별시 송파구 방이동 34-2 현대드림밸리 109,110,111,203,204",N,,3230000-101-2009-00114,,3230000,,,03,폐업,한식,02-421-1004,,,
,,콜리컴퍼니,기타,2025-06-01,210199.45921923,446539.279382444,2026-05-06 23:02:17,I,02,폐업,9,,,,,,,,,2025-06-02 04:15:09,2025-05-09,9.00,138-829,서울특별시 송파구 방이동 88 올림픽공원,N,,3230000-101-2025-00265,,3230000,"서울특별시 송파구 올림픽로 424, 올림픽공원 일대 (방이동)",05540,03,폐업,기타,,,,
,,올리브,까페,2021-12-28,209443.501250283,445885.938643454,2026-05-06 22:57:05,I,02,폐업,75.9,,,,0,,,,,2021-12-28 13:31:50,2005-03-23,75.90,138-827,서울특별시 송파구 방이동 24-0 지상5층,N,0,3230000-101-2005-00125,,3230000,"서울특별시 송파구 올림픽로30길 6-5 (방이동,지상5층)",05542,03,폐업,까페,02-413-9922,,,
,,연탄,기타,2015-06-03,210014.245226919,445423.277198001,2026-05-06 23:00:49,I,02,폐업,33,,,,,,,,,2014-06-13 17:22:02,2014-06-13,33.00,138-830,서울특별시 송파구 방이동 112-2 지상1층,N,,3230000-101-2014-00325,,3230000,"서울특별시 송파구 오금로19길 14-1, 지상1층 (방이동)",05641,03,폐업,기타,,,,
,,쌍치오리전문점,한식,2014-04-04,212239.498237146,444520.823016873,2026-05-06 22:57:39,I,02,폐업,30,,,,,,,,,2011-10-28 09:20:40,2011-10-28,30.00,138-859,서울특별시 송파구 오금동 130-8 지상1층,N,,3230000-101-2011-00510,,3230000,"서울특별시 송파구 마천로 184 (오금동,지상1층)",05739,03,폐업,한식,02-3012-5282,,,
기타,,맛깔식당,분식,1997-01-30,210426.714111209,443835.472607583,2026-05-06 22:50:22,I,02,폐업,25.3,,,,1,기타,,,,2003-06-25 00:00:00,1993-04-03,25.30,138-803,서울특별시 송파구 가락동 83-10,N,2,3230000-101-1993-06323,,3230000,,,03,폐업,분식,02-430-4315,,,상수도전용
주택가주변,,뽐쁘와두레박,분식,2000-12-11,211930.000344413,443806.276610581,2026-05-06 22:56:14,I,02,폐업,25.99,,,,0,자율,,,,2005-02-01 00:00:00,1999-09-21,25.99,138-811,서울특별시 송파구 가락동 174-20,N,0,3230000-101-1999-14399,,3230000,,,03,폐업,분식,02-463-4680,,,상수도전용
주택가주변,,스파이,한식,2000-03-18,207134.651481047,445273.704854369,2026-05-06 22:55:28,I,02,폐업,125.01,,,,0,우수,,,,2003-07-15 00:00:00,1997-08-18,125.01,138-862,서울특별시 송파구 잠실동 191-4,N,0,3230000-101-1997-08294,,3230000,,,03,폐업,한식,02-420-9074,,,상수도전용
,,coffee post(커피포스트),기타,,210813.51310976,442691.180644406,2026-05-06 23:01:14,I,01,영업,39.5,,,,,,,,,2016-07-01 11:41:45,2016-07-01,39.50,138-826,서울특별시 송파구 문정동 55-6,N,,3230000-101-2016-00330,,3230000,"서울특별시 송파구 송파대로 180, 지상1층 (문정동)",,01,영업/정상,기타,,,,
기타,,훌랄라숯불바베큐,호프/통닭,2008-04-11,185586.58880117,447450.068460182,2026-05-06 22:44:06,I,02,폐업,66,,,,0,,,,,2007-03-26 00:00:00,2003-10-10,66.00,158-831,서울특별시 양천구 신월동 229-25,N,0,3140000-101-2003-00513,,3140000,,,03,폐업,호프/통닭,,,,상수도전용
유흥업소밀집지역,,우리집차돌박이,한식,2007-10-24,207394.696247066,445328.973868882,2026-05-06 22:54:50,I,02,폐업,144.31,,,,0,기타,,,,2007-04-10 00:00:00,1996-07-18,144.31,138-861,서울특별시 송파구 잠실동 186-11,N,0,3230000-101-1996-04819,,3230000,,,03,폐업,한식,02-472-9697,,,상수도전용
,,순희네빈대떡,한식,2016-09-21,188088.342224898,448489.961612424,2026-05-06 22:45:25,I,02,폐업,48,,,,,,,,,2016-09-20 17:55:09,2008-06-02,48.00,158-814,서울특별시 양천구 목동 724-10 지상1층 101호,N,,3140000-101-2008-00153,,3140000,"서울특별시 양천구 목동중앙남로 51-4, 지상1층 101호 (목동)",07958,03,폐업,한식,02-2275-1425,,,상수도전용
주택가주변,,콜,한식,2008-03-25,187929.034982094,447908.951140031,2026-05-06 22:35:39,I,02,폐업,25.09,,,,2,지도,,,,2008-01-04 11:08:34,1986-09-09,25.09,158-819,서울특별시 양천구 목동 792-9 (상록수4길 6),N,0,3140000-101-1986-01092,,3140000,,,03,폐업,한식,02-2608-4293,,,상수도전용
,,쪼끼쪼끼목동14단지점,호프/통닭,2008-10-22,188571.263720698,446080.039653992,2026-05-06 22:43:57,I,02,폐업,89.1,,,,0,,,,,2008-06-18 18:00:58,2003-05-26,89.10,158-852,"서울특별시 양천구 신정동 282-2 102,103호",N,0,3140000-101-2003-00241,,3140000,,,03,폐업,호프/통닭,,,,
,,현대식당,한식,2016-04-29,186994.628569316,446376.122572973,2026-05-06 22:47:58,I,02,폐업,134.54,,,,,,,,,2014-03-28 16:44:16,2014-03-28,134.54,158-070,서울특별시 양천구 신정동 1032-5 2층,N,,3140000-101-2014-00075,,3140000,"서울특별시 양천구 중앙로34길 15, 2층 (신정동)",08082,03,폐업,한식,,,,
,,미가래,분식,2004-05-24,209672.219062193,444807.337125398,2026-05-06 22:56:56,I,02,폐업,23.1,,,,0,,,,,2003-10-15 00:00:00,2003-10-15,23.10,138-851,서울특별시 송파구 송파동 111-18,N,0,3230000-101-2003-00654,,3230000,,,03,폐업,분식,02-419-3933,,,
주택가주변,,유람선,경양식,1994-11-22,209056.605537083,444164.593063831,2026-05-06 22:50:39,I,02,폐업,78.76,,,,1,을,,,,2003-06-11 00:00:00,1993-09-09,78.76,138-845,서울특별시 송파구 석촌동 252-2,N,1,3230000-101-1993-09941,,3230000,,,03,폐업,경양식,02-0000-0000,,,상수도전용
기타,,젠,일식,2005-09-22,189151.208015925,448200.067716589,2026-05-06 22:44:11,I,02,폐업,24,,,,0,,,,,2004-01-30 00:00:00,2004-01-07,24.00,158-877,서울특별시 양천구 목동 907 현대월드타워 지층114호,N,0,3140000-101-2004-00007,,3140000,,,03,폐업,일식,02-6678-0025,,,상수도전용
기타,,용궁,한식,2001-04-04,209281.320518263,444237.777334238,2026-05-06 22:49:52,I,02,폐업,98,,,,0,기타,,,,2004-04-28 00:00:00,1992-02-26,98.00,138-846,서울특별시 송파구 석촌동 273-11,N,0,3230000-101-1992-09280,,3230000,,,03,폐업,한식,02-0420-9898,,,상수도전용
,,세영 F/S,기타,2025-05-16,211094.723034721,443782.374058544,2026-05-06 23:01:49,I,02,폐업,116,,,,,,,,,2025-05-21 16:13:23,2021-09-24,116.00,138-808,서울특별시 송파구 가락동 148-5 정남빌딩,N,,3230000-101-2021-00702,,3230000,"서울특별시 송파구 송이로23길 30-20, 정남빌딩 1층 (가락동)",05824,03,폐업,기타,,,,
,,마장동육회집,횟집,2022-12-14,187813.409124106,447152.313696555,2026-05-06 22:50:37,I,02,폐업,36,,,,,,,,,2022-12-14 14:57:38,2020-12-21,36.00,158-856,서울특별시 양천구 신정동 888-36 102호,N,,3140000-101-2020-00376,,3140000,"서울특별시 양천구 신정중앙로 99, 1층 102호 (신정동)",07938,03,폐업,횟집,,,,
,,언제오리,한식,2013-01-28,185284.245,448109.31,2026-05-06 22:47:12,I,02,폐업,66.78,,,,,,,,,2012-09-11 15:25:44,2012-09-11,66.78,158-827,서울특별시 양천구 신월동 103-15 1층,N,,3140000-101-2012-00234,,3140000,"서울특별시 양천구 곰달래로13길 63 (신월동, 1층)",07918,03,폐업,한식,02-2605-5357,,,
,,골목길,한식,2016-08-17,208397.12792876,444748.790814903,2026-05-06 22:57:15,I,02,폐업,26.4,,,,0,,,,,2014-05-28 10:34:14,2006-06-13,26.40,138-840,서울특별시 송파구 삼전동 125-9 지상1층,N,0,3230000-101-2006-00277,,3230000,"서울특별시 송파구 백제고분로31길 26, 지상1층 (삼전동)",05602,03,폐업,한식,02-415-5759,,,
주택가주변,,투데이,분식,1993-04-21,210410.110449426,444057.323285561,2026-05-06 22:49:35,I,02,폐업,25.88,,,,0,기타,,,,2002-09-04 00:00:00,1992-04-04,25.88,138-802,서울특별시 송파구 가락동 70-11,N,0,3230000-101-1992-05686,,3230000,,,03,폐업,분식,02-0443-5016,,,상수도전용
기타,,들장미,분식,2017-02-22,213279.015703362,443737.659927114,2026-05-06 22:56:47,I,02,폐업,20,,,,,기타,,,,2017-03-06 14:52:49,2002-03-11,20.00,138-820,서울특별시 송파구 마천동 183-46,N,,3230000-101-2002-17278,,3230000,서울특별시 송파구 마천로51길 8 (마천동),05758,03,폐업,분식,,,,
주택가주변,,즐거울락,한식,2014-12-22,212877.140294641,444042.378453313,2026-05-06 22:54:52,I,02,폐업,113.88,,,,1,을,,,,2008-01-02 09:40:26,1996-04-22,113.88,138-818,서울특별시 송파구 마천동 35-1,N,1,3230000-101-1996-04931,,3230000,서울특별시 송파구 거마로 61 (마천동),05734,03,폐업,한식,02-407-1403,,,상수도전용
기타,,줌(ZOOM),정종/대포집/소주방,2005-05-07,206958.784771636,445321.825195742,2026-05-06 22:56:49,I,02,폐업,69.3,,,,,기타,,,,2003-08-26 00:00:00,2002-08-26,69.30,138-862,서울특별시 송파구 잠실동 195-1 (2),N,,3230000-101-2002-17693,,3230000,,,03,폐업,정종/대포집/소주방,02-400-8668,,,
,,락앤웍,중국식,2024-04-08,209039.148023482,446007.966801057,2026-05-06 23:01:28,I,02,폐업,228,,,,,,,,,2024-04-08 13:02:36,2018-06-12,228.00,138-934,서울특별시 송파구 신천동 7-12 SONGPA FUN STADIUM,Y,,3230000-101-2018-00395,,3230000,"서울특별시 송파구 올림픽로35가길 16, 4층 (신천동)",05510,03,폐업,중국식,,,,
주택가주변,,메세지,한식,2001-01-15,208106.510001185,444988.080002931,2026-05-06 22:52:53,I,02,폐업,28.86,,,,1,을,,,,2004-08-31 00:00:00,1995-10-13,28.86,138-837,서울특별시 송파구 삼전동 22-2,N,1,3230000-101-1995-03815,,3230000,,,03,폐업,한식,02-417-7452,,,상수도전용
,,무한정 돈까스,한식,2019-09-09,210971.160875228,445326.924338642,2026-05-06 23:00:34,I,02,폐업,36.36,,,,,,,,,2019-09-09 13:18:32,2014-02-21,36.36,138-835,서울특별시 송파구 방이동 203-4 지상1층 3호,N,,3230000-101-2014-00065,,3230000,"서울특별시 송파구 위례성대로18길 28, 지상1층 3호 (방이동)",05639,03,폐업,한식,02-416-9992,,,
주택가주변,,진미정,한식,1998-07-28,188949.652107622,446692.709733322,2026-05-06 22:36:58,I,02,폐업,26.75,,,,0,기타,,,,2001-09-28 00:00:00,1994-07-18,26.75,158-849,서울특별시 양천구 신정동 118-3,N,1,3140000-101-1994-01170,,3140000,,,03,폐업,한식,02-0646-4738,,,상수도전용
주택가주변,,여인,한식,2006-12-29,209966.860680657,445083.440404184,2026-05-06 22:55:32,I,02,폐업,24.14,,,,0,우수,,,,2004-12-23 00:00:00,1997-09-23,24.14,138-852,서울특별시 송파구 송파동 138-13,N,0,3230000-101-1997-10845,,3230000,,,03,폐업,한식,02-413-9344,,,상수도전용
주택가주변,,처마밑에고드름,한식,1999-07-23,208473.160857329,444316.824887969,2026-05-06 22:55:15,I,02,폐업,25.37,,,,0,우수,,,,2005-01-27 00:00:00,1997-06-16,25.37,138-841,서울특별시 송파구 삼전동 181-2,N,0,3230000-101-1997-00162,,3230000,,,03,폐업,한식,02-202-6050,,,상수도전용
주택가주변,,삼도,일식,2007-01-02,187621.684173693,446556.014184112,2026-05-06 22:40:55,I,02,폐업,130,,,,3,기타,,,,2005-02-28 00:00:00,2000-06-02,130.00,158-861,서울특별시 양천구 신정동 1019-16,N,1,3140000-101-2000-07825,,3140000,,,03,폐업,일식,02-2633-8978,,,상수도전용
주택가주변,,피자켈리포니아가락점,한식,1994-08-19,210910.472131671,444329.541255029,2026-05-06 22:48:14,I,02,폐업,96.82,,,,2,을,,,,2003-06-25 00:00:00,1990-09-05,96.82,138-800,서울특별시 송파구 가락동 17-4,N,2,3230000-101-1990-06258,,3230000,,,03,폐업,한식,02-0404-8585,,,상수도전용
,,나밥스 런치,출장조리,2017-02-22,208707.089897534,446299.352775446,2026-05-06 22:59:23,I,02,폐업,17.39,,,,,,,,,2017-03-06 14:24:42,2013-01-31,17.39,138-934,서울특별시 송파구 신천동 7 장미B상가 2동 지하1층 8-3호,N,,3230000-101-2013-00042,,3230000,"서울특별시 송파구 올림픽로35길 112, 지하1층 8-3호 (신천동, 장미B상가 2동 )",05504,03,폐업,출장조리,,,,
기타,,석우동,분식,2003-09-04,209936.360303011,444594.01101688,2026-05-06 22:56:38,I,02,폐업,36.25,,,,,기타,,,,2003-07-28 00:00:00,2001-06-07,36.25,138-850,서울특별시 송파구 송파동 104-10,N,,3230000-101-2001-16463,,3230000,,,03,폐업,분식,02-3431-2584,,,
주택가주변,,큰손주점,분식,2001-07-24,213185.321571319,443711.720570477,2026-05-06 22:56:17,I,02,폐업,52.96,,,,0,자율,,,,2005-02-07 00:00:00,1999-12-30,52.96,138-815,서울특별시 송파구 거여동 202-183 (2층),N,0,3230000-101-1999-14699,,3230000,,,03,폐업,분식,02-400-0789,,,상수도전용
,,청담갓츠 잠실점,기타,2020-12-31,209324.864323093,444648.957259499,2026-05-06 23:01:44,I,02,폐업,3.8,,,,,,,,,2020-12-31 14:18:35,2020-12-22,3.80,138-847,서울특별시 송파구 석촌동 287-4,N,,3230000-101-2020-00883,,3230000,"서울특별시 송파구 백제고분로40길 5, 지상2층 24호 (석촌동)",05685,03,폐업,기타,,,,
,,트리플 본 국밥,기타,2025-06-22,209790.959909032,443481.212174317,2026-05-06 23:02:18,I,02,폐업,18,,,,,,,,,2025-06-23 04:15:09,2025-06-18,18.00,138-881,서울특별시 송파구 가락동 600 가락동 농수산물도매시장,N,,3230000-101-2025-00366,,3230000,"서울특별시 송파구 양재대로 932, 락시장 가락몰 3층 하늘공원 (가락동)",05699,03,폐업,기타,,,,
,,롯데호프앤커피,호프/통닭,2005-05-09,188188.594744885,449554.911976327,2026-05-06 22:43:53,I,02,폐업,56,,,,0,,,,,2003-04-02 00:00:00,2003-04-02,56.00,158-724,서울특별시 양천구 목동 602-10 지하,N,0,3140000-101-2003-00142,,3140000,,,03,폐업,호프/통닭,02-2644-4355,,,상수도전용
,,바다내음,한식,2020-09-14,208088.558210131,444991.490732515,2026-05-06 22:57:04,I,02,폐업,23.1,,,,0,,,,,2020-09-14 10:52:31,2005-01-13,23.10,138-180,"서울특별시 송파구 삼전동 22-1 ,107호",N,0,3230000-101-2005-00015,,3230000,"서울특별시 송파구 석촌호수로 138 (삼전동,,107호)",05600,03,폐업,한식,02-412-4273,,,
주택가주변,,대운,한식,1997-05-22,213242.591606564,443948.078525334,2026-05-06 22:51:39,I,02,폐업,62.79,,,,1,기타,,,,2003-07-03 00:00:00,1994-12-14,62.79,138-819,서울특별시 송파구 마천동 136-16,N,1,3230000-101-1994-11642,,3230000,,,03,폐업,한식,02-401-3839,,,상수도전용
,,청해수산,일식,2020-09-09,210985.435871827,442789.009804288,2026-05-06 23:01:30,I,02,폐업,79.88,,,,,,,,,2020-09-09 14:54:11,2018-10-19,79.88,138-825,서울특별시 송파구 문정동 31-7 호성섬유,N,,3230000-101-2018-00709,,3230000,"서울특별시 송파구 동남로4길 33, 호성섬유 1층 (문정동)",05803,03,폐업,일식,,,,
,,헬로우 낙곱새 방이점,한식,2023-02-22,209540.814362969,445695.46525298,2026-05-06 23:01:38,I,02,폐업,13.2,,,,,,,,,2023-02-22 16:45:36,2020-01-06,13.20,138-828,서울특별시 송파구 방이동 62-8 석정빌딩,N,,3230000-101-2020-00014,,3230000,"서울특별시 송파구 오금로13길 9, 지하1층 7호 (방이동)",05548,03,폐업,한식,,,,
주택가주변,,뽀빠이갈비,한식,1999-01-19,187613.647789404,446679.393351577,2026-05-06 22:37:01,I,02,폐업,91.32,,,,2,을,,,,1999-02-04 00:00:00,1994-10-18,91.32,158-860,서울특별시 양천구 신정동 982-13,N,0,3140000-101-1994-01256,,3140000,,,03,폐업,한식,,,,상수도전용
주택가주변,,버브리,경양식,1999-03-05,209441.609512221,445760.887832739,2026-05-06 22:55:45,I,02,폐업,134.11,,,,0,우수,,,,2005-01-24 00:00:00,1998-01-26,134.11,138-828,서울특별시 송파구 방이동 65-0 (지하1층),N,0,3230000-101-1998-08195,,3230000,,,03,폐업,경양식,02-2202-3920,,,상수도전용
기타,,진미별미,한식,2000-12-29,209623.199150269,444582.063679479,2026-05-06 22:56:22,I,02,폐업,27.3,,,,0,기타,,,,2003-07-24 00:00:00,2000-01-25,27.30,138-850,서울특별시 송파구 송파동 90-7,N,0,3230000-101-2000-14759,,3230000,,,03,폐업,한식,02-419-6142,,,
주택가주변,,길,한식,2000-03-15,209533.240491652,445325.66308671,2026-05-06 22:54:45,I,02,폐업,15.84,,,,1,기타,,,,2004-09-10 00:00:00,1996-11-07,15.84,138-849,서울특별시 송파구 송파동 38-3,N,0,3230000-101-1996-04672,,3230000,,,03,폐업,한식,,,,상수도전용
주택가주변,,켈거리경양식,한식,1995-07-07,209510.7531711,444810.727613154,2026-05-06 22:47:14,I,02,폐업,99.12,,,,1,지도,,,,2003-06-23 00:00:00,1988-06-21,99.12,138-850,서울특별시 송파구 송파동 84-5,N,1,3230000-101-1988-09446,,3230000,,,03,폐업,한식,02-416-5591,,,상수도전용
,,참밥상,한식,2018-09-27,207083.314369181,445117.630425956,2026-05-06 22:57:16,I,02,폐업,66,,,,0,,,,,2018-09-27 14:14:14,2006-07-31,66.00,138-863,서울특별시 송파구 잠실동 221-4 1층,N,0,3230000-101-2006-00362,,3230000,"서울특별시 송파구 석촌호수로12길 49-1, 1층 (잠실동)",05562,03,폐업,한식,02-417-8555,,,
기타,,초가,분식,2011-04-12,208589.363343145,445455.90405262,2026-05-06 22:47:12,I,02,폐업,41.04,,,,2,지도,,,,2004-04-21 00:00:00,1988-11-21,41.04,138-915,서울특별시 송파구 잠실동 40-1 쇼핑몰 지하1층동,N,2,3230000-101-1988-06683,,3230000,,,03,폐업,분식,02-413-2564,,,상수도전용
,,풍경,경양식,2010-02-19,207048.638189411,445470.105610856,2026-05-06 22:57:04,I,02,폐업,48.84,,,,0,,,,,2005-01-17 00:00:00,2005-01-17,48.84,138-861,서울특별시 송파구 잠실동 175-12 효성올림픽카운티2 104호,N,0,3230000-101-2005-00019,,3230000,,,03,폐업,경양식,02-424-4241,,,
주택가주변,,캐치미,경양식,2001-05-25,210969.541231365,445288.356718591,2026-05-06 22:56:30,I,02,폐업,88.94,,,,0,기타,,,,2005-02-16 00:00:00,2000-07-12,88.94,138-835,서울특별시 송파구 방이동 208-13,N,0,3230000-101-2000-15468,,3230000,,,03,폐업,경양식,02-2202-4224,,,
,,휴유,기타,2024-12-25,188884.075622342,447186.888604306,2026-05-06 22:52:06,I,02,폐업,0,,,,,,,,,2024-12-26 04:15:09,2024-12-04,,158-724,서울특별시 양천구 목동 916 현대하이페리온,N,,3140000-101-2024-00400,,3140000,"서울특별시 양천구 목동동로 257, 지하2층 (목동, 현대하이페리온)",07998,03,폐업,기타,,,,
,,스즈란 이자까야,한식,2014-08-08,210734.98645676,445535.060389325,2026-05-06 22:57:08,I,02,폐업,29.7,,,,0,,,,,2014-07-11 14:19:51,2005-10-24,29.70,138-834,서울특별시 송파구 방이동 196-10 1층,N,0,3230000-101-2005-00561,,3230000,"서울특별시 송파구 위례성대로12길 19, 지상1층 (방이동)",05637,03,폐업,한식,,,,
,,꾸아 숯불 닭구이,식육(숯불구이),2024-09-02,209451.108678086,445017.285492021,2026-05-06 23:02:07,I,02,폐업,33,,,,,,,,,2024-09-02 14:18:35,2024-02-19,33.00,138-848,서울특별시 송파구 송파동 16-1 덕원빌딩,N,,3230000-101-2024-00111,,3230000,"서울특별시 송파구 백제고분로41길 15, 덕원빌딩 1층 101호 (송파동)",05626,03,폐업,식육(숯불구이),,,,
,,빅투치킨,한식,2017-02-22,207416.924201723,445008.765270063,2026-05-06 22:57:31,I,02,폐업,30,,,,,,,,,2017-03-06 16:08:40,2010-03-30,30.00,138-863,서울특별시 송파구 잠실동 231-19 지상 1층,N,,3230000-101-2010-00134,,3230000,"서울특별시 송파구 올림픽로12길 45-17 (잠실동,지상 1층)",05565,03,폐업,한식,02-3431-9982,,,
주택가주변,,토마토출장연회,한식,1996-06-22,,,2026-05-06 22:52:50,I,02,폐업,150.48,,,,1,기타,,,,2004-08-31 00:00:00,1995-12-06,150.48,138-110,서울특별시 송파구 거여동 산 24-7,N,5,3230000-101-1995-03711,,3230000,,,03,폐업,한식,02-3401-2233,,,상수도전용
주택가주변,,남원추어탕,한식,,187543.302212653,447203.104613334,2026-05-06 22:38:54,I,01,영업,64.78,,,,1,기타,,,,2021-11-12 14:22:05,1998-05-01,64.78,158-856,서울특별시 양천구 신정동 885-12,N,0,3140000-101-1998-05397,,3140000,서울특별시 양천구 신정중앙로 73 (신정동),07938,01,영업/정상,한식,02-2699-8060,,,상수도전용
주택가주변,,잠실면옥,한식,2003-01-30,210214.552126769,445741.407075998,2026-05-06 22:49:24,I,02,폐업,296.69,,,,0,자율,,,,2003-06-27 00:00:00,1991-12-12,296.69,138-832,서울특별시 송파구 방이동 154-1,N,0,3230000-101-1991-12363,,3230000,,,03,폐업,한식,02-422-3364,,,상수도전용
기타,,전주골,분식,2002-08-05,208992.217212857,445885.719952303,2026-05-06 22:56:39,I,02,폐업,13.2,,,,,기타,,,,2003-07-25 00:00:00,2001-06-15,13.20,138-934,서울특별시 송파구 신천동 7-28 (B30),N,,3230000-101-2001-16489,,3230000,,,03,폐업,분식,02-437-3945,,,
,,온앤퍼프 페스츄리,기타,2025-08-28,188884.075622342,447186.888604306,2026-05-06 22:53:00,I,02,폐업,0,,,,,,,,,2025-08-29 04:15:10,2025-08-18,,158-724,서울특별시 양천구 목동 916 현대하이페리온,N,,3140000-101-2025-00246,,3140000,"서울특별시 양천구 목동동로 257, 지하2층 (목동, 현대하이페리온)",07998,03,폐업,기타,,,,
학교정화(상대),,금강호프,분식,1994-12-14,187542.064539793,446665.574056871,2026-05-06 22:36:04,I,02,폐업,24.85,,,,0,기타,,,,2001-09-28 00:00:00,1990-05-28,24.85,158-860,서울특별시 양천구 신정동 982-8,N,0,3140000-101-1990-04074,,3140000,,,03,폐업,분식,02-0694-1531,,,상수도전용
주택가주변,,장수숯불갈비,한식,1999-04-07,207136.856116173,445356.040362029,2026-05-06 22:46:56,I,02,폐업,344.84,,,,3,지도,,,,2003-06-23 00:00:00,1984-07-25,344.84,138-862,서울특별시 송파구 잠실동 191-7,N,2,3230000-101-1984-13139,,3230000,,,03,폐업,한식,02-417-7797,,,상수도전용
,,꼬마돈까스,한식,2007-10-04,209755.637327159,444647.50866037,2026-05-06 22:57:00,I,02,폐업,29.7,,,,0,,,,,2004-04-20 00:00:00,2004-04-20,29.70,138-850,서울특별시 송파구 송파동 93-6,N,0,3230000-101-2004-00233,,3230000,,,03,폐업,한식,02-425-6682,,,
,,보령해물칼국수,한식,2015-11-02,211178.577831989,444650.204886784,2026-05-06 22:56:52,I,02,폐업,142.8,,,,0,,,,,2008-08-08 16:49:25,2002-12-21,142.80,138-857,서울특별시 송파구 오금동 46-9,N,0,3230000-101-2002-18030,,3230000,서울특별시 송파구 중대로25길 20 (오금동),05661,03,폐업,한식,,,,
,,에브리띵,기타,2023-04-23,206383.829438022,446030.128073052,2026-05-06 23:02:02,I,02,폐업,0,,,,,,,,,2023-04-24 04:15:10,2023-04-11,,138-889,서울특별시 송파구 잠실동 10 서울종합운동장,N,,3230000-101-2023-00245,,3230000,"서울특별시 송파구 올림픽로 25, 서울종합운동장 주경기장 F&B 부스 10동 (잠실동)",05500,03,폐업,기타,,,,
,,디디오카페(DDO CAFE),기타,2026-01-27,187891.335839062,448090.129105502,2026-05-06 22:50:18,I,02,폐업,80,,,,,,,,,2026-01-27 15:51:19,2019-12-02,80.00,158-818,서울특별시 양천구 목동 783-4 2층,N,,3140000-101-2019-00310,,3140000,"서울특별시 양천구 등촌로 56-1, 2층 (목동)",07965,03,폐업,기타,,,,
주택가주변,,진수사,일식,2006-02-15,188555.643850446,446305.287756674,2026-05-06 22:43:40,I,02,폐업,82.5,,,,0,,,,,2002-10-19 00:00:00,2002-10-19,82.50,158-852,서울특별시 양천구 신정동 294-58,N,0,3140000-101-2002-00561,,3140000,,,03,폐업,일식,02-653-6853,,,상수도전용
주택가주변,,촌돼지,한식,2025-02-18,213822.102456233,443209.190745754,2026-05-06 22:53:58,I,02,폐업,37.62,,,,0,을,,,,2025-02-18 13:28:53,1995-08-30,37.62,138-821,서울특별시 송파구 마천동 330-50,N,0,3230000-101-1995-11411,,3230000,서울특별시 송파구 성내천로 338 (마천동),05763,03,폐업,한식,02-443-0887,,,상수도전용
,,지정환임실치즈피자,패스트푸드,,210190.143507095,444559.016818957,2026-05-06 22:57:15,I,01,영업,56.1,,,,0,,,,,2011-11-01 14:47:53,2006-06-05,56.10,138-854,서울특별시 송파구 송파동 174-6,N,0,3230000-101-2006-00270,,3230000,서울특별시 송파구 송이로 20 (송파동),05674,01,영업/정상,패스트푸드,02-418-8284,,,
,,데미그라스도쿄,한식,2018-10-15,188884.075622342,447186.888604306,2026-05-06 22:49:06,I,02,폐업,22.14,,,,,,,,,2018-10-19 10:44:33,2016-03-29,22.14,158-050,서울특별시 양천구 목동 916 현대백화점목동점 지하2층,N,,3140000-101-2016-00083,,3140000,"서울특별시 양천구 목동동로 257 (목동, 현대백화점목동점 지하2층)",07998,03,폐업,한식,,,,
기타,,리틀램,한식,2014-07-04,211725.257519354,445195.482107596,2026-05-06 22:56:03,I,02,폐업,179.44,,,,0,기타,,,,2012-06-14 15:33:23,1999-04-01,179.44,138-855,서울특별시 송파구 오금동 4-14 지상1층,N,0,3230000-101-1999-00658,,3230000,"서울특별시 송파구 중대로 317, 지상1층 (오금동)",05654,03,폐업,한식,02-402-2668,,,상수도전용
,,갈릭화로,식육(숯불구이),2023-09-19,185157.192272811,445654.840689131,2026-05-06 22:49:09,I,02,폐업,59.4,,,,,,,,,2023-09-19 14:27:23,2016-05-25,59.40,158-070,서울특별시 양천구 신정동 1320-3 1층 109호,N,,3140000-101-2016-00134,,3140000,"서울특별시 양천구 신정이펜2로 24, 1층 109호 (신정동)",08049,03,폐업,식육(숯불구이),02-2603-4492,,,상수도전용
주택가주변,,벧엘분식,분식,1995-09-05,185951.058932689,446416.483378324,2026-05-06 22:37:20,I,02,폐업,17.47,,,,0,기타,,,,2001-09-28 00:00:00,1994-08-10,17.47,158-840,서울특별시 양천구 신월동 530-14,N,1,3140000-101-1994-04205,,3140000,,,03,폐업,분식,02-698-5711,,,상수도전용
주택가주변,,에이스레스토랑,경양식,1994-12-02,187554.495170101,446594.489100671,2026-05-06 22:36:33,I,02,폐업,93.96,,,,1,자율,,,,2001-09-28 00:00:00,1992-12-23,93.96,158-861,서울특별시 양천구 신정동 1018-12,N,1,3140000-101-1992-02634,,3140000,,,03,폐업,경양식,02-0645-9423,,,상수도전용
,,뚱뚱이분식,분식,2003-01-20,188656.783840714,446479.058882981,2026-05-06 22:42:58,I,02,폐업,29.7,,,,0,,,,,2001-12-17 00:00:00,2001-11-10,29.70,158-849,서울특별시 양천구 신정동 88-5 지상1층,N,0,3140000-101-2001-08979,,3140000,,,03,폐업,분식,02-651-4577,,,상수도전용
,,도나도우(Donadough),기타,2019-05-07,210954.257128519,442517.973177732,2026-05-06 23:00:27,I,02,폐업,40,,,,,,,,,2019-05-07 11:39:43,2014-01-14,40.00,138-826,서울특별시 송파구 문정동 59-5 지상1층 102호,N,,3230000-101-2014-00017,,3230000,"서울특별시 송파구 송파대로16길 11, 102호 (문정동)",05807,03,폐업,기타,,,,
,,신통치킨,호프/통닭,2021-10-18,212563.050500552,441406.981434166,2026-05-06 23:01:28,I,02,폐업,99.68,,,,,,,,,2021-10-18 09:16:14,2018-07-02,99.68,138-926,서울특별시 송파구 장지동 896 위례중앙푸르지오2단지,N,,3230000-101-2018-00457,,3230000,"서울특별시 송파구 위례광장로 290, 상가동 1층 149,150호 (장지동, 위례중앙푸르지오2단지)",05852,03,폐업,호프/통닭,,,,
주택가주변,,용문각,중국식,1999-03-29,213135.441762391,443942.915741871,2026-05-06 22:51:38,I,02,폐업,29.44,,,,0,기타,,,,2003-07-02 00:00:00,1994-10-18,29.44,138-819,서울특별시 송파구 마천동 133-8,N,1,3230000-101-1994-10094,,3230000,,,03,폐업,중국식,02-406-9550,,,상수도전용
,,강명수아저씨네,한식,2022-07-15,210183.911737214,445020.856819261,2026-05-06 23:01:33,I,02,폐업,49.69,,,,,,,,,2022-07-15 12:03:49,2019-03-04,49.69,138-852,서울특별시 송파구 송파동 143-1 동광팰리스,N,,3230000-101-2019-00120,,3230000,"서울특별시 송파구 가락로31길 3, A동 101호 (송파동, 동광팰리스)",05663,03,폐업,한식,,,,
기타,,맛사랑갈비,한식,2006-05-19,207968.50935902,444198.96259427,2026-05-06 22:56:39,I,02,폐업,52.78,,,,,기타,,,,2003-10-02 00:00:00,2001-06-20,52.78,138-838,서울특별시 송파구 삼전동 54-12 (1층),N,,3230000-101-2001-16508,,3230000,,,03,폐업,한식,02-421-9295,,,
,,유부빚는마을 가락시장역점,일식,2026-01-26,210423.638892666,443706.687585107,2026-05-06 23:02:08,I,02,폐업,32.01,,,,,,,,,2026-01-26 15:52:44,2024-03-27,32.01,138-804,서울특별시 송파구 가락동 97,N,,3230000-101-2024-00215,,3230000,"서울특별시 송파구 중대로9길 27, 1층 (가락동)",05711,03,폐업,일식,0505-069-5451,,,
기타,,하이트호프,분식,1999-04-13,188204.642457115,448466.210397646,2026-05-06 22:38:39,I,02,폐업,19.93,,,,0,기타,,,,1999-04-13 00:00:00,1997-04-03,19.93,158-815,서울특별시 양천구 목동 740-31,N,0,3140000-101-1997-05116,,3140000,,,03,폐업,분식,,,,상수도전용
,,련화식당,한식,,210045.748264305,442930.687284628,2026-05-06 23:01:56,I,01,영업,23.92,,,,,,,,,2022-07-20 14:57:48,2022-07-20,23.92,138-885,서울특별시 송파구 문정동 150 올림픽훼밀리타운,N,,3230000-101-2022-00474,,3230000,"서울특별시 송파구 중대로 24, 상가2동 지하1층 3호 (문정동, 올림픽훼밀리타운)",05834,01,영업/정상,한식,,,,
기타,,천하식당,한식,1999-02-27,208514.588985246,444297.099511639,2026-05-06 22:50:43,I,02,폐업,35.39,,,,0,기타,,,,2003-06-25 00:00:00,1993-06-01,35.39,138-845,서울특별시 송파구 석촌동 213-4,N,0,3230000-101-1993-12590,,3230000,,,03,폐업,한식,,,,상수도전용
,,오늘(Today),한식,2022-09-14,207369.14433586,444604.989852773,2026-05-06 23:01:47,I,02,폐업,12,,,,,,,,,2022-09-14 10:33:33,2021-06-11,12.00,138-867,서울특별시 송파구 잠실동 321-10,N,,3230000-101-2021-00439,,3230000,"서울특별시 송파구 백제고분로18길 18, 1층 (잠실동)",05576,03,폐업,한식,,,,
,,강촌,한식,2004-10-26,188012.70930181,449698.560303556,2026-05-06 22:43:58,I,02,폐업,59.4,,,,0,,,,,2003-06-10 00:00:00,2003-06-10,59.40,158-811,서울특별시 양천구 목동 611-21,N,0,3140000-101-2003-00262,,3140000,,,03,폐업,한식,02-2647-8482,,,상수도전용
,,개드립,기타,2014-11-14,186990.07041522,446176.810389121,2026-05-06 22:47:55,I,02,폐업,145.65,,,,,,,,,2014-02-11 11:16:07,2014-02-11,145.65,158-864,서울특별시 양천구 신정동 1182-11 4층 401.2호,N,,3140000-101-2014-00025,,3140000,"서울특별시 양천구 중앙로 237, 4층 401,402호 (신정동)",08073,03,폐업,기타,,,,
주택가주변,,오구오구,분식,2005-06-07,211830.409966213,444418.685030022,2026-05-06 22:51:20,I,02,폐업,20.16,,,,1,갑,,,,2004-04-16 00:00:00,1994-03-31,20.16,138-857,서울특별시 송파구 오금동 63-9,N,0,3230000-101-1994-06941,,3230000,,,03,폐업,분식,02-0430-7259,,,상수도전용
,,다쯔미,일식,2010-10-22,208738.593846343,445977.157638051,2026-05-06 22:57:13,I,02,폐업,147.1,,,,0,,,,,2008-09-29 16:25:06,2006-05-09,147.10,138-921,서울특별시 송파구 신천동 7-11 한국광고문화회관 지하1층,N,0,3230000-101-2006-00221,,3230000,,,03,폐업,일식,02-2144-0227,,,
주택가주변,,사까이우동,분식,2002-03-19,186974.528419693,446146.415959432,2026-05-06 22:40:22,I,02,폐업,26.4,,,,0,기타,,,,2002-01-25 00:00:00,2000-03-20,26.40,158-864,서울특별시 양천구 신정동 1182-12,N,0,3140000-101-2000-07681,,3140000,,,03,폐업,분식,02-2603-9473,,,상수도전용
기타,,조개구이와낙지찜,한식,2017-02-22,210928.085198161,444326.415030207,2026-05-06 22:56:38,I,02,폐업,26.04,,,,0,기타,,,,2017-03-06 10:14:22,2001-05-29,26.04,138-800,서울특별시 송파구 가락동 17-7,N,0,3230000-101-2001-16424,,3230000,서울특별시 송파구 송이로17길 43 (가락동),05703,03,폐업,한식,02-443-4793,,,
주택가주변,,비비큐치킨,분식,2001-08-16,189017.884633076,446680.05550368,2026-05-06 22:38:43,I,02,폐업,21.15,,,,1,기타,,,,2001-08-16 00:00:00,1997-09-11,21.15,158-849,서울특별시 양천구 신정동 119-9,N,1,3140000-101-1997-05225,,3140000,,,03,폐업,분식,,,,상수도전용
,,섬초세꼬시전문점,횟집,2023-09-15,188398.446481222,447066.042718528,2026-05-06 22:46:44,I,02,폐업,89.34,,,,,,,,,2023-09-15 16:38:04,2010-12-07,89.34,158-806,서울특별시 양천구 목동 406-143,N,,3140000-101-2010-00353,,3140000,"서울특별시 양천구 목동서로 246, 2층 (목동)",07993,03,폐업,횟집,,,,
기타,,먹고힘내,한식,2008-10-06,209940.960466344,445241.900515753,2026-05-06 22:56:31,I,02,폐업,31.45,,,,0,기타,,,,2003-07-23 00:00:00,2000-08-01,31.45,138-852,서울특별시 송파구 송파동 135-20,N,0,3230000-101-2000-15536,,3230000,,,03,폐업,한식,02-416-4469,,,
,,장충아줌마족발보쌈,한식,2009-03-17,185760.901347512,446575.319746705,2026-05-06 22:44:31,I,02,폐업,24.05,,,,0,,,,,2004-11-16 00:00:00,2004-11-16,24.05,158-839,서울특별시 양천구 신월동 520-7,N,0,3140000-101-2004-00475,,3140000,,,03,폐업,한식,02-2699-3393,,,상수도전용
아파트지역,,오금숯불갈비,한식,2003-03-21,211724.525573665,443912.576699154,2026-05-06 22:55:34,I,02,폐업,127.3,,,,0,기타,,,,2005-01-26 00:00:00,1997-11-08,127.30,138-810,서울특별시 송파구 가락동 166-10,N,0,3230000-101-1997-10972,,3230000,,,03,폐업,한식,02-3402-1005,,,상수도전용
,,가마솥 국밥,한식,2016-05-20,210283.872583511,443654.926747631,2026-05-06 23:01:13,I,02,폐업,33,,,,,,,,,2016-04-26 10:54:21,2016-04-26,33.00,138-804,서울특별시 송파구 가락동 96,N,,3230000-101-2016-00173,,3230000,"서울특별시 송파구 송파대로 288, 지상1층 (가락동)",05711,03,폐업,한식,,,,
,,우리바다회센타,횟집,2006-06-28,209556.126596514,445966.660780418,2026-05-06 22:56:58,I,02,폐업,392.67,,,,0,,,,,2003-12-27 00:00:00,2003-12-27,392.67,138-050,"서울특별시 송파구 방이동 35-0 ,1",N,0,3230000-101-2003-00869,,3230000,,,03,폐업,횟집,,,,
,,그린피그 잠실채,한식,2012-11-08,207520.723713452,444448.410066682,2026-05-06 22:57:33,I,02,폐업,409.4,,,,,,,,,2012-07-13 14:40:38,2010-06-09,409.40,138-867,서울특별시 송파구 잠실동 340-8 지상2층,N,,3230000-101-2010-00287,,3230000,"서울특별시 송파구 삼전로1길 2, 지상2층 (잠실동)",05578,03,폐업,한식,02-413-1400,,,
주택가주변,,연인왕족발,분식,1995-01-19,207563.023800557,445085.049948355,2026-05-06 22:49:32,I,02,폐업,21.51,,,,1,기타,,,,2002-09-04 00:00:00,1992-10-08,21.51,138-864,서울특별시 송파구 잠실동 240-16,N,1,3230000-101-1992-05481,,3230000,,,03,폐업,분식,02-0425-1876,,,상수도전용
,,여로집 신월점,한식,2025-08-19,185504.845765577,447779.832431735,2026-05-06 22:50:55,I,02,폐업,46.2,,,,,,,,,2025-08-19 10:43:53,2022-04-26,46.20,158-827,서울특별시 양천구 신월동 115-23,N,,3140000-101-2022-00115,,3140000,"서울특별시 양천구 월정로 149, 1층 102호 (신월동)",07923,03,폐업,한식,,,,
,,미스타교자 목동역점,일식,,187770.183062002,447121.22559988,2026-05-06 22:51:37,I,01,영업,46.5,,,,,,,,,2024-04-16 14:22:38,2024-04-16,46.50,158-857,서울특별시 양천구 신정동 902-5,N,,3140000-101-2024-00118,,3140000,"서울특별시 양천구 신정중앙로 96, 1층 (신정동)",07945,01,영업/정상,일식,,,,
,,(주)안압지,한식,2007-12-31,189046.487179872,447860.056894138,2026-05-06 22:44:53,I,02,폐업,534.05,,,,0,,,,,2008-01-15 17:27:40,2006-11-02,534.05,158-876,서울특별시 양천구 목동 905-21 (목동동로 315-1),N,0,3140000-101-2006-00351,,3140000,,,03,폐업,한식,02-2648-5292,,,
,,동화식당,한식,2019-02-20,184806.911534822,448551.489178583,2026-05-06 22:45:56,I,02,폐업,42.9,,,,,,,,,2019-02-20 16:45:56,2010-03-23,42.90,158-824,서울특별시 양천구 신월동 54-7 지하1층,N,,3140000-101-2010-00079,,3140000,"서울특별시 양천구 화곡로 64, 지하1층 (신월동)",07904,03,폐업,한식,,,,
기타,,(유) 포항회센타,일식,,209790.959909032,443481.212174317,2026-05-06 22:56:28,I,01,영업,19.98,,,,0,기타,,,,2023-07-04 14:19:19,2000-05-15,19.98,138-881,서울특별시 송파구 가락동 600,N,0,3230000-101-2000-15155,,3230000,"서울특별시 송파구 양재대로 932, 1층 가락몰5관 편의시설018-1호 (가락동, 농수산물도매시장내)",05699,01,영업/정상,일식,02-409-1695,,,
,,데니스 풍납점,기타,2025-05-13,210686.866006472,448112.531784759,2026-05-06 23:02:02,I,02,폐업,63.02,,,,,,,,,2025-05-13 11:55:14,2023-05-16,63.02,138-873,서울특별시 송파구 풍납동 490-13 샘솟는 집,N,,3230000-101-2023-00353,,3230000,"서울특별시 송파구 올림픽로59길 3, 101,102호 (풍납동, 샘솟는 집)",05520,03,폐업,기타,,,,
,,조향족발,한식,,210516.191915095,441996.227705236,2026-05-06 23:00:50,I,01,영업,40.87,,,,,,,,,2021-09-16 12:22:28,2014-06-19,40.87,138-888,서울특별시 송파구 문정동 622 송파한화오벨리스크,N,,3230000-101-2014-00336,,3230000,"서울특별시 송파구 충민로 5, 1층 112호 (문정동, 송파한화오벨리스크)",05841,01,영업/정상,한식,02-431-9556,,,
주택가주변,,오대양 참치,통닭(치킨),,209603.148534104,445563.085607171,2026-05-06 22:46:58,I,01,영업,54.28,,,,0,기타,,,,2020-01-02 12:47:15,1993-11-08,54.28,138-829,서울특별시 송파구 방이동 71-13,N,0,3230000-101-1985-07294,,3230000,서울특별시 송파구 오금로15길 6 (방이동),05549,01,영업/정상,통닭(치킨),02-424-2727,,,상수도전용
,,쉼터호프,한식,2014-09-29,211023.161711248,444415.498597326,2026-05-06 22:59:48,I,02,폐업,27,,,,,,,,,2014-05-20 16:24:57,2013-06-13,27.00,138-800,서울특별시 송파구 가락동 12 지상1층,N,,3230000-101-2013-00220,,3230000,"서울특별시 송파구 송이로17길 58, 지상1층 (가락동)",05702,03,폐업,한식,,,,
주택가주변,,홍콩반점,중국식,2005-03-15,187655.911899722,447202.573431622,2026-05-06 22:37:45,I,02,폐업,29.01,,,,0,기타,,,,2002-01-14 00:00:00,1996-01-08,29.01,158-856,서울특별시 양천구 신정동 886-5,N,1,3140000-101-1996-02226,,3140000,,,03,폐업,중국식,02-691-4651,,,상수도전용
주택가주변,,우리집김밥,분식,2003-05-15,187400.745594874,447114.244504503,2026-05-06 22:38:33,I,02,폐업,21.78,,,,0,기타,,,,2002-01-18 00:00:00,1997-11-20,21.78,158-857,서울특별시 양천구 신정동 909-8,N,0,3140000-101-1997-01877,,3140000,,,03,폐업,분식,02-691-7716,,,상수도전용
기타,,로데오도시락,한식,2000-03-31,187600.567169048,446935.532837891,2026-05-06 22:38:49,I,02,폐업,24.15,,,,0,기타,,,,2000-03-31 00:00:00,1998-11-14,24.15,158-860,서울특별시 양천구 신정동 1000-1,N,0,3140000-101-1998-02027,,3140000,,,03,폐업,한식,02-699-3206,,,상수도전용
기타,,길손,분식,1997-12-19,,,2026-05-06 22:48:57,I,02,폐업,24.42,,,,0,을,,,,2003-06-27 00:00:00,1991-12-20,24.42,138-200,서울특별시 송파구 문정동 산 29-30,N,0,3230000-101-1991-05886,,3230000,,,03,폐업,분식,02-430-6604,,,상수도전용
,,정석닭강정 송파점,호프/통닭,,209219.191144283,444182.219682377,2026-05-06 23:01:49,I,01,영업,26.73,,,,,,,,,2024-04-01 09:30:31,2021-08-23,26.73,138-846,서울특별시 송파구 석촌동 254-1 파크팰리스,N,,3230000-101-2021-00617,,3230000,"서울특별시 송파구 가락로12길 4, 1층 108호 (석촌동, 파크팰리스)",05695,01,영업/정상,호프/통닭,,,,
주택가주변,,주문각,중국식,2011-12-28,211209.756579258,445204.251199622,2026-05-06 22:53:36,I,02,폐업,46.2,,,,0,우수,,,,2010-12-13 14:40:31,1995-09-07,46.20,138-855,서울특별시 송파구 오금동 18-24,N,0,3230000-101-1995-10078,,3230000,,,03,폐업,중국식,02-407-9059,,,상수도전용
,,청담한식,한식,2018-09-20,208889.546896298,444434.126031248,2026-05-06 22:57:29,I,02,폐업,42.9,,,,,,,,,2018-09-20 14:04:30,2009-11-09,42.90,138-845,서울특별시 송파구 석촌동 247-11,N,,3230000-101-2009-00558,,3230000,서울특별시 송파구 가락로5길 30 (석촌동),05681,03,폐업,한식,02-414-8826,,,
,,파티벨리,뷔페식,2025-07-31,213249.613491978,444043.750917269,2026-05-06 23:01:29,I,02,폐업,71,,,,,,,,,2025-08-20 15:47:44,2018-09-03,71.00,138-819,서울특별시 송파구 마천동 140-7,N,,3230000-101-2018-00609,,3230000,"서울특별시 송파구 성내천로30길 17-5, 1층 (마천동)",05752,03,폐업,뷔페식,,,,
주택가주변,,효석식당,분식,1997-01-20,185015.941614497,446317.596714947,2026-05-06 22:36:48,I,02,폐업,26.1,,,,1,기타,,,,2001-09-28 00:00:00,1993-06-30,26.10,158-845,서울특별시 양천구 신월동 957-13,N,1,3140000-101-1993-03061,,3140000,,,03,폐업,분식,02-693-3005,,,상수도전용
,,요리가 좋아서 하는 사람들,기타,2021-03-02,184618.337375826,448635.240895361,2026-05-06 22:50:15,I,02,폐업,30,,,,,,,,,2021-03-02 11:52:47,2019-10-11,30.00,158-822,서울특별시 양천구 신월동 28-3 1층 102호,N,,3140000-101-2019-00263,,3140000,"서울특별시 양천구 화곡로3길 3, 1층 102호 (신월동)",07900,03,폐업,기타,,,,
,,산동,중국식,2005-11-16,185367.645510562,447606.540009862,2026-05-06 22:44:11,I,02,폐업,33,,,,0,,,,,2003-12-26 00:00:00,2003-12-26,33.00,158-827,서울특별시 양천구 신월동 122-20 1층,N,0,3140000-101-2003-00702,,3140000,,,03,폐업,중국식,02-2694-4848,,,상수도전용
기타,,에코,한식,2005-05-27,210552.84729837,445579.920607077,2026-05-06 22:47:00,I,02,폐업,21.08,,,,0,기타,,,,2004-04-23 00:00:00,1985-06-19,21.08,138-833,서울특별시 송파구 방이동 160-9,N,0,3230000-101-1985-12994,,3230000,,,03,폐업,한식,02-421-5793,,,상수도전용
,,마로니에,호프/통닭,2004-04-19,189508.199599752,447992.012379346,2026-05-06 22:43:59,I,02,폐업,39.6,,,,0,,,,,2003-07-11 00:00:00,2003-07-11,39.60,158-880,서울특별시 양천구 목동 912 목동APT 5단지 B상가 112호,N,0,3140000-101-2003-00331,,3140000,,,03,폐업,호프/통닭,02-2652-8416,,,상수도전용
기타,,와인뱅크,분식,2002-11-26,210707.366251021,444046.492261522,2026-05-06 22:56:42,I,02,폐업,29.7,,,,,기타,,,,2003-07-28 00:00:00,2001-09-11,29.70,138-802,서울특별시 송파구 가락동 50-3,N,,3230000-101-2001-16773,,3230000,,,03,폐업,분식,02-431-2687,,,
주택가주변,,고향식당,한식,2024-10-24,206904.080439527,444770.711229105,2026-05-06 22:50:02,I,02,폐업,27.93,,,,0,을,,,,2024-10-24 10:36:46,1992-07-13,27.93,138-865,서울특별시 송파구 잠실동 303-0,N,0,3230000-101-1992-13001,,3230000,서울특별시 송파구 도곡로64길 8 (잠실동),05573,03,폐업,한식,02-0423-0189,,,상수도전용
주택가주변,,호남선,한식,1998-06-25,208011.39567091,444998.464309311,2026-05-06 22:50:55,I,02,폐업,89.69,,,,2,기타,,,,2003-06-02 00:00:00,1993-02-02,89.69,138-837,서울특별시 송파구 삼전동 1-1,N,1,3230000-101-1993-14261,,3230000,,,03,폐업,한식,02-202-1919,,,상수도전용
,,돼지나라,한식,2010-04-12,211205.97,442398.19,2026-05-06 22:57:29,I,02,폐업,15,,,,,,,,,2009-11-04 11:16:19,2009-11-04,15.00,138-200,서울특별시 송파구 문정동 87-12,N,,3230000-101-2009-00548,,3230000,,,03,폐업,한식,,,,
주택가주변,,곰달래뚝배기,한식,1998-11-17,185301.971404035,447548.649123338,2026-05-06 22:38:26,I,02,폐업,49.86,,,,1,기타,,,,2001-09-28 00:00:00,1997-01-28,49.86,158-827,서울특별시 양천구 신월동 126-50,N,,3140000-101-1997-01740,,3140000,,,03,폐업,한식,02-696-0711,,,상수도전용
,,왕솥뚜껑생삼겹살,한식,2017-11-29,184615.293206776,448149.472439787,2026-05-06 22:47:17,I,02,폐업,66,,,,,,,,,2017-11-29 11:08:24,2013-04-18,66.00,158-829,서울특별시 양천구 신월동 148-3 1층,N,,3140000-101-2013-00095,,3140000,"서울특별시 양천구 가로공원로 98, 1층 (신월동)",07910,03,폐업,한식,,,,
,,닭튜브 방이점,호프/통닭,,210024.270471582,445499.958024257,2026-05-06 23:02:20,I,01,영업,23.6,,,,,,,,,2025-12-11 12:51:18,2025-12-11,23.60,138-832,서울특별시 송파구 방이동 148-18,N,,3230000-101-2025-00770,,3230000,"서울특별시 송파구 백제고분로48길 7, 1층 (방이동)",05632,01,영업/정상,호프/통닭,,,,
,,치즈를 사랑한 찜닭,중국식,2022-04-27,209763.566674129,444441.15544306,2026-05-06 22:57:20,I,02,폐업,49.5,,,,,,,,,2022-04-27 15:24:31,2007-08-13,49.50,138-854,서울특별시 송파구 송파동 98-7 지상1층,N,,3230000-101-2007-00306,,3230000,"서울특별시 송파구 가락로 136, 지상1층 (송파동)",05676,03,폐업,중국식,,,,
,,술이익어가는마을,호프/통닭,2007-02-23,210046.514040733,445490.442371807,2026-05-06 22:56:51,I,02,폐업,19.8,,,,0,,,,,2006-11-16 00:00:00,2002-10-12,19.80,138-832,서울특별시 송파구 방이동 145-35,N,0,3230000-101-2002-17817,,3230000,,,03,폐업,호프/통닭,02-414-0742,,,
주택가주변,,잡초,한식,1998-04-21,210665.924753861,447991.019236835,2026-05-06 22:52:51,I,02,폐업,25.5,,,,1,기타,,,,2004-08-31 00:00:00,1995-11-27,25.50,138-873,서울특별시 송파구 풍납동 496-0,N,0,3230000-101-1995-03783,,3230000,,,03,폐업,한식,02-483-4234,,,상수도전용
기타,,소박한식탁,한식,,208992.217212857,445885.719952303,2026-05-06 22:55:23,I,01,영업,5.46,,,,0,기타,,,,2017-09-18 11:13:34,1997-05-22,5.46,138-934,서울특별시 송파구 신천동 7-28 현대타워 지하1층,N,0,3230000-101-1997-04443,,3230000,"서울특별시 송파구 올림픽로 293-19, 지하1층 (신천동, 현대타워 지하1층)",05510,01,영업/정상,한식,02-3401-7049,,,상수도전용
,,본스치킨(잠실신천점),통닭(치킨),,208992.217212857,445885.719952303,2026-05-06 22:57:04,I,01,영업,34.36,,,,0,,,,,2013-01-17 14:07:45,2005-03-15,34.36,138-934,"서울특별시 송파구 신천동 7-28 지하1층 65,66호",N,0,3230000-101-2005-00097,,3230000,"서울특별시 송파구 올림픽로 293-19, 지하1층  65,66호 (신천동)",05510,01,영업/정상,통닭(치킨),02-3432-9982,,,
주택가주변,,(주)신맥맥도날드신월점,분식,1999-10-06,184651.515751007,448614.754878563,2026-05-06 22:38:45,I,02,폐업,161.25,,,,3,기타,,,,1999-10-06 00:00:00,1997-12-24,161.25,158-822,서울특별시 양천구 신월동 27-3,N,2,3140000-101-1997-05297,,3140000,,,03,폐업,분식,02-2608-3571,,,상수도전용
주택가주변,,송화장,한식,1996-06-14,208378.058421945,444811.316666732,2026-05-06 22:50:42,I,02,폐업,26,,,,1,기타,,,,2003-07-02 00:00:00,1993-05-07,26.00,138-840,서울특별시 송파구 삼전동 113-8,N,0,3230000-101-1993-11933,,3230000,,,03,폐업,한식,,,,상수도전용
,,토토분식,분식,2006-01-05,212735.671477266,443671.616502918,2026-05-06 22:57:08,I,02,폐업,16.5,,,,0,,,,,2005-10-28 00:00:00,2005-10-28,16.50,138-813,서울특별시 송파구 거여동 178-29 1층,N,0,3230000-101-2005-00574,,3230000,,,03,폐업,분식,02-448-5807,,,
,,오케이옛날생막걸리,정종/대포집/소주방,2004-12-08,185907.458326469,446114.712993213,2026-05-06 22:44:01,I,02,폐업,26.4,,,,0,,,,,2003-08-18 00:00:00,2003-08-18,26.40,158-841,서울특별시 양천구 신월동 549-5,N,0,3140000-101-2003-00396,,3140000,,,03,폐업,정종/대포집/소주방,26065117,,,상수도전용
주택가주변,,삼우식당,한식,1998-02-13,209231.869718717,444935.773392698,2026-05-06 22:49:58,I,02,폐업,24.42,,,,1,기타,,,,2003-06-25 00:00:00,1992-11-05,24.42,138-844,서울특별시 송파구 석촌동 178-16,N,1,3230000-101-1992-12582,,3230000,,,03,폐업,한식,02-414-0923,,,상수도전용
주택가주변,,중국관,중국식,2003-12-01,211619.368009793,445963.384875409,2026-05-06 22:55:46,I,02,폐업,31.04,,,,,우수,,,,2003-07-21 00:00:00,1998-09-01,31.04,138-829,서울특별시 송파구 방이동 89-11 중심상가 241동,N,,3230000-101-1998-10040,,3230000,,,03,폐업,중국식,02-400-4355,,,상수도전용
,,올갱이해장국,한식,2008-06-30,209351.420219193,444379.928730587,2026-05-06 22:56:55,I,02,폐업,26.4,,,,0,,,,,2003-05-23 00:00:00,2003-05-23,26.40,138-846,서울특별시 송파구 석촌동 278-0,N,0,3230000-101-2003-00319,,3230000,,,03,폐업,한식,02-3431-8518,,,
주택가주변,,오늘같이좋은날,분식,1998-03-23,187952.685673153,447918.310985977,2026-05-06 22:38:23,I,02,폐업,146.66,,,,,기타,,,,2001-09-28 00:00:00,1996-12-26,146.66,158-819,서울특별시 양천구 목동 791-1,N,1,3140000-101-1996-05034,,3140000,,,03,폐업,분식,02-647-0947,,,상수도전용
,,남한강 매운탕 남한산성점,한식,2018-07-05,213860.660598816,443123.934428764,2026-05-06 22:57:31,I,02,폐업,24,,,,,,,,,2018-07-05 17:21:46,2010-03-30,24.00,138-815,서울특별시 송파구 거여동 579 지상1층,N,,3230000-101-2010-00137,,3230000,"서울특별시 송파구 성내천로63길 8-1, 지상1층 (거여동)",05776,03,폐업,한식,02-408-6604,,,
주택가주변,,신토불이쌈밥,한식,2000-06-29,187986.374430839,447791.085855427,2026-05-06 22:35:50,I,02,폐업,34.4,,,,1,지도,,,,2000-06-29 00:00:00,1989-05-15,34.40,158-819,서울특별시 양천구 목동 794-4,N,1,3140000-101-1989-00159,,3140000,,,03,폐업,한식,,,,상수도전용
,,먹거리한마당,한식,2007-10-09,187477.353084871,446894.478512178,2026-05-06 22:44:33,I,02,폐업,25.16,,,,2,,,,,2005-02-23 00:00:00,2005-02-23,25.16,158-859,서울특별시 양천구 신정동 955-8,N,0,3140000-101-2005-00047,,3140000,,,03,폐업,한식,,,,상수도전용
,,미인닭발,한식,2023-03-16,207806.061833559,444492.616620422,2026-05-06 23:01:14,I,02,폐업,26.35,,,,,,,,,2023-03-16 10:16:23,2016-06-03,26.35,138-838,서울특별시 송파구 삼전동 45,N,,3230000-101-2016-00268,,3230000,"서울특별시 송파구 삼전로6길 18, 지상1층 (삼전동)",05592,03,폐업,한식,,,,
,,서호식당,기타,,188506.00866203,446238.429320031,2026-05-06 22:52:54,I,01,영업,48.06,,,,,,,,,2025-07-07 15:34:42,2025-07-07,48.06,158-852,서울특별시 양천구 신정동 294-87,N,,3140000-101-2025-00200,,3140000,"서울특별시 양천구 목동동로10길 12-10, 1층 (신정동)",08014,01,영업/정상,기타,,,,
주택가주변,,육영즉석탕수육전문점,중국식,1999-02-26,209170.666441706,444400.495189103,2026-05-06 22:54:59,I,02,폐업,23.62,,,,0,우수,,,,2005-02-02 00:00:00,1996-10-02,23.62,138-846,서울특별시 송파구 석촌동 268-0,N,0,3230000-101-1996-10057,,3230000,,,03,폐업,중국식,02-414-6066,,,상수도전용
유흥업소밀집지역,,밀러타임,한식,2011-09-06,210403.825298326,443562.753075246,2026-05-06 22:56:36,I,02,폐업,112.2,,,,,자율,,,,2003-07-24 00:00:00,2001-02-24,112.20,138-805,서울특별시 송파구 가락동 98-2 뉴훼밀리 오피스텔 201호,N,,3230000-101-2001-16113,,3230000,,,03,폐업,한식,02-487-4330,,,
,,한사랑생고기,한식,2024-03-26,188417.626361863,449418.483631523,2026-05-06 22:49:18,I,02,폐업,130,,,,,,,,,2024-03-26 17:30:34,2016-08-19,130.00,158-807,서울특별시 양천구 목동 502-1 지하1층 B03호,N,,3140000-101-2016-00211,,3140000,"서울특별시 양천구 목동중앙북로 60, 지하1층 B03호 (목동)",07949,03,폐업,한식,02-3663-9887,,,상수도전용
,,장보고,한식,2011-03-02,188731.819419291,449357.062414625,2026-05-06 22:45:50,I,02,폐업,39.6,,,,,,,,,2009-11-02 10:02:59,2009-11-02,39.60,158-808,서울특별시 양천구 목동 513-15 1층,N,,3140000-101-2009-08259,,3140000,,,03,폐업,한식,,,,
,,지에스25 한강잠실 4호,기타,2020-12-01,207280.548175724,446256.122690837,2026-05-06 22:57:29,I,02,폐업,24,,,,,,,,,2020-12-01 15:21:36,2009-10-06,24.00,138-889,서울특별시 송파구 잠실동 1-1 한강시민공원 잠실지구 게이트볼장앞,N,,3230000-101-2009-00498,,3230000,"서울특별시 송파구 백제고분로 2 (잠실동, 한강시민공원 잠실지구 게이트볼장 앞)",05500,03,폐업,기타,02-412-4155,,,
,,천하제일불닭발 송파점,한식,2025-03-12,211063.395138732,444241.514009357,2026-05-06 23:02:09,I,02,폐업,16.5,,,,,,,,,2025-03-12 10:38:07,2024-06-10,16.50,138-800,서울특별시 송파구 가락동 15-9,N,,3230000-101-2024-00458,,3230000,"서울특별시 송파구 송이로17길 46-29, 1층 101호 일부호 (가락동)",05703,03,폐업,한식,,,,
주택가주변,,은성,분식,1993-10-25,213298.885703678,443882.956920914,2026-05-06 22:50:16,I,02,폐업,24.29,,,,2,기타,,,,2002-09-04 00:00:00,1993-02-03,24.29,138-819,서울특별시 송파구 마천동 138-15,N,0,3230000-101-1993-05372,,3230000,,,03,폐업,분식,02-443-5261,,,상수도전용
주택가주변,,금강식당,한식,2001-06-29,,,2026-05-06 22:47:16,I,02,폐업,19.44,,,,1,지도,,,,2003-07-03 00:00:00,1988-10-21,19.44,138-873,서울특별시 송파구 풍납동 202-32,N,0,3230000-101-1988-12089,,3230000,,,03,폐업,한식,02-477-2561,,,상수도전용
기타,,하야미,분식,2016-07-18,186044.489579314,446271.746913627,2026-05-06 22:40:11,I,02,폐업,27,,,,0,자율,,,,2015-02-25 11:37:12,2000-02-25,27.00,158-842,서울특별시 양천구 신월동 575-30,N,0,3140000-101-2000-07636,,3140000,서울특별시 양천구 신월로 176 (신월동),08064,03,폐업,분식,02-2693-0321,,,상수도전용
주택가주변,,최박사,한식,1997-01-23,209115.428809956,445088.202024844,2026-05-06 22:50:07,I,02,폐업,91.92,,,,0,기타,,,,2003-07-04 00:00:00,1992-07-07,91.92,138-844,서울특별시 송파구 석촌동 183-4,N,0,3230000-101-1992-13608,,3230000,,,03,폐업,한식,02-424-9600,0,,상수도전용
,,팔레트테이블,경양식,2025-05-16,209743.127751758,444471.707885238,2026-05-06 23:01:49,I,02,폐업,6.48,,,,,,,,,2025-05-20 16:34:46,2021-09-27,6.48,138-850,서울특별시 송파구 송파동 95-39,N,,3230000-101-2021-00708,,3230000,"서울특별시 송파구 가락로 137, 2층 (송파동)",05668,03,폐업,경양식,,,,
기타,,좋은친구호프,한식,2001-04-04,212965.109708258,444266.345096405,2026-05-06 22:56:27,I,02,폐업,28.3,,,,0,기타,,,,2005-02-11 00:00:00,2000-04-26,28.30,138-818,서울특별시 송파구 마천동 40-7,N,0,3230000-101-2000-15055,,3230000,,,03,폐업,한식,02-3428-4348,,,
,,한돈촌 생삼겹살,한식,,209958.153049033,445368.274377499,2026-05-06 22:59:26,I,01,영업,66,,,,,,,,,2013-12-12 09:39:15,2013-02-20,66.00,138-830,서울특별시 송파구 방이동 111-6 지상1층,N,,3230000-101-2013-00067,,3230000,"서울특별시 송파구 오금로19길 7, 지상1층 (방이동)",05641,01,영업/정상,한식,,,,
주택가주변,,후랭크치킨,분식,1994-05-17,210169.993333,447970.612053978,2026-05-06 22:51:21,I,02,폐업,16.5,,,,1,갑,,,,2003-06-18 00:00:00,1994-02-26,16.50,138-874,서울특별시 송파구 풍납동 222-157,N,0,3230000-101-1994-07021,,3230000,,,03,폐업,분식,02-0000-0000,,,상수도전용
유흥업소밀집지역,,켕던타운,경양식,1997-10-07,207105.840273035,445299.205075528,2026-05-06 22:50:38,I,02,폐업,62.88,,,,2,을,,,,2003-06-16 00:00:00,1993-11-13,62.88,138-862,서울특별시 송파구 잠실동 192-8,N,2,3230000-101-1993-09829,,3230000,,,03,폐업,경양식,,,,상수도전용
주택가주변,,자유식당,한식,1996-12-28,,,2026-05-06 22:35:33,I,02,폐업,16,,,,1,지도,,,,2001-09-28 00:00:00,1984-06-22,16.00,158-849,서울특별시 양천구 신정동 117-9,N,0,3140000-101-1984-00842,,3140000,,,03,폐업,한식,02-645-6450,,,상수도전용
,,두꺼비 불곱창,한식,2012-08-09,213188.836406278,443860.98931677,2026-05-06 22:57:38,I,02,폐업,31.68,,,,,,,,,2011-06-02 10:42:40,2011-06-02,31.68,138-820,서울특별시 송파구 마천동 128-5 1층 106호,N,,3230000-101-2011-00239,,3230000,,,03,폐업,한식,,,,
,,이소식당,호프/통닭,2024-05-02,187956.122055043,447846.388387524,2026-05-06 22:49:54,I,02,폐업,92.4,,,,,,,,,2024-05-02 15:33:10,2018-10-24,92.40,158-819,서울특별시 양천구 목동 791-8,N,,3140000-101-2018-00277,,3140000,"서울특별시 양천구 목동중앙서로1길 6, 1층 (목동)",07965,03,폐업,호프/통닭,02-2647-4811,,,
,,아궁이,한식,2024-07-12,207978.716039274,444926.079165964,2026-05-06 23:01:17,I,02,폐업,30,,,,,,,,,2024-07-12 12:09:17,2016-12-01,30.00,138-837,서울특별시 송파구 삼전동 2-4,N,,3230000-101-2016-00654,,3230000,"서울특별시 송파구 삼전로12길 7, 1층 (삼전동)",05599,03,폐업,한식,,,,
기타,,돈타령,분식,2009-03-23,209891.488668868,444295.678823807,2026-05-06 22:56:26,I,02,폐업,59.4,,,,0,우수,,,,2003-07-22 00:00:00,2000-04-17,59.40,138-854,서울특별시 송파구 송파동 193-11 (지상1층),N,0,3230000-101-2000-15020,,3230000,,,03,폐업,분식,02-2202-2212,,,상수도전용
,,송이정 안동국시,한식,2015-10-05,210591.787825479,443574.427660288,2026-05-06 22:57:30,I,02,폐업,52,,,,,,,,,2013-10-24 15:28:24,2009-12-03,52.00,138-803,서울특별시 송파구 가락동 79-5 지상2층 205호,N,,3230000-101-2009-00617,,3230000,"서울특별시 송파구 송파대로28길 24, 지상2층 205호 (가락동)",05718,03,폐업,한식,02-402-3312,,,
,,효진이네 포차,한식,,210580.683290918,443657.71204579,2026-05-06 22:57:27,I,01,영업,48.61,,,,,,,,,2022-08-10 12:50:51,2009-06-03,48.61,138-803,서울특별시 송파구 가락동 80 성원상떼빌상가1층101동112호,N,,3230000-101-2009-00249,,3230000,"서울특별시 송파구 송파대로28길 27 (가락동,성원상떼빌상가1층101동112호)",05718,01,영업/정상,한식,,,,
,,두두리두팡 본점,기타,2025-05-22,208589.363343145,445455.90405262,2026-05-06 23:02:17,I,02,폐업,0,,,,,,,,,2025-05-23 04:15:09,2025-05-14,,138-721,서울특별시 송파구 잠실동 40-1 롯데월드,N,,3230000-101-2025-00278,,3230000,"서울특별시 송파구 올림픽로 240, 롯데백화점 잠실점 푸드코트 지하1층 (잠실동)",05554,03,폐업,기타,,,,
,,파닭이조아,한식,2011-12-08,209921.155071191,445219.334225703,2026-05-06 22:57:33,I,02,폐업,42.9,,,,,,,,,2010-10-05 16:13:57,2010-06-30,42.90,138-852,서울특별시 송파구 송파동 136-16 지상1층,N,,3230000-101-2010-00328,,3230000,,,03,폐업,한식,,,,
주택가주변,,푸른쌈밥,한식,2005-10-31,211619.368009793,445963.384875409,2026-05-06 22:55:32,I,02,폐업,34.03,,,,,우수,,,,2004-09-23 00:00:00,1997-09-04,34.03,138-829,서울특별시 송파구 방이동 89-11 (올림픽중심상가2층49.50호),N,,3230000-101-1997-10833,,3230000,,,03,폐업,한식,02-430-0034,,,상수도전용
주택가주변,,재니,경양식,1999-02-01,209393.141585965,444350.722020836,2026-05-06 22:53:12,I,02,폐업,112.32,,,,1,을,,,,2004-06-07 00:00:00,1995-08-30,112.32,138-846,서울특별시 송파구 석촌동 277-1,N,0,3230000-101-1995-08596,,3230000,,,03,폐업,경양식,02-425-5697,,,상수도전용
기타,,탈렌트,호프/통닭,2002-08-13,185482.024322984,446358.170363515,2026-05-06 22:42:29,I,02,폐업,46.2,,,,0,기타,,,,2002-02-02 00:00:00,2001-06-25,46.20,158-847,서울특별시 양천구 신월동 991-2,N,0,3140000-101-2001-08635,,3140000,,,03,폐업,호프/통닭,02-2604-5812,,,상수도전용
,,요시,기타,,211042.656030984,445440.474829577,2026-05-06 22:57:37,I,01,영업,187.31,,,,,,,,,2025-03-07 11:24:56,2011-03-28,187.31,138-834,서울특별시 송파구 방이동 187-5,Y,,3230000-101-2011-00105,,3230000,"서울특별시 송파구 위례성대로18길 14, 1층,2층 (방이동)",05638,01,영업/정상,기타,02-416-2582,,,
,,요때왕만두,한식,2015-08-20,212908.235234429,443937.105368707,2026-05-06 23:01:03,I,02,폐업,20,,,,,,,,,2014-11-17 12:27:47,2014-11-17,20.00,138-814,서울특별시 송파구 거여동 183-8 지상1층,N,,3230000-101-2014-00669,,3230000,"서울특별시 송파구 마천로 272, 지상1층 (거여동)",,03,폐업,한식,,,,
,,돈고돈락,한식,,208294.929760619,444952.194377276,2026-05-06 23:01:34,I,01,영업,95,,,,,,,,,2024-07-11 16:23:43,2019-05-31,95.00,138-840,서울특별시 송파구 삼전동 111-2 금한빌딩,N,,3230000-101-2019-00382,,3230000,"서울특별시 송파구 석촌호수로 158, 금한빌딩 1층 (삼전동)",05601,01,영업/정상,한식,,,,
,,PARK BOK SOON(박복순),일식,,209346.668640602,445195.289218835,2026-05-06 22:57:31,I,01,영업,84.27,,,,,,,,,2024-12-06 10:14:34,2010-04-19,84.27,138-848,서울특별시 송파구 송파동 28-15,N,,3230000-101-2010-00182,,3230000,"서울특별시 송파구 백제고분로41길 36-6, 1층 (송파동)",05622,01,영업/정상,일식,,,,
주택가주변,,투우칸,분식,1998-12-21,184585.101058153,447887.255085482,2026-05-06 22:38:03,I,02,폐업,23.86,,,,1,기타,,,,2001-09-28 00:00:00,1996-08-30,23.86,158-829,서울특별시 양천구 신월동 180-16,N,1,3140000-101-1996-04903,,3140000,,,03,폐업,분식,02-606-7994,,,상수도전용
,,다오래식당,한식,2011-11-21,184512.470783114,447854.843490195,2026-05-06 22:44:36,I,02,폐업,19.3,,,,0,,,,,2009-06-11 16:12:52,2005-05-10,19.30,158-829,서울특별시 양천구 신월동 182-12,N,0,3140000-101-2005-00162,,3140000,,,03,폐업,한식,02-2690-5567,,,
주택가주변,,자유공간,호프/통닭,2006-01-12,185655.470939279,446044.61586135,2026-05-06 22:39:39,I,02,폐업,213.49,,,,1,기타,,,,2003-09-08 00:00:00,1999-11-16,213.49,158-848,서울특별시 양천구 신월동 1001-1,N,0,3140000-101-1999-07321,,3140000,,,03,폐업,호프/통닭,02-2605-2389,,,상수도전용
기타,,올림피아호프,분식,1998-07-28,187579.321775134,447157.478261996,2026-05-06 22:37:47,I,02,폐업,158.92,,,,0,기타,,,,2001-09-28 00:00:00,1996-01-09,158.92,158-857,서울특별시 양천구 신정동 904-1,N,1,3140000-101-1996-04680,,3140000,,,03,폐업,분식,02-695-5533,,,상수도전용
주택가주변,,정호프,분식,1995-03-03,,,2026-05-06 22:37:18,I,02,폐업,28.82,,,,1,기타,,,,2001-09-28 00:00:00,1994-06-22,28.82,158-862,서울특별시 양천구 신정동 1034-25,N,0,3140000-101-1994-04034,,3140000,,,03,폐업,분식,02-0692-2965,,,상수도전용
기타,,유명식당,한식,,209790.959909032,443481.212174317,2026-05-06 22:47:59,I,01,영업,123.37,,,,0,을,,,,2023-06-02 11:23:43,1989-02-14,123.37,138-881,서울특별시 송파구 가락동 600 가락동 농수산물도매시장,N,0,3230000-101-1989-12247,,3230000,"서울특별시 송파구 양재대로 932, 가락동 농수산물도매시장 가락몰 2관 3층 005-1호 (가락동)",05699,01,영업/정상,한식,02-403-7378,,,상수도전용
주택가주변,,광주식당,한식,1999-05-08,210658.051559152,443620.612078283,2026-05-06 22:51:39,I,02,폐업,29.4,,,,1,기타,,,,2004-06-01 00:00:00,1994-12-29,29.40,138-803,서울특별시 송파구 가락동 79-7,N,1,3230000-101-1994-11628,,3230000,,,03,폐업,한식,02-0443-0392,,,상수도전용
,,돼지마을,한식,2003-05-28,188521.226906486,449237.271244285,2026-05-06 22:43:33,I,02,폐업,42.9,,,,0,,,,,2002-08-27 00:00:00,2002-08-27,42.90,158-807,서울특별시 양천구 목동 497-2,N,0,3140000-101-2002-00451,,3140000,,,03,폐업,한식,02-654-1545,,,
주택가주변,,꿈바위,분식,1995-08-19,,,2026-05-06 22:51:07,I,02,폐업,20.46,,,,1,을,,,,2003-07-01 00:00:00,1994-07-18,20.46,138-050,서울특별시 송파구 방이동 산 133-11,N,1,3230000-101-1994-05684,,3230000,,,03,폐업,분식,02-414-1530,,,상수도전용
,,성원스넥,분식,2005-04-01,187864.50227698,448953.063207171,2026-05-06 22:43:55,I,02,폐업,6.6,,,,0,,,,,2016-06-28 10:36:25,2003-04-11,6.60,158-791,서울특별시 양천구 목동 709-2 성원아파트 102동 지하1층,N,0,3140000-101-2003-00165,,3140000,"서울특별시 양천구 목동중앙남로 100 (목동,성원아파트 102동 지하1층)",07956,03,폐업,분식,02-2062-0027,,,상수도전용
,,추풍령 감자탕 잠실나루점,한식,2014-10-28,209151.713940169,446519.612162961,2026-05-06 22:57:34,I,02,폐업,92.4,,,,,,,,,2010-10-07 17:01:33,2010-10-07,92.40,138-240,서울특별시 송파구 신천동 17-4 파크리오상가 A동 지하1층 110호,N,,3230000-101-2010-00484,,3230000,"서울특별시 송파구 올림픽로 435, 110호 (신천동,파크리오상가 A동 지하1층)",05507,03,폐업,한식,,,,
,,신의주찹쌀순대,한식,,209563.782,445868.6655,2026-05-06 22:56:52,I,01,영업,99,,,,0,,,,,2025-03-12 18:19:33,2003-01-25,99.00,138-827,서울특별시 송파구 방이동 34-8,N,0,3230000-101-2003-00042,,3230000,서울특별시 송파구 올림픽로32길 12 (방이동),05542,01,영업/정상,한식,02-3431-0801,,,
주택가주변,,스토리,호프/통닭,2005-12-30,186096.765,446640.425,2026-05-06 22:39:26,I,02,폐업,26.16,,,,1,기타,,,,2002-01-24 00:00:00,1999-10-05,26.16,158-838,서울특별시 양천구 신월동 513-2,N,1,3140000-101-1999-07197,,3140000,,,03,폐업,호프/통닭,02-2607-8356,,,상수도전용
주택가주변,,청해수산,한식,1999-12-23,212614.766589237,443879.479098461,2026-05-06 22:54:07,I,02,폐업,43.66,,,,1,을,,,,2003-07-04 00:00:00,1995-06-01,43.66,138-813,서울특별시 송파구 거여동 136-22,N,0,3230000-101-1995-11468,,3230000,,,03,폐업,한식,,,,상수도전용
,,안동네주막,정종/대포집/소주방,2002-11-08,187269.205589613,446651.96243158,2026-05-06 22:43:24,I,02,폐업,29,,,,0,,,,,2002-08-09 00:00:00,2002-08-09,29.00,158-860,서울특별시 양천구 신정동 978-1,N,0,3140000-101-2002-00415,,3140000,,,03,폐업,정종/대포집/소주방,,,,
기타,,하정식당,한식,1997-10-14,187999.901459462,448782.142806581,2026-05-06 22:37:40,I,02,폐업,18.3,,,,1,기타,,,,2001-09-28 00:00:00,1996-05-09,18.30,158-813,서울특별시 양천구 목동 712-9,N,,3140000-101-1996-01599,,3140000,,,03,폐업,한식,02-643-7452,,,상수도전용
기타,,명물포장마차,분식,2017-02-22,213325.445666505,444007.411370767,2026-05-06 22:56:43,I,02,폐업,23,,,,,기타,,,,2017-03-06 14:54:21,2001-11-15,23.00,138-819,서울특별시 송파구 마천동 144-5,N,,3230000-101-2001-16981,,3230000,서울특별시 송파구 성내천로32길 18 (마천동),05751,03,폐업,분식,02-408-3387,,,
주택가주변,,풍년,한식,1998-12-02,207475.803485699,444740.963815602,2026-05-06 22:50:01,I,02,폐업,128.69,,,,3,기타,,,,2003-06-24 00:00:00,1992-09-22,128.69,138-867,서울특별시 송파구 잠실동 335-9,N,2,3230000-101-1992-12948,,3230000,,,03,폐업,한식,02-419-3222,,,상수도전용
주택가주변,,피터팬,분식,1998-09-04,207307.809494696,445381.464390854,2026-05-06 22:54:47,I,02,폐업,174.88,,,,2,기타,,,,2005-02-02 00:00:00,1996-09-30,174.88,138-861,서울특별시 송파구 잠실동 187-10,N,1,3230000-101-1996-04708,,3230000,,,03,폐업,분식,02-422-3958,,,상수도전용
,,주식회사 참잘튀겼닭,호프/통닭,2024-02-13,185482.024322984,446358.170363515,2026-05-06 22:50:39,I,02,폐업,29.75,,,,,,,,,2024-02-13 16:02:51,2021-03-15,29.75,158-847,서울특별시 양천구 신월동 991-2,N,,3140000-101-2021-00068,,3140000,"서울특별시 양천구 지양로 32, 1층 (신월동)",08041,03,폐업,호프/통닭,,,,
주택가주변,,한소정육식센타,한식,2000-01-24,207350.525095673,445036.880284016,2026-05-06 22:55:56,I,02,폐업,94.9,,,,0,자율,,,,2005-01-28 00:00:00,1999-06-25,94.90,138-863,서울특별시 송파구 잠실동 231-0,N,0,3230000-101-1999-00259,,3230000,,,03,폐업,한식,02-423-3277,,,상수도전용
,,포시즌,중국식,2014-07-25,212740.515,443413.645,2026-05-06 22:57:24,I,02,폐업,204.12,,,,,,,,,2014-05-23 18:13:50,2008-10-09,204.12,138-814,서울특별시 송파구 거여동 27-1,N,,3230000-101-2008-00363,,3230000,서울특별시 송파구 오금로 506 (거여동),05773,03,폐업,중국식,,,,
아파트지역,,시루터,분식,2001-12-04,188007.505715409,446394.279287538,2026-05-06 22:35:45,I,02,폐업,20.82,,,,2,지도,,,,2001-11-16 00:00:00,1987-09-15,20.82,158-070,서울특별시 양천구 신정동 313-0 목동아상가 A동 203호,N,1,3140000-101-1987-03988,,3140000,,,03,폐업,분식,02-2648-0346,,,상수도전용
주택가주변,,참마루낙지,한식,2012-01-13,210333.98694672,444990.887391126,2026-05-06 22:56:02,I,02,폐업,278,,,,0,우수,,,,2012-01-17 16:09:42,1999-04-14,278.00,138-854,서울특별시 송파구 송파동 147-6,N,0,3230000-101-1999-00618,,3230000,,,03,폐업,한식,02-820-8803,,,
주택가주변,,둘리피자,경양식,2002-01-16,209681.139895971,445366.46095482,2026-05-06 22:55:45,I,02,폐업,24.42,,,,0,기타,,,,2003-07-18 00:00:00,1998-07-11,24.42,138-849,서울특별시 송파구 송파동 52-1,N,0,3230000-101-1998-08133,,3230000,,,03,폐업,경양식,02-423-6162,,,상수도전용
,,온담해장국,한식,,,,2026-05-06 23:02:20,I,01,영업,40.17,,,,,,,,,2025-12-01 14:13:58,2025-12-01,40.17,138-888,서울특별시 송파구 문정동 639-5 힐스테이트에코송파,N,,3230000-101-2025-00749,,3230000,"서울특별시 송파구 정의로7길 13, 힐스테이트에코송파 1층 137호 (문정동)",05835,01,영업/정상,한식,,,,
,,하나모리,기타,2017-09-08,188729.190478822,447572.610039376,2026-05-06 22:48:04,I,02,폐업,26.4,,,,,,,,,2017-09-08 14:23:18,2014-07-21,26.40,158-050,서울특별시 양천구 목동 919-7 홈플러스1층,N,,3140000-101-2014-00188,,3140000,"서울특별시 양천구 목동서로 170, 1층 (목동, 홈플러스)",,03,폐업,기타,,,,
,,포도나무카페,까페,2017-02-22,207368.08755832,444501.010452152,2026-05-06 22:59:10,I,02,폐업,59.5,,,,,,,,,2017-02-28 16:12:29,2012-12-26,59.50,138-867,서울특별시 송파구 잠실동 329-7 지상1층 101호,N,,3230000-101-2012-00557,,3230000,"서울특별시 송파구 백제고분로18길 27, 지상1층 101호 (잠실동)",05578,03,폐업,까페,,,,
,,좋은친구들(을지로골뱅이),한식,2017-02-22,209645.742347131,444564.348009798,2026-05-06 22:57:24,I,02,폐업,36.3,,,,,,,,,2017-02-28 13:58:12,2008-10-08,36.30,138-850,서울특별시 송파구 송파동 95 지상1층 103호,N,,3230000-101-2008-00362,,3230000,"서울특별시 송파구 송파대로40길 6, 지상1층 103호 (송파동)",05668,03,폐업,한식,02-3432-7388,,,
주택가주변,,두래숯불소금생구이,한식,2000-03-28,188131.296203725,445197.198550791,2026-05-06 22:39:03,I,02,폐업,35.18,,,,0,기타,,,,2000-03-28 00:00:00,1999-04-07,35.18,158-850,서울특별시 양천구 신정동 174-1 4,N,1,3140000-101-1999-06715,,3140000,,,03,폐업,한식,,,,상수도전용
,,한솔냉면&비빔밥,한식,,210986.460698452,441725.293491662,2026-05-06 23:01:20,I,01,영업,69.78,,,,,,,,,2025-01-17 14:25:22,2017-05-17,69.78,138-888,서울특별시 송파구 문정동 634,Y,,3230000-101-2017-00369,,3230000,"서울특별시 송파구 충민로 66, 테크노관 지하1층 (문정동, 현대시티몰 가든파이브)",05838,01,영업/정상,한식,02-2673-2033,,,
,,홍심야식당,기타,,188759.604988533,449326.923464238,2026-05-06 22:51:47,I,01,영업,30,,,,,,,,,2024-10-07 15:16:35,2024-10-07,30.00,158-809,서울특별시 양천구 목동 527-3,N,,3140000-101-2024-00323,,3140000,"서울특별시 양천구 목동중앙북로16길 2, 1층 (목동)",07972,01,영업/정상,기타,,,,
,,함안식당,한식,2003-05-28,210658.051559152,443620.612078283,2026-05-06 22:56:52,I,02,폐업,19.8,,,,0,,,,,2003-01-09 00:00:00,2003-01-09,19.80,138-803,서울특별시 송파구 가락동 79-7 지하1층19호,N,0,3230000-101-2003-00014,,3230000,,,03,폐업,한식,02-430-3231,,,
주택가주변,,카누생맥주,한식,1994-10-07,187705.010552746,447178.1091186,2026-05-06 22:36:00,I,02,폐업,0,,,,1,지도,,,,2001-09-28 00:00:00,1990-07-10,.00,158-856,서울특별시 양천구 신정동 887-13,N,1,3140000-101-1990-01181,,3140000,,,03,폐업,한식,02-0696-5330,,,상수도전용
,,두꺼비 포차,횟집,2023-09-11,211856.740086484,443731.115307921,2026-05-06 23:01:46,I,02,폐업,57,,,,,,,,,2023-09-11 14:10:12,2021-04-12,57.00,138-811,서울특별시 송파구 가락동 174-27,N,,3230000-101-2021-00285,,3230000,"서울특별시 송파구 오금로46길 22, 1층 (가락동)",05769,03,폐업,횟집,,,,
기타,,석정,한식,2011-06-03,210003.546472307,445459.664604049,2026-05-06 22:47:17,I,02,폐업,33.17,,,,0,기타,,,,2010-08-03 09:19:34,1988-12-30,33.17,138-830,서울특별시 송파구 방이동 111-10,N,0,3230000-101-1988-12390,,3230000,,,03,폐업,한식,02-416-0320,,,상수도전용
,,유천냉면 목동점,한식,2023-09-21,188977.171050288,447466.355031447,2026-05-06 22:50:36,I,02,폐업,117,,,,,,,,,2023-09-21 10:51:56,2020-11-27,117.00,158-050,서울특별시 양천구 목동 917-6 중소기업유통센터(행복한백화점) 5층,Y,,3140000-101-2020-00353,,3140000,"서울특별시 양천구 목동동로 309, 중소기업유통센터(행복한백화점) 5층 (목동)",07997,03,폐업,한식,,,,
기타,,남원추어탕,한식,2007-05-02,188372.109543389,447864.750349991,2026-05-06 22:42:01,I,02,폐업,20.25,,,,0,기타,,,,2002-05-03 00:00:00,2001-05-03,20.25,158-819,서울특별시 양천구 목동 799-8,N,0,3140000-101-2001-08483,,3140000,,,03,폐업,한식,02-651-9600,,,상수도전용
주택가주변,,여울,호프/통닭,2005-07-15,186371.750293941,446789.874288121,2026-05-06 22:35:57,I,02,폐업,28.5,,,,1,을,,,,2005-01-21 00:00:00,1989-11-24,28.50,158-838,서울특별시 양천구 신월동 493-17,N,0,3140000-101-1989-03746,,3140000,,,03,폐업,호프/통닭,02-0693-0946,,,상수도전용
주택가주변,,섬진강,분식,2007-05-11,188572.74136395,446311.353646349,2026-05-06 22:36:52,I,02,폐업,61.82,,,,1,기타,,,,2002-01-04 00:00:00,1993-11-08,61.82,158-852,서울특별시 양천구 신정동 294-12,N,1,3140000-101-1993-03208,,3140000,,,03,폐업,분식,02-2649-9306,,,상수도전용
주택가주변,,남도,일식,,211946.425139176,443850.694905999,2026-05-06 22:49:07,I,01,영업,84.64,,,,0,을,,,,2023-09-15 14:05:00,1991-03-08,84.64,138-811,서울특별시 송파구 가락동 174-12,N,0,3230000-101-1991-07932,,3230000,서울특별시 송파구 오금로44길 5 (가락동),05769,01,영업/정상,일식,02-449-0995,,,상수도전용
기타,,바베큐보스치킨,통닭(치킨),2014-03-20,,,2026-05-06 22:42:03,I,02,폐업,39.6,,,,0,기타,,,,2010-03-12 16:40:04,2001-05-11,39.60,158-851,서울특별시 양천구 신정동 207-13,N,0,3140000-101-2001-08513,,3140000,서울특별시 양천구 목동남로4길 49 (신정동),,03,폐업,통닭(치킨),02-2653-7772,,,상수도전용
주택가주변,,제주목장,한식,2000-02-28,213480.010001492,443893.597869049,2026-05-06 22:55:48,I,02,폐업,24.42,,,,0,우수,,,,2003-07-16 00:00:00,1998-10-16,24.42,138-819,서울특별시 송파구 마천동 190-34,N,0,3230000-101-1998-10484,,3230000,,,03,폐업,한식,02-470-9981,,,상수도전용
기타,,(주)씨앤한강랜드진주나루,한식,2014-06-25,207251.915942732,446426.824609012,2026-05-06 22:55:13,I,02,폐업,164.4,,,,0,기타,,,,2014-05-23 17:43:05,1996-01-09,164.40,138-889,서울특별시 송파구 잠실동 1-2,N,0,3230000-101-1996-11327,,3230000,,,03,폐업,한식,02-416-8611,,,상수도전용
,,정직닭한마리,한식,2016-10-19,,,2026-05-06 22:49:01,I,02,폐업,34.2,,,,,,,,,2016-05-03 14:07:03,2016-01-18,34.20,158-863,서울특별시 양천구 신정동 1175-16 지상1층,N,,3140000-101-2016-00012,,3140000,"서울특별시 양천구 중앙로29길 14, 지상1층 (신정동)",,03,폐업,한식,070-7553-7787,,,
기타,,잠실학생체육관구내식당,분식,2005-06-22,206597.102072932,445547.19071847,2026-05-06 22:56:39,I,02,폐업,45.65,,,,,기타,,,,2003-07-25 00:00:00,2001-06-13,45.65,138-889,서울특별시 송파구 잠실동 10-3,N,,3230000-101-2001-16484,,3230000,,,03,폐업,분식,02-518-3805,,,
,,팔분맛집3호,기타,2026-01-12,210847.876225029,444370.105604911,2026-05-06 23:02:03,I,02,폐업,6,,,,,,,,,2026-01-12 15:58:05,2023-07-31,6.00,138-800,서울특별시 송파구 가락동 20-10,N,,3230000-101-2023-00569,,3230000,"서울특별시 송파구 양재대로66길 17, 1동 101호 (가락동)",05700,03,폐업,기타,,,,
,,대통양곱창,분식,2017-02-22,211916.53544426,443819.485664899,2026-05-06 22:57:12,I,02,폐업,99,,,,0,,,,,2017-03-02 16:55:14,2006-01-26,99.00,138-811,서울특별시 송파구 가락동 174-9 1층,N,0,3230000-101-2006-00049,,3230000,"서울특별시 송파구 오금로44길 9-1 (가락동,1층)",05769,03,폐업,분식,02-408-1291,,,
기타,,레드캡,한식,2017-02-22,208514.588985246,444297.099511639,2026-05-06 22:56:03,I,02,폐업,29.43,,,,0,자율,,,,2017-03-06 15:13:41,1999-03-31,29.43,138-845,서울특별시 송파구 석촌동 213-4,N,0,3230000-101-1999-00680,,3230000,서울특별시 송파구 삼학사로 42 (석촌동),05679,03,폐업,한식,02-417-0327,,,상수도전용
,,초일식당,한식,2014-06-26,,,2026-05-06 22:57:15,I,02,폐업,148.5,,,,0,,,,,2014-05-28 15:46:18,2006-05-30,148.50,138-871,서울특별시 송파구 장지동 336-2,N,0,3230000-101-2006-00265,,3230000,,,03,폐업,한식,02-449-8728,,,
,,제이푸드,한식,,208331.62624209,444456.079733451,2026-05-06 23:02:03,I,01,영업,18.1,,,,,,,,,2023-06-28 14:03:03,2023-06-28,18.10,138-838,서울특별시 송파구 삼전동 72-5 삼전원빌딩,N,,3230000-101-2023-00467,,3230000,"서울특별시 송파구 백제고분로 258, 삼전원빌딩 지하층 5호 (삼전동)",05584,01,영업/정상,한식,,,,
,,김밥천국,분식,2016-10-04,185149.572259372,446560.922618903,2026-05-06 22:45:40,I,02,폐업,66.1,,,,,,,,,2014-07-02 13:12:07,2009-05-21,66.10,158-845,서울특별시 양천구 신월동 954-1 1층,N,,3140000-101-2009-00131,,3140000,"서울특별시 양천구 지양로7길 13 (신월동, 1층)",08038,03,폐업,분식,02-2605-8211,,,
,,외계인피자 잠실송파점,기타,,210466.5543856,445286.210769358,2026-05-06 23:02:14,I,01,영업,39,,,,,,,,,2025-12-26 09:59:30,2024-12-02,39.00,138-831,서울특별시 송파구 방이동 134-19 승영빌딩,N,,3230000-101-2024-00974,,3230000,"서울특별시 송파구 가락로36길 9, 승영빌딩 102호 (방이동)",05634,01,영업/정상,기타,,,,
아파트지역,,장터국수,분식,1992-02-26,188231.065840178,446607.610784468,2026-05-06 22:35:55,I,02,폐업,22.35,,,,1,지도,,,,2001-09-28 00:00:00,1989-05-06,22.35,158-883,서울특별시 양천구 신정동 314-0 8단지상가,N,2,3140000-101-1989-03597,,3140000,,,03,폐업,분식,02-0176-8800,,,상수도전용
,,닭곰탕,한식,2019-10-08,187159.813286997,446632.382729189,2026-05-06 22:48:00,I,02,폐업,33,,,,,,,,,2019-10-08 10:14:11,2014-05-27,33.00,158-860,서울특별시 양천구 신정동 977-2 1층,N,,3140000-101-2014-00133,,3140000,"서울특별시 양천구 신월로 311-1, 1층 (신정동)",08027,03,폐업,한식,,,,
,,더 페어링,한식,,209074.900840074,445657.80932984,2026-05-06 23:02:06,I,01,영업,721,,,,,,,,,2025-06-05 16:06:59,2023-12-14,721.00,138-934,서울특별시 송파구 신천동 29 롯데월드타워앤드롯데월드몰,Y,,3230000-101-2023-00982,,3230000,"서울특별시 송파구 올림픽로 300, 롯데월드타워앤드롯데월드몰 6층 (신천동)",05551,01,영업/정상,한식,,,,
,,대박식당,기타,2016-08-31,211934.590753631,441843.884848756,2026-05-06 23:00:25,I,02,폐업,103.68,,,,,,,,,2014-03-06 14:06:22,2013-12-26,103.68,138-871,서울특별시 송파구 장지동 363 지상1층,N,,3230000-101-2013-00567,,3230000,,,03,폐업,기타,,,,
,,톨레도19(Toledo19),기타,2024-06-24,188431.286329151,446909.365903882,2026-05-06 22:51:09,I,02,폐업,7.1,,,,,,,,,2024-06-24 10:37:20,2023-01-17,7.10,158-724,서울특별시 양천구 목동 961 현대하이페리온2,N,,3140000-101-2023-00020,,3140000,"서울특별시 양천구 오목로 300, 206동 1층 126호 (목동, 현대하이페리온2)",08004,03,폐업,기타,,,,
,,마곡철판오리,한식,2012-04-25,185054.027462958,446758.065422318,2026-05-06 22:45:52,I,02,폐업,32.34,,,,,,,,,2010-04-07 15:18:11,2009-12-21,32.34,158-845,서울특별시 양천구 신월동 933-7 1층(양지길 5),N,,3140000-101-2009-08304,,3140000,,,03,폐업,한식,,,,
주택가주변,,영생맥주,분식,1992-02-14,,,2026-05-06 22:35:55,I,02,폐업,21.83,,,,1,지도,,,,2001-09-28 00:00:00,1989-06-08,21.83,158-857,서울특별시 양천구 신정동 908-16,N,1,3140000-101-1989-03620,,3140000,,,03,폐업,분식,02-0605-2556,,,상수도전용
주택가주변,,압구정김밥,분식,2002-02-16,187890.858025161,447260.880710898,2026-05-06 22:38:54,I,02,폐업,23.67,,,,0,기타,,,,2002-01-19 00:00:00,1998-05-12,23.67,158-857,서울특별시 양천구 신정동 900-21,N,0,3140000-101-1998-05403,,3140000,,,03,폐업,분식,02-696-9211,,,상수도전용
주택가주변,,이즈,분식,1995-11-18,208856.934647574,444875.749610993,2026-05-06 22:47:13,I,02,폐업,27.65,,,,1,지도,,,,2003-06-20 00:00:00,1988-09-10,27.65,138-842,서울특별시 송파구 석촌동 53-3,N,1,3230000-101-1988-06809,,3230000,,,03,폐업,분식,02-418-9398,,,상수도전용
,,라이언하트,경양식,,209389.696217302,445393.711556926,2026-05-06 23:01:29,I,01,영업,77,,,,,,,,,2024-10-31 14:01:43,2018-08-28,77.00,138-849,서울특별시 송파구 송파동 31-2 현대레이크빌,Y,,3230000-101-2018-00598,,3230000,"서울특별시 송파구 석촌호수로 284, 지하층 104호 (송파동, 현대레이크빌)",05623,01,영업/정상,경양식,,,,
기타,,대성원,중국식,1996-09-17,189030.118256659,446560.090592895,2026-05-06 22:37:45,I,02,폐업,20.46,,,,1,기타,,,,2001-09-28 00:00:00,1996-05-02,20.46,158-849,서울특별시 양천구 신정동 127-13,N,1,3140000-101-1996-02233,,3140000,,,03,폐업,중국식,02-642-7782,,,상수도전용
,,파샤카트,기타,,208589.363343145,445455.90405262,2026-05-06 23:01:16,I,01,영업,10,,,,,,,,,2016-10-20 16:13:41,2016-10-20,10.00,138-915,서울특별시 송파구 잠실동 40-1,N,,3230000-101-2016-00550,,3230000,"서울특별시 송파구 올림픽로 240, 2층 (잠실동, 롯데월드어드벤처점)",05554,01,영업/정상,기타,031-743-8492,,,
,,1989 마라탕,기타,,188306.432344823,447851.739399356,2026-05-06 22:50:37,I,01,영업,29.33,,,,,,,,,2026-04-01 13:15:11,2020-12-16,29.33,158-819,서울특별시 양천구 목동 799-1 1층,N,,3140000-101-2020-00369,,3140000,"서울특별시 양천구 목동중앙서로 42, 1층 (목동)",07967,01,영업/정상,기타,,,,
주택가주변,,이서방양념치킨,분식,1994-04-07,,,2026-05-06 22:36:04,I,02,폐업,39.73,,,,1,을,,,,2001-09-28 00:00:00,1990-09-15,39.73,158-090,서울특별시 양천구 신월동 산 996-23,N,1,3140000-101-1990-03847,,3140000,,,03,폐업,분식,02-0604-4867,,,상수도전용
,,컨플릭트 스토어 소피텔,기타,,209337.104501753,445744.864426145,2026-05-06 23:01:49,I,01,영업,87.54,,,,,,,,,2021-08-30 17:51:11,2021-08-30,87.54,138-934,서울특별시 송파구 신천동 29-1 KT송파타워,N,,3230000-101-2021-00637,,3230000,"서울특별시 송파구 잠실로 209, KT송파타워 1층 101호 (신천동)",05552,01,영업/정상,기타,,,,
주택가주변,,두댐이,분식,2004-10-05,211632.676632598,442953.248492703,2026-05-06 22:50:34,I,02,폐업,17.64,,,,0,기타,,,,2004-04-06 00:00:00,1993-08-12,17.64,138-200,서울특별시 송파구 문정동 122-10,N,1,3230000-101-1993-07632,,3230000,,,03,폐업,분식,02-331-8762,,,상수도전용
학교정화(상대),,온정손만두,한식,,188560.809957252,446382.826748194,2026-05-06 22:38:50,I,01,영업,173.2,,,,0,기타,,,,2017-12-28 16:39:50,1998-09-12,173.20,158-852,서울특별시 양천구 신정동 296-17,N,0,3140000-101-1998-03029,,3140000,서울특별시 양천구 신목로7길 9 (신정동),08014,01,영업/정상,한식,02-2654-0606,,,상수도전용
주택가주변,,부산회집,일식,1999-07-21,209290.325449994,444633.234088274,2026-05-06 22:50:36,I,02,폐업,111.42,,,,1,을,,,,2003-06-25 00:00:00,1993-02-24,111.42,138-847,서울특별시 송파구 석촌동 284-3,N,1,3230000-101-1993-07982,,3230000,,,03,폐업,일식,02-202-8067,,,상수도전용
,,153 곱창,한식,2025-05-16,210171.677611295,445188.503709114,2026-05-06 23:01:32,I,02,폐업,52.8,,,,,,,,,2025-05-22 17:28:40,2018-12-24,52.80,138-830,서울특별시 송파구 방이동 124-1,N,,3230000-101-2018-00870,,3230000,"서울특별시 송파구 가락로33길 11, 1층 (방이동)",05643,03,폐업,한식,,,,
,,라뜰리에김가,기타,2025-01-12,188884.075622342,447186.888604306,2026-05-06 22:52:10,I,02,폐업,0,,,,,,,,,2025-01-13 04:15:09,2025-01-08,,158-724,서울특별시 양천구 목동 916 현대하이페리온,N,,3140000-101-2025-00006,,3140000,"서울특별시 양천구 목동동로 257, 지하2층 (목동, 현대하이페리온)",07998,03,폐업,기타,,,,
,,족발미녀 잠실점,한식,,207380.19299205,445178.478407786,2026-05-06 23:02:08,I,01,영업,51.5,,,,,,,,,2024-04-22 15:39:42,2024-04-22,51.50,138-863,서울특별시 송파구 잠실동 212,N,,3230000-101-2024-00291,,3230000,"서울특별시 송파구 석촌호수로12길 19, 1층 102, 103호 (잠실동)",05564,01,영업/정상,한식,,,,
,,석천냉면,한식,2011-11-08,213064.88792998,443555.809768438,2026-05-06 22:56:53,I,02,폐업,29.7,,,,0,,,,,2003-03-04 00:00:00,2003-03-04,29.70,138-815,서울특별시 송파구 거여동 205-51,N,0,3230000-101-2003-00100,,3230000,,,03,폐업,한식,02-431-7666,,,
주택가주변,,첫사랑,호프/통닭,2007-01-23,186202.649870727,446699.633448538,2026-05-06 22:38:41,I,02,폐업,62.56,,,,0,기타,,,,2002-01-17 00:00:00,1997-05-22,62.56,158-838,서울특별시 양천구 신월동 509-1,N,1,3140000-101-1997-05153,,3140000,,,03,폐업,호프/통닭,02-694-7548,,,상수도전용
주택가주변,,실내포장마차,한식,1997-04-03,188919.01389015,446786.559111612,2026-05-06 22:36:59,I,02,폐업,17.24,,,,1,기타,,,,2001-09-28 00:00:00,1994-08-25,17.24,158-806,서울특별시 양천구 목동 404-137,N,0,3140000-101-1994-01207,,3140000,,,03,폐업,한식,02-649-6835,,,상수도전용
,,다맛골,한식,2016-11-22,209411.109054329,444475.843957472,2026-05-06 22:56:52,I,02,폐업,80.69,,,,0,,,,,2017-01-04 17:58:17,2002-12-07,80.69,138-847,서울특별시 송파구 석촌동 280-9,N,0,3230000-101-2002-17994,,3230000,서울특별시 송파구 백제고분로40길 26 (석촌동),05689,03,폐업,한식,02-425-6265,,,
주택가주변,,삼익하우스,분식,2006-03-07,188961.777665764,446721.956484245,2026-05-06 22:38:58,I,02,폐업,80.2,,,,0,기타,,,,2002-01-22 00:00:00,1998-11-16,80.20,158-806,서울특별시 양천구 목동 404-84,N,0,3140000-101-1998-05590,,3140000,,,03,폐업,분식,02-653-8040,,,상수도전용
주택가주변,,대추나무집,한식,2000-03-24,187428.638562847,446854.519029755,2026-05-06 22:38:28,I,02,폐업,68.67,,,,1,기타,,,,2000-03-24 00:00:00,1997-04-18,68.67,158-859,서울특별시 양천구 신정동 957-3,N,0,3140000-101-1997-01786,,3140000,,,03,폐업,한식,02-693-8460,,,상수도전용
주택가주변,,문화독립국,분식,2000-07-24,,,2026-05-06 22:39:02,I,02,폐업,55,,,,0,기타,,,,2000-07-24 00:00:00,1999-04-12,55.00,158-811,서울특별시 양천구 목동 614-11,N,2,3140000-101-1999-06695,,3140000,,,03,폐업,분식,02-2645-2858,,,상수도전용
,,더기,기타,2018-04-09,,,2026-05-06 23:01:23,I,02,폐업,31.61,,,,,,,,,2018-04-09 17:59:23,2017-11-13,31.61,138-888,서울특별시 송파구 문정동 644 문정현대지식산업센터1-1,N,,3230000-101-2017-00825,,3230000,"서울특별시 송파구 법원로11길 11, B동 141호 (문정동)",05836,03,폐업,기타,,,,
기타,,남촌별곡,한식,2011-12-08,211111.990469749,442106.154785377,2026-05-06 22:56:44,I,02,폐업,264,,,,,기타,,,,2011-12-12 10:46:55,2001-12-13,264.00,138-200,서울특별시 송파구 문정동 73-1,N,,3230000-101-2001-17067,,3230000,,,03,폐업,한식,02-430-5195,,,
,,더 더치 치즈앤모어,기타,2023-12-25,208589.363343145,445455.90405262,2026-05-06 23:02:06,I,02,폐업,0,,,,,,,,,2023-12-26 04:15:09,2023-11-29,,138-721,서울특별시 송파구 잠실동 40-1 롯데월드,N,,3230000-101-2023-00948,,3230000,"서울특별시 송파구 올림픽로 240, 롯데백화점 지하1층 지하1층 (잠실동)",05554,03,폐업,기타,,,,
,,장충동뚱뚱이할머니족발,한식,2002-12-18,188895.038246007,448694.803035051,2026-05-06 22:43:07,I,02,폐업,13,,,,0,,,,,2002-03-14 00:00:00,2002-03-14,13.00,158-802,서울특별시 양천구 목동 199-46 우성대원프라자 402호,N,0,3140000-101-2002-00129,,3140000,,,03,폐업,한식,02-2642-8880,,,상수도전용
주택가주변,,세화식당,한식,1994-12-01,185416.119796093,447510.023554684,2026-05-06 22:36:27,I,02,폐업,25.5,,,,1,기타,,,,2001-09-28 00:00:00,1992-04-01,25.50,158-831,서울특별시 양천구 신월동 226-7,N,1,3140000-101-1992-01100,,3140000,,,03,폐업,한식,02-694-8263,,,상수도전용
,,이자카야 대물 잠실방이본점,식육(숯불구이),,209690.188381407,445639.936268094,2026-05-06 23:01:44,I,01,영업,146.28,,,,,,,,,2025-06-24 13:37:26,2020-12-29,146.28,138-829,서울특별시 송파구 방이동 93 흥진맨션,N,,3230000-101-2020-00920,,3230000,"서울특별시 송파구 올림픽로32길 38, 1층 103,104호 (방이동, 흥진맨션)",05549,01,영업/정상,식육(숯불구이),,,,
주택가주변,,신천아리랑,분식,2000-03-15,207319.089634647,445428.59721944,2026-05-06 22:56:13,I,02,폐업,178.22,,,,0,기타,,,,2003-07-23 00:00:00,1999-09-06,178.22,138-861,서울특별시 송파구 잠실동 183-2,N,0,3230000-101-1999-14332,,3230000,,,03,폐업,분식,02-412-1510,,,상수도전용
,,떡볶이참잘하는집떡참 오목교역점,분식,,188714.007308968,446852.401510876,2026-05-06 22:45:40,I,01,영업,21.45,,,,,,,,,2023-10-17 18:02:54,2009-04-30,21.45,158-806,서울특별시 양천구 목동 405-74 영보빌딩 104호(신목1길 15),N,,3140000-101-2009-00111,,3140000,"서울특별시 양천구 오목로54길 10 (목동,영보빌딩 104호(신목1길 15))",08005,01,영업/정상,분식,02-2062-8292,,,
,,청년다방 행복한 백화점점,한식,2025-12-29,188977.171050288,447466.355031447,2026-05-06 22:49:55,I,02,폐업,57.1,,,,,,,,,2025-12-29 09:16:10,2018-11-14,57.10,158-721,서울특별시 양천구 목동 917-6 행복한세상,N,,3140000-101-2018-00308,,3140000,"서울특별시 양천구 목동동로 309, 행복한세상 5층 (목동)",07997,03,폐업,한식,,,,
,,근호네불닭발,한식,2020-07-29,187752.826299246,447168.914215234,2026-05-06 22:45:02,I,02,폐업,33.12,,,,0,,,,,2020-07-29 11:10:55,2007-04-30,33.12,158-856,서울특별시 양천구 신정동 887-9,N,0,3140000-101-2007-00144,,3140000,서울특별시 양천구 신정중앙로 93 (신정동),07938,03,폐업,한식,02-2603-9011,,,상수도전용
,,수미카츠맛집,일식,,187562.674223406,446472.986010842,2026-05-06 22:53:03,I,01,영업,62.16,,,,,,,,,2025-09-12 13:08:22,2025-09-12,62.16,158-861,서울특별시 양천구 신정동 1021-1,N,,3140000-101-2025-00275,,3140000,"서울특별시 양천구 은행정로 8, 1층 (신정동)",08087,01,영업/정상,일식,,,,
,,참숯갈매기살부속전문점,한식,2013-02-08,185218.183714897,446438.133788947,2026-05-06 22:44:51,I,02,폐업,120,,,,0,,,,,2013-02-07 17:48:20,2006-09-14,120.00,158-847,서울특별시 양천구 신월동 988-8 1층,N,0,3140000-101-2006-00293,,3140000,,,03,폐업,한식,02-2601-1986,,,
,,행복cake,"외국음식전문점(인도,태국등)",2022-04-12,210038.469055347,444467.462209044,2026-05-06 23:01:36,I,02,폐업,28.95,,,,,,,,,2022-04-12 15:40:06,2019-10-10,28.95,138-854,서울특별시 송파구 송파동 100-3,N,,3230000-101-2019-00753,,3230000,"서울특별시 송파구 송이로6길 17, 1층 101호 (송파동)",05675,03,폐업,"외국음식전문점(인도,태국등)",,,,
주택가주변,,리밍,한식,2001-03-23,207552.96722862,445137.378559191,2026-05-06 22:46:38,I,02,폐업,19.91,,,,0,을,,,,2003-06-23 00:00:00,1980-10-08,19.91,138-862,서울특별시 송파구 잠실동 210-47,N,0,3230000-101-1980-13115,,3230000,,,03,폐업,한식,02-418-7202,,,상수도전용
,,동대문엽기떡볶이 신월점,김밥(도시락),,185729.8201797,446606.020593856,2026-05-06 22:44:20,I,01,영업,95.7,,,,0,,,,,2026-02-10 10:10:22,2004-05-28,95.70,158-833,서울특별시 양천구 신월동 439-17,N,0,3140000-101-2004-00186,,3140000,"서울특별시 양천구 오목로 15, 1층 (신월동)",07928,01,영업/정상,김밥(도시락),02-2696-7411,,,상수도전용
주택가주변,,청해해물탕,한식,1998-11-27,207349.315703049,445336.615598291,2026-05-06 22:55:02,I,02,폐업,105.12,,,,,기타,,,,2005-02-07 00:00:00,1996-07-12,105.12,138-861,서울특별시 송파구 잠실동 186-1,N,,3230000-101-1996-11148,,3230000,,,03,폐업,한식,02-419-8802,,,상수도전용
,,주식회사 더테이블브루잉컴퍼니,기타,2023-10-07,209463.319566794,444266.605880541,2026-05-06 23:02:05,I,02,폐업,0,,,,,,,,,2023-10-08 04:15:09,2023-10-04,,138-846,서울특별시 송파구 석촌동 275-5,N,,3230000-101-2023-00752,,3230000,"서울특별시 송파구 송파대로37길 40, 석촌시장 일대 (석촌동)",05696,03,폐업,기타,,,,
기타,,향육,분식,1997-03-26,185665.167731342,445999.688955193,2026-05-06 22:37:57,I,02,폐업,15.54,,,,1,기타,,,,2001-09-28 00:00:00,1996-07-08,15.54,158-848,서울특별시 양천구 신월동 1007-1,N,1,3140000-101-1996-04848,,3140000,,,03,폐업,분식,02-602-6617,,,상수도전용
유흥업소밀집지역,,미락,일식,1995-10-12,,,2026-05-06 22:50:36,I,02,폐업,116.2,,,,1,기타,,,,2003-06-27 00:00:00,1993-03-05,116.20,138-050,서울특별시 송파구 방이동 산 38-13,N,2,3230000-101-1993-07960,,3230000,,,03,폐업,일식,02-417-5037,,,상수도전용
기타,,비젼리,경양식,2000-03-14,209563.395932094,445948.756207391,2026-05-06 22:56:24,I,02,폐업,128.9,,,,0,기타,,,,2003-07-24 00:00:00,2000-02-24,128.90,138-827,서울특별시 송파구 방이동 36-0,N,0,3230000-101-2000-14827,,3230000,,,03,폐업,경양식,02-417-8545,,,
,,호돈,기타,2024-10-27,187328.575796091,446582.446566821,2026-05-06 22:51:50,I,02,폐업,0,,,,,,,,,2024-10-28 04:15:09,2024-10-15,,158-861,서울특별시 양천구 신정동 1027-4 LG Bestshop 신정점,N,,3140000-101-2024-00340,,3140000,"서울특별시 양천구 신월로 328, 신정네거리역 일대 (신정동)",08082,03,폐업,기타,,,,
,,대한곱창,한식,2024-04-16,,,2026-05-06 23:01:35,I,02,폐업,114.58,,,,,,,,,2024-04-16 13:54:00,2019-06-25,114.58,138-888,서울특별시 송파구 문정동 643-1 엠스테이트,N,,3230000-101-2019-00446,,3230000,"서울특별시 송파구 법원로 114, 엠스테이트 에이동 1층 114, 115호 (문정동)",05854,03,폐업,한식,,,,
기타,,옥천식당,한식,2002-08-20,189048.740098848,446590.308015611,2026-05-06 22:42:39,I,02,폐업,23.1,,,,0,기타,,,,2002-02-01 00:00:00,2001-07-10,23.10,158-849,서울특별시 양천구 신정동 127-5,N,0,3140000-101-2001-08687,,3140000,,,03,폐업,한식,02-2647-2007,,,상수도전용
,,옛날집,한식,,187905.367262346,449596.162199226,2026-05-06 22:50:46,I,01,영업,39.6,,,,,,,,,2023-07-12 08:43:56,2021-10-07,39.60,158-811,서울특별시 양천구 목동 614-1 1층,N,,3140000-101-2021-00295,,3140000,"서울특별시 양천구 목동중앙북로 4, 1층 (목동)",07950,01,영업/정상,한식,,,,
,,모아모아 푸드,한식,2016-10-10,210796.576192498,444200.441100481,2026-05-06 22:57:38,I,02,폐업,72.6,,,,,,,,,2015-08-17 13:21:30,2011-08-04,72.60,138-801,서울특별시 송파구 가락동 41-1 지상1층,N,,3230000-101-2011-00351,,3230000,"서울특별시 송파구 오금로36길 48, 지상1층 (가락동)",05706,03,폐업,한식,,,,
,,빌리언박스 풍납점,기타,,210566.92594293,448067.009189461,2026-05-06 23:02:08,I,01,영업,63.34,,,,,,,,,2024-04-03 14:31:07,2024-04-03,63.34,138-873,서울특별시 송파구 풍납동 155-22,N,,3230000-101-2024-00237,,3230000,"서울특별시 송파구 풍성로25가길 8, 1층 (풍납동)",05520,01,영업/정상,기타,,,,
,,서민국수,한식,,207256.135126155,444819.169842215,2026-05-06 23:01:19,I,01,영업,60,,,,,,,,,2018-10-15 11:03:33,2017-03-28,60.00,138-866,서울특별시 송파구 잠실동 313-9,N,,3230000-101-2017-00221,,3230000,"서울특별시 송파구 백제고분로 144, 1층 (잠실동)",05575,01,영업/정상,한식,,,,
유흥업소밀집지역,,춘향고을,한식,,209568.188973238,445934.229165112,2026-05-06 22:53:44,I,01,영업,75.9,,,,4,기타,,,,2004-09-01 00:00:00,1995-12-18,75.90,138-827,서울특별시 송파구 방이동 36-1,N,0,3230000-101-1995-11355,,3230000,서울특별시 송파구 올림픽로32길 5 (방이동),05543,01,영업/정상,한식,02-3431-1433,,,상수도전용
,,카츠젠,경양식,2024-07-16,210868.397496689,442053.227933005,2026-05-06 23:01:30,I,02,폐업,98.58,,,,,,,,,2024-07-16 10:00:40,2018-09-27,98.58,138-888,서울특별시 송파구 문정동 618 파크하비오,N,,3230000-101-2018-00655,,3230000,"서울특별시 송파구 송파대로 111, 108호 (문정동, 파크하비오)",05837,03,폐업,경양식,,,,
,,모퉁이,기타,2022-02-03,210995.624063175,443744.90458808,2026-05-06 22:57:34,I,02,폐업,33,,,,,,,,,2022-02-03 10:42:36,2010-09-14,33.00,138-808,서울특별시 송파구 가락동 144-20 지상1층,N,,3230000-101-2010-00446,,3230000,"서울특별시 송파구 송이로23길 18, 지상1층 (가락동)",05825,03,폐업,기타,,,,
,,울트라함식당,한식,2008-07-03,,,2026-05-06 22:57:16,I,02,폐업,245,,,,0,,,,,2006-09-22 00:00:00,2006-09-22,245.00,138-210,서울특별시 송파구 장지동 170 장지아파트현장,N,0,3230000-101-2006-00436,,3230000,,,03,폐업,한식,,,,
,,맛닭꼬신월점,호프/통닭,,185127.929492629,446728.811144363,2026-05-06 22:48:00,I,01,영업,66,,,,,,,,,2014-05-26 17:05:25,2014-05-26,66.00,158-845,서울특별시 양천구 신월동 933-3 1층,N,,3140000-101-2014-00132,,3140000,"서울특별시 양천구 지양로 85, 1층 (신월동)",08037,01,영업/정상,호프/통닭,,,,
,,하이트,호프/통닭,2004-01-28,185937.770352149,446667.122935833,2026-05-06 22:44:05,I,02,폐업,39,,,,0,,,,,2003-09-25 00:00:00,2003-09-25,39.00,158-833,서울특별시 양천구 신월동 442-4,N,0,3140000-101-2003-00474,,3140000,,,03,폐업,호프/통닭,02-2602-7340,,,
,,소나무집,한식,2009-08-28,188427.184058611,448908.388579113,2026-05-06 22:45:11,I,02,폐업,88.56,,,,,,,,,2007-11-12 14:54:45,2007-11-12,88.56,158-803,서울특별시 양천구 목동 231-14,N,,3140000-101-2007-00375,,3140000,,,03,폐업,한식,02-2653-3625,,,상수도전용
,,피자 napoli,경양식,2022-12-30,208486.245789332,444516.230180777,2026-05-06 23:01:37,I,02,폐업,61.69,,,,,,,,,2022-12-30 15:37:09,2019-10-29,61.69,138-840,서울특별시 송파구 삼전동 133-17,N,,3230000-101-2019-00818,,3230000,"서울특별시 송파구 삼학사로 61, 1층 (삼전동)",05603,03,폐업,경양식,,,,
주택가주변,,맥시칸치킨목동중앙센타,분식,1999-01-26,188613.829212455,447036.001411884,2026-05-06 22:38:55,I,02,폐업,48.63,,,,0,기타,,,,2001-09-28 00:00:00,1998-06-12,48.63,158-806,서울특별시 양천구 목동 406-108,N,0,3140000-101-1998-05444,,3140000,,,03,폐업,분식,,,,상수도전용
주택가주변,,지스트,경양식,2000-03-08,207425.851517711,445334.462392187,2026-05-06 22:55:29,I,02,폐업,82.94,,,,0,자율,,,,2005-01-28 00:00:00,1997-02-17,82.94,138-861,서울특별시 송파구 잠실동 185-3,N,0,3230000-101-1997-08380,,3230000,,,03,폐업,경양식,02-422-9437,,,상수도전용
,,자연을 담은 구이,한식,2021-11-30,207083.314369181,445117.630425956,2026-05-06 23:01:30,I,02,폐업,40,,,,,,,,,2021-11-30 11:40:28,2018-09-27,40.00,138-863,서울특별시 송파구 잠실동 221-4,N,,3230000-101-2018-00658,,3230000,"서울특별시 송파구 석촌호수로12길 49-1, 1층 (잠실동)",05562,03,폐업,한식,,,,
,,만리장성,한식,2021-07-27,187685.918214029,446541.406691955,2026-05-06 22:47:06,I,02,폐업,74.61,,,,,,,,,2021-07-31 09:31:18,2011-11-24,74.61,158-861,서울특별시 양천구 신정동 1015-2 1층,N,,3140000-101-2011-00358,,3140000,"서울특별시 양천구 은행정로4길 14, 1층 (신정동)",08087,03,폐업,한식,,,,상수도전용
,,딜라잇쌈 롯데백화점 잠실점(delight SSAM),한식,,208589.363343145,445455.90405262,2026-05-06 23:01:20,I,01,영업,31.42,,,,,,,,,2024-04-15 09:14:19,2017-06-19,31.42,138-721,서울특별시 송파구 잠실동 40-1 롯데월드,N,,3230000-101-2017-00478,,3230000,"서울특별시 송파구 올림픽로 240, 롯데백화점 지하1층 (잠실동)",05554,01,영업/정상,한식,,,,
기타,,싱싱회집,한식,2001-03-16,210181.552459547,445444.659386402,2026-05-06 22:56:06,I,02,폐업,35.69,,,,0,자율,,,,2003-07-23 00:00:00,1999-12-03,35.69,138-832,서울특별시 송파구 방이동 146-4,N,0,3230000-101-1999-00988,,3230000,,,03,폐업,한식,02-417-8381,,,상수도전용
기타,,숙이포장마차,정종/대포집/소주방,2021-05-21,210425.983288464,447744.140737118,2026-05-06 22:56:49,I,02,폐업,82.5,,,,,기타,,,,2021-05-21 16:52:41,2002-08-03,82.50,138-874,서울특별시 송파구 풍납동 237-1,N,,3230000-101-2002-17643,,3230000,서울특별시 송파구 풍성로26길 22 (풍납동),,03,폐업,정종/대포집/소주방,02-475-9270,,,
주택가주변,,금보성,중국식,1991-03-27,186848.245496434,446533.390583718,2026-05-06 22:35:47,I,02,폐업,53.59,,,,1,지도,,,,2001-09-28 00:00:00,1988-10-07,53.59,158-864,서울특별시 양천구 신정동 1190-1,N,1,3140000-101-1988-02115,,3140000,,,03,폐업,중국식,02-0604-5360,,,상수도전용
주택가주변,,한마을식당,한식,2007-07-20,185547.411962841,446375.100632415,2026-05-06 22:39:07,I,02,폐업,22.71,,,,1,기타,,,,2003-06-24 00:00:00,1999-05-26,22.71,158-847,서울특별시 양천구 신월동 996-23 지층1-102,N,0,3140000-101-1999-06919,,3140000,,,03,폐업,한식,02-608-7450,,,상수도전용
,,치킨닥터,통닭(치킨),2015-10-27,185924.126505627,445113.109971419,2026-05-06 22:43:14,I,02,폐업,25,,,,0,,,,,2011-04-28 10:39:02,2002-06-10,25.00,158-855,서울특별시 양천구 신정동 743-2 현대(아)상가102호,N,0,3140000-101-2002-00315,,3140000,"서울특별시 양천구 신정로 170 (신정동,현대(아)상가102호)",08110,03,폐업,통닭(치킨),02-2060-6644,,,
주택가주변,,로젠호프,한식,2007-03-22,211111.990469749,442106.154785377,2026-05-06 22:55:37,I,02,폐업,80.85,,,,0,기타,,,,2004-10-14 00:00:00,1998-06-24,80.85,138-200,서울특별시 송파구 문정동 73-1,N,0,3230000-101-1998-00221,,3230000,,,03,폐업,한식,02-431-1488,,,상수도전용
기타,,영덕물회,한식,2018-09-28,209281.09004409,445187.001933731,2026-05-06 22:56:29,I,02,폐업,82,,,,0,기타,,,,2018-09-28 14:07:13,2000-06-30,82.00,138-848,서울특별시 송파구 송파동 9-17 1층,N,0,3230000-101-2000-15415,,3230000,"서울특별시 송파구 송파대로48길 14 (송파동,1층)",05624,03,폐업,한식,02-413-2454,,,
주택가주변,,칼포니치킨,분식,1997-01-07,186324.124478828,446777.841817288,2026-05-06 22:36:02,I,02,폐업,26.48,,,,1,지도,,,,2001-09-28 00:00:00,1990-02-19,26.48,158-838,서울특별시 양천구 신월동 492-22,N,1,3140000-101-1990-03259,,3140000,,,03,폐업,분식,02-697-4967,,,상수도전용
주택가주변,,양자강,중국식,1991-03-05,185983.856210213,446209.12310839,2026-05-06 22:35:53,I,02,폐업,117.7,,,,1,지도,,,,2001-09-28 00:00:00,1989-03-23,117.70,158-841,서울특별시 양천구 신월동 550-5,N,2,3140000-101-1989-02121,,3140000,,,03,폐업,중국식,02-0000-0000,,,상수도전용
주택가주변,,와글와글분식,분식,2001-04-20,207446.195681118,445226.325981812,2026-05-06 22:51:22,I,02,폐업,19.8,,,,1,을,,,,2003-06-17 00:00:00,1994-01-19,19.80,138-862,서울특별시 송파구 잠실동 207-5,N,0,3230000-101-1994-07074,,3230000,,,03,폐업,분식,02-424-1404,,,상수도전용
,,탱글,기타,2025-02-04,208790.84858818,444839.608914866,2026-05-06 23:02:04,I,02,폐업,24.42,,,,,,,,,2025-02-04 16:31:33,2023-08-21,24.42,138-842,서울특별시 송파구 석촌동 53,N,,3230000-101-2023-00623,,3230000,"서울특별시 송파구 석촌호수로18길 8-19, 1층 (석촌동)",05611,03,폐업,기타,,,,
기타,,토크쇼,호프/통닭,2018-01-10,187068.444065071,446932.303126211,2026-05-06 22:37:49,I,02,폐업,25.87,,,,0,기타,,,,2018-01-10 11:43:03,1996-03-14,25.87,158-859,서울특별시 양천구 신정동 947-5 1층(은행정6길 4),N,0,3140000-101-1996-04729,,3140000,"서울특별시 양천구 오목로32길 4 (신정동,1층(은행정6길 4))",08019,03,폐업,호프/통닭,02-2694-1628,,,상수도전용
,,테마,호프/통닭,2010-05-31,187871.439053585,447044.616939136,2026-05-06 22:45:42,I,02,폐업,24.2,,,,,,,,,2009-08-03 10:34:38,2009-08-03,24.20,158-860,서울특별시 양천구 신정동 992-4 1층(양목1길 49),N,,3140000-101-2009-08149,,3140000,,,03,폐업,호프/통닭,,,,
,,석바대식당,한식,2006-04-17,210220.248083252,443801.403399783,2026-05-06 22:57:04,I,02,폐업,82.5,,,,0,,,,,2005-03-15 00:00:00,2005-03-15,82.50,138-751,서울특별시 송파구 가락동 95-1 금호아파트상가 206호,N,0,3230000-101-2005-00095,,3230000,,,03,폐업,한식,02-400-3944,,,
,,불타는 형제들,기타,2020-12-08,209156.625332889,445034.737010414,2026-05-06 23:01:16,I,02,폐업,32.43,,,,,,,,,2020-12-08 16:21:17,2016-09-02,32.43,138-844,서울특별시 송파구 석촌동 181-1,N,,3230000-101-2016-00443,,3230000,"서울특별시 송파구 송파대로47길 1, 1층 (석촌동)",05609,03,폐업,기타,,,,
아파트지역,,찡구짱구,분식,1997-07-16,,,2026-05-06 22:35:41,I,02,폐업,29.39,,,,2,지도,,,,2001-09-28 00:00:00,1986-12-12,29.39,158-050,서울특별시 양천구 목동 산 902-0 상가동    2동  2 3호,N,1,3140000-101-1986-04018,,3140000,,,03,폐업,분식,02-0647-2731,,,상수도전용
,,통통분식,분식,2011-08-31,185539.89307867,447331.331275427,2026-05-06 22:46:49,I,02,폐업,13.2,,,,,,,,,2011-01-25 15:29:52,2011-01-25,13.20,158-831,서울특별시 양천구 신월동 232-20 1층,N,,3140000-101-2011-00024,,3140000,,,03,폐업,분식,,,,
,,MONSTERS CAFE(몬스터즈 카페),라이브카페,2020-09-04,209074.900840074,445657.80932984,2026-05-06 23:01:17,I,02,폐업,23,,,,,,,,,2020-09-04 14:29:02,2016-12-06,23.00,138-934,서울특별시 송파구 신천동 29,N,,3230000-101-2016-00665,,3230000,"서울특별시 송파구 올림픽로 300, 2층 (신천동, 롯데월드몰)",05551,03,폐업,라이브카페,,,,
,,청정굴국밥,한식,2016-03-03,210695.78584355,448257.793497277,2026-05-06 22:57:14,I,02,폐업,66,,,,0,,,,,2007-10-30 16:59:51,2006-05-24,66.00,138-873,서울특별시 송파구 풍납동 478-4,N,0,3230000-101-2006-00260,,3230000,서울특별시 송파구 바람드리26길 6-1 (풍납동),05519,03,폐업,한식,02-483-4006,,,
주택가주변,,마실호프,호프/통닭,2005-12-15,185733.378225862,447316.016709596,2026-05-06 22:37:32,I,02,폐업,22.12,,,,1,기타,,,,2002-01-12 00:00:00,1995-03-09,22.12,158-831,서울특별시 양천구 신월동 236-12,N,0,3140000-101-1995-04435,,3140000,,,03,폐업,호프/통닭,02-604-9774,,,상수도전용
주택가주변,,일미식당,한식,1999-01-26,210413.194501406,445439.810176902,2026-05-06 22:54:26,I,02,폐업,25.2,,,,0,기타,,,,2003-07-03 00:00:00,1995-01-24,25.20,138-830,서울특별시 송파구 방이동 136-13,N,1,3230000-101-1995-11611,,3230000,,,03,폐업,한식,02-2202-1183,,,상수도전용
,,사운드프레소 잠실점,기타,2018-11-22,207068.6505,445275.47,2026-05-06 23:01:11,I,02,폐업,84,,,,,,,,,2018-11-22 13:36:22,2016-01-04,84.00,138-862,서울특별시 송파구 잠실동 193-3 101호,N,,3230000-101-2016-00002,,3230000,"서울특별시 송파구 백제고분로7길 16-20, 101호 (잠실동)",05561,03,폐업,기타,02-415-4154,,,
기타,,오가네,분식,2002-03-04,210300.83,445631.51,2026-05-06 22:56:43,I,02,폐업,16.5,,,,,기타,,,,2003-07-24 00:00:00,2001-10-12,16.50,138-832,서울특별시 송파구 방이동 155-6,N,,3230000-101-2001-16871,,3230000,,,03,폐업,분식,,,,
주택가주변,,사랑과야망,분식,1993-12-13,209756.217053563,445369.698486484,2026-05-06 22:50:10,I,02,폐업,103.76,,,,2,기타,,,,2002-09-04 00:00:00,1993-05-10,103.76,138-849,서울특별시 송파구 송파동 48-16,N,1,3230000-101-1993-05189,,3230000,,,03,폐업,분식,02-421-6036,,,상수도전용
,,스코온,기타,2023-12-27,207425.851517711,445334.462392187,2026-05-06 23:01:43,I,02,폐업,150,,,,,,,,,2023-12-27 14:58:04,2020-11-17,150.00,138-861,서울특별시 송파구 잠실동 185-3,Y,,3230000-101-2020-00772,,3230000,"서울특별시 송파구 백제고분로9길 51, 2층 (잠실동)",05559,03,폐업,기타,,,,
,,즐거운 술집,기타,2020-10-19,207342.950468252,444769.685311816,2026-05-06 22:57:42,I,02,폐업,49.5,,,,,,,,,2020-10-19 15:01:48,2012-04-19,49.50,138-866,서울특별시 송파구 잠실동 314-1 지상1층,N,,3230000-101-2012-00158,,3230000,"서울특별시 송파구 백제고분로 156, 지상1층 (잠실동)",05576,03,폐업,기타,,,,
주택가주변,,용가리치킨,한식,2001-09-10,207828.298955377,445041.62682009,2026-05-06 22:52:44,I,02,폐업,32.2,,,,0,우수,,,,2004-09-01 00:00:00,1995-10-23,32.20,138-864,서울특별시 송파구 잠실동 242-6,N,0,3230000-101-1995-00077,,3230000,,,03,폐업,한식,02-423-6767,,,상수도전용
,,처갓집뽀뜨랑,통닭(치킨),2016-12-30,187405.22212899,446675.383201251,2026-05-06 22:46:04,I,02,폐업,40,,,,,,,,,2016-03-24 13:17:57,2010-07-23,40.00,158-860,서울특별시 양천구 신정동 981-1 1층,N,,3140000-101-2010-00210,,3140000,"서울특별시 양천구 신월로35길 6 (신정동, 1층)",08027,03,폐업,통닭(치킨),02-2642-9230,,,
,,벚꽃스시,일식,2025-07-18,189021.797866206,446740.576354849,2026-05-06 22:49:38,I,02,폐업,67.3,,,,,,,,,2025-07-18 15:25:33,2017-11-02,67.30,158-820,서울특별시 양천구 목동 933 목동삼익아파트,N,,3140000-101-2017-00264,,3140000,"서울특별시 양천구 목동동로12길 45, 상가동 1층 8호 (목동, 목동삼익아파트)",08007,03,폐업,일식,,,,
,,디라이프스타일키친(잠실점),기타,,209074.900840074,445657.80932984,2026-05-06 23:01:49,I,01,영업,397.69,,,,,,,,,2021-08-03 13:47:07,2021-08-03,397.69,138-934,서울특별시 송파구 신천동 29 롯데월드타워앤드롯데월드몰,N,,3230000-101-2021-00578,,3230000,"서울특별시 송파구 올림픽로 300, 롯데월드타워앤드롯데월드몰 5층 (신천동)",05551,01,영업/정상,기타,02-3213-4533,,,
,,CAFE 지구별,기타,2020-02-25,213439.128111234,443744.947598967,2026-05-06 23:01:17,I,02,폐업,17.31,,,,,,,,,2020-02-25 09:10:07,2017-02-02,17.31,138-820,서울특별시 송파구 마천동 184-5,N,,3230000-101-2017-00073,,3230000,"서울특별시 송파구 성내천로42길 15, B03호 (마천동)",05758,03,폐업,기타,,,,
기타,,얼큰이칼국수,한식,2010-02-12,187916.382098073,446766.691734796,2026-05-06 22:41:55,I,02,폐업,89.1,,,,0,기타,,,,2009-05-21 16:52:04,2001-03-26,89.10,158-860,서울특별시 양천구 신정동 1008-16 (양목2길 4),N,0,3140000-101-2001-08357,,3140000,,,03,폐업,한식,02-2603-9223,,,상수도전용
주택가주변,,왕노가리호프,호프/통닭,2013-03-28,184631.002540554,448544.484915314,2026-05-06 22:39:07,I,02,폐업,27.55,,,,1,기타,,,,2012-06-25 17:33:01,1999-06-10,27.55,158-824,서울특별시 양천구 신월동 53-2,N,1,3140000-101-1999-06942,,3140000,서울특별시 양천구 화곡로4길 2 (신월동),07904,03,폐업,호프/통닭,02-2603-5964,,,상수도전용
,,바사삭,한식,2011-11-01,209768.236703553,444395.792303569,2026-05-06 22:57:26,I,02,폐업,27.28,,,,,,,,,2011-03-15 15:04:54,2009-05-22,27.28,138-854,서울특별시 송파구 송파동 97-12 1층,N,,3230000-101-2009-00227,,3230000,,,03,폐업,한식,,,,
,,돈이좋은세상,한식,2006-12-26,185210.869351578,448531.198453309,2026-05-06 22:44:26,I,02,폐업,52.63,,,,0,,,,,2004-09-01 00:00:00,2004-09-01,52.63,158-824,서울특별시 양천구 신월동 63-5,N,0,3140000-101-2004-00342,,3140000,,,03,폐업,한식,26973665,,,상수도전용
,,고구려설농탕,한식,2013-04-03,185962.809546697,446176.170952681,2026-05-06 22:47:15,I,02,폐업,204.01,,,,,,,,,2013-03-14 17:26:17,2013-03-14,204.01,158-841,"서울특별시 양천구 신월동 550-3 승일뷰티타워2차 109,114,115,116호",N,,3140000-101-2013-00062,,3140000,"서울특별시 양천구 신월로 164, 1층 109,114,115,116호 (신월동, 승일뷰티타워2차 )",08064,03,폐업,한식,,,,
주택가주변,,삼전동순대국집,한식,1996-01-18,208407.797652165,444361.289936109,2026-05-06 22:54:24,I,02,폐업,27.72,,,,1,을,,,,2003-07-03 00:00:00,1995-02-09,27.72,138-841,서울특별시 송파구 삼전동 178-14,N,1,3230000-101-1995-11584,,3230000,,,03,폐업,한식,02-425-2087,,,상수도전용
,,(유)우정돌산,일식,2022-02-10,209790.959909032,443481.212174317,2026-05-06 23:01:52,I,02,폐업,19.5,,,,,,,,,2022-02-10 15:04:25,2022-01-24,19.50,138-881,서울특별시 송파구 가락동 600 가락동 농수산물도매시장,N,,3230000-101-2022-00045,,3230000,"서울특별시 송파구 양재대로 932, 가락동 농수산물도매시장 가락몰 판매동 1층 157-1,158-1,161-1호 (가락동)",05699,03,폐업,일식,,,,
,,빈's 치킨,호프/통닭,2023-05-25,188394.976615451,447929.348133359,2026-05-06 22:49:59,I,02,폐업,40.94,,,,,,,,,2023-05-25 10:40:12,2019-04-03,40.94,158-818,서울특별시 양천구 목동 773-3 목동글로리파크,N,,3140000-101-2019-00082,,3140000,"서울특별시 양천구 목동중앙로 43, 제1층 107호 (목동, 목동글로리파크)",07964,03,폐업,호프/통닭,,,,
,,홍수계찜닭 잠실타워730점,한식,,208688.155079917,445954.176613992,2026-05-06 23:01:19,I,01,영업,155,,,,,,,,,2022-06-14 16:25:11,2017-04-10,155.00,138-934,서울특별시 송파구 신천동 7-30,N,,3230000-101-2017-00263,,3230000,"서울특별시 송파구 송파대로 570, 지하1층 (신천동)",05510,01,영업/정상,한식,02-412-2525,,,
주택가주변,,삼학식당,한식,1998-05-08,211781.857400917,444856.033186187,2026-05-06 22:55:33,I,02,폐업,23.48,,,,,자율,,,,2004-09-30 00:00:00,1997-07-26,23.48,138-858,서울특별시 송파구 오금동 85-15,N,,3230000-101-1997-10888,,3230000,,,03,폐업,한식,02-408-5160,,,상수도전용
,,타누키돈부리,호프/통닭,2011-05-18,207151.508481297,445402.15877163,2026-05-06 22:57:22,I,02,폐업,21.6,,,,,,,,,2011-03-03 16:40:37,2008-01-31,21.60,138-861,서울특별시 송파구 잠실동 180-8 지상1층,N,,3230000-101-2008-00040,,3230000,,,03,폐업,호프/통닭,02-420-6500,,,
,,이레쌈밥,한식,,211097.983435587,445493.566067422,2026-05-06 22:57:02,I,01,영업,95.7,,,,0,,,,,2021-06-10 15:10:17,2004-08-04,95.70,138-834,서울특별시 송파구 방이동 186-18 지상1층,N,0,3230000-101-2004-00480,,3230000,"서울특별시 송파구 위례성대로18길 5, 지상1층 (방이동)",05638,01,영업/정상,한식,02-414-9992,,,
주택가주변,,씨엘,경양식,2001-07-18,187456.022118034,446600.005086593,2026-05-06 22:37:29,I,02,폐업,115.4,,,,1,기타,,,,2001-07-18 00:00:00,1995-04-11,115.40,158-861,서울특별시 양천구 신정동 1026-2,N,1,3140000-101-1995-02699,,3140000,,,03,폐업,경양식,,,,상수도전용
,,맥주팡팡,호프/통닭,2015-09-14,187676.924801216,447189.15395719,2026-05-06 22:47:10,I,02,폐업,201.08,,,,,,,,,2012-06-20 17:03:50,2012-06-20,201.08,158-856,"서울특별시 양천구 신정동 886-6 로데오프라자 204,205호",N,,3140000-101-2012-00153,,3140000,"서울특별시 양천구 신정중앙로 85 (신정동, 로데오프라자 204,205호)",07938,03,폐업,호프/통닭,02-2065-9555,,,
기타,,고인돌,한식,,209757.879105879,444410.804360399,2026-05-06 22:47:05,I,01,영업,50,,,,3,지도,,,,2017-09-20 10:03:11,1986-05-30,50.00,138-854,서울특별시 송파구 송파동 97-11,N,1,3230000-101-1986-12965,,3230000,"서울특별시 송파구 가락로18길 4-1, 1층 101호 (송파동)",05676,01,영업/정상,한식,02-414-3339,,,상수도전용
주택가주변,,막내호프,한식,2004-09-16,,,2026-05-06 22:55:01,I,02,폐업,52,,,,0,기타,,,,2005-02-02 00:00:00,1996-10-26,52.00,138-815,서울특별시 송파구 거여동 220-2,N,0,3230000-101-1996-11099,,3230000,,,03,폐업,한식,02-407-2549,,,상수도전용
,,철길부산집 등촌점,일식,,188172.017847017,449614.068537704,2026-05-06 22:51:37,I,01,영업,37.8,,,,,,,,,2024-04-03 10:59:53,2024-04-03,37.80,158-811,서울특별시 양천구 목동 609-22 정목빌딩,N,,3140000-101-2024-00099,,3140000,"서울특별시 양천구 목동중앙북로7가길 10, 1층 103호 (목동, 정목빌딩)",07946,01,영업/정상,일식,,,,
,,가오,한식,2012-07-24,207099.557340127,445332.816317269,2026-05-06 22:57:00,I,02,폐업,254.1,,,,0,,,,,2009-12-11 10:32:26,2004-04-24,254.10,138-862,서울특별시 송파구 잠실동 192-10 혜성빌딩 5층,N,0,3230000-101-2004-00252,,3230000,,,03,폐업,한식,,,,
,,연회장 송파점,한식,2022-02-15,208106.510001185,444988.080002931,2026-05-06 23:01:49,I,02,폐업,15,,,,,,,,,2022-02-15 09:02:12,2021-08-30,15.00,138-837,서울특별시 송파구 삼전동 22-2 잠실레이크타워,N,,3230000-101-2021-00634,,3230000,"서울특별시 송파구 석촌호수로 140, 잠실레이크타워 지하1층 B02-108호 (삼전동)",05600,03,폐업,한식,,,,
주택가주변,,제일식당,한식,1992-02-14,187847.483233019,449449.024654523,2026-05-06 22:35:59,I,02,폐업,17.23,,,,0,기타,,,,2001-09-28 00:00:00,1990-05-28,17.23,158-811,서울특별시 양천구 목동 621-16,N,0,3140000-101-1990-00707,,3140000,,,03,폐업,한식,02-0642-3199,,,지하수전용
,,신선설농탕,한식,,188039.543424546,446149.197185122,2026-05-06 22:44:47,I,01,영업,144.05,,,,0,,,,,2023-04-06 13:04:41,2006-06-27,144.05,158-885,서울특별시 양천구 신정동 321-6 센트럴프라자 1층 107~108호,N,0,3140000-101-2006-00207,,3140000,"서울특별시 양천구 목동서로 349, 센트럴프라자 1층 107~108호 (신정동)",08095,01,영업/정상,한식,02-2650-8868,,,상수도전용
주택가주변,,마그리뜨,한식,2000-05-16,211013.6,443175.55,2026-05-06 22:56:26,I,02,폐업,62.51,,,,0,자율,,,,2003-07-22 00:00:00,2000-04-01,62.51,138-824,서울특별시 송파구 문정동 4-11,N,0,3230000-101-2000-14966,,3230000,,,03,폐업,한식,02-706-6532,,,상수도전용
,,한양각,중국식,2007-12-28,188112.535073523,448692.51478741,2026-05-06 22:43:49,I,02,폐업,59.4,,,,0,,,,,2005-09-26 00:00:00,2003-01-20,59.40,158-813,서울특별시 양천구 목동 717-4,N,0,3140000-101-2003-00027,,3140000,,,03,폐업,중국식,02-2653-3456,,,상수도전용
,,유어스베이크샵(YOURS BAKE SHOP),기타,2022-07-29,189473.530827695,448365.502006523,2026-05-06 22:50:57,I,02,폐업,40.92,,,,,,,,,2022-07-29 09:39:55,2022-06-29,40.92,158-878,서울특별시 양천구 목동 908-29 하이베라스,N,,3140000-101-2022-00185,,3140000,"서울특별시 양천구 목동서로 37, 하이베라스 1층 112호 (목동)",07984,03,폐업,기타,,,,
주택가주변,,수정호프,분식,2000-01-25,186114.682431276,446282.33851863,2026-05-06 22:38:58,I,02,폐업,24.7,,,,0,기타,,,,2000-01-25 00:00:00,1998-10-30,24.70,158-842,서울특별시 양천구 신월동 575-22,N,0,3140000-101-1998-05576,,3140000,,,03,폐업,분식,02-693-5785,,,상수도전용
,,가락 파핑스치킨,호프/통닭,2021-05-10,210580.683290918,443657.71204579,2026-05-06 23:01:27,I,02,폐업,105,,,,,,,,,2021-05-10 13:22:23,2018-05-16,105.00,138-803,서울특별시 송파구 가락동 80 송파성원쌍떼빌,N,,3230000-101-2018-00337,,3230000,"서울특별시 송파구 송파대로28길 27, 102동 119호, 120호 (가락동, 송파성원쌍떼빌)",05718,03,폐업,호프/통닭,,,,
,,시차,기타,,210165.919540254,445069.209058622,2026-05-06 23:01:53,I,01,영업,62,,,,,,,,,2022-03-04 15:49:06,2022-03-04,62.00,138-852,서울특별시 송파구 송파동 142-16,N,,3230000-101-2022-00120,,3230000,"서울특별시 송파구 가락로31길 8, 1층 101호 (송파동)",05663,01,영업/정상,기타,,,,
주택가주변,,마니커랜드,분식,1994-12-01,188932.807470764,446429.265045149,2026-05-06 22:35:55,I,02,폐업,21.4,,,,1,지도,,,,2001-09-28 00:00:00,1989-06-07,21.40,158-849,서울특별시 양천구 신정동 120-24,N,1,3140000-101-1989-03618,,3140000,,,03,폐업,분식,02-0645-6578,,,상수도전용
,,성일복집,한식,2008-09-05,210905.882424749,443585.732530042,2026-05-06 22:57:19,I,02,폐업,165.24,,,,0,,,,,2007-09-06 11:04:30,2007-05-21,165.24,138-807,서울특별시 송파구 가락동 123-11,N,0,3230000-101-2007-00184,,3230000,,,03,폐업,한식,,,,
,,호낙가,한식,,209560.282762668,445243.098268065,2026-05-06 23:01:56,I,01,영업,166.73,,,,,,,,,2025-05-29 16:31:52,2022-07-06,166.73,138-849,서울특별시 송파구 송파동 40-11,N,,3230000-101-2022-00440,,3230000,"서울특별시 송파구 백제고분로45길 17-14, 1,2층 (송파동)",05622,01,영업/정상,한식,,,,
주택가주변,,고개마루,분식,2001-07-04,212816.290396809,443699.438791771,2026-05-06 22:55:42,I,02,폐업,17.49,,,,,우수,,,,2003-07-18 00:00:00,1998-06-25,17.49,138-814,서울특별시 송파구 거여동 43-3,N,,3230000-101-1998-04005,,3230000,,,03,폐업,분식,02-431-3638,,,상수도전용
주택가주변,,우리두리,한식,2003-04-15,210841.092726485,444210.271676758,2026-05-06 22:54:57,I,02,폐업,119.75,,,,0,기타,,,,2005-02-11 00:00:00,1996-07-29,119.75,138-801,서울특별시 송파구 가락동 30-5,N,0,3230000-101-1996-08454,,3230000,,,03,폐업,한식,02-3401-5050,,,상수도전용
,,펑키포차,정종/대포집/소주방,2008-06-23,187269.205589613,446651.96243158,2026-05-06 22:45:03,I,02,폐업,29.7,,,,0,,,,,2007-06-01 00:00:00,2007-06-01,29.70,158-860,서울특별시 양천구 신정동 978-1,N,0,3140000-101-2007-00187,,3140000,,,03,폐업,정종/대포집/소주방,,,,상수도전용
,,거품,호프/통닭,2003-02-12,187971.937903785,447832.90300302,2026-05-06 22:42:58,I,02,폐업,92.4,,,,0,,,,,2001-11-12 00:00:00,2001-11-12,92.40,158-819,서울특별시 양천구 목동 791-11 2층,N,0,3140000-101-2001-08985,,3140000,,,03,폐업,호프/통닭,02-651-0214,,,상수도전용
,,프레드피자 잠실점,기타,,209463.319566794,444266.605880541,2026-05-06 23:01:45,I,01,영업,34.7,,,,,,,,,2025-02-25 12:53:25,2021-03-09,34.70,138-846,서울특별시 송파구 석촌동 275-5,N,,3230000-101-2021-00191,,3230000,"서울특별시 송파구 송파대로37길 40, 1층 102호 (석촌동)",05696,01,영업/정상,기타,,,,
,,강남 쌀국수 방이점,"외국음식전문점(인도,태국등)",,210424.092221649,445305.212183549,2026-05-06 23:02:14,I,01,영업,15,,,,,,,,,2024-12-24 13:12:33,2024-12-24,15.00,138-831,서울특별시 송파구 방이동 135-25 온담빌딩,N,,3230000-101-2024-01034,,3230000,"서울특별시 송파구 가락로36길 5, 1층 2호 (방이동)",05634,01,영업/정상,"외국음식전문점(인도,태국등)",,,,
주택가주변,,토마토,까페,2007-11-12,188056.097472152,447817.444189076,2026-05-06 22:39:03,I,02,폐업,26.57,,,,0,기타,,,,2005-06-23 00:00:00,1999-04-16,26.57,158-819,서울특별시 양천구 목동 796-1,N,1,3140000-101-1999-06706,,3140000,,,03,폐업,까페,02-2646-9077,,,상수도전용
,,금강산,한식,2011-10-04,188767.189855986,449281.799891808,2026-05-06 22:46:48,I,02,폐업,14.05,,,,,,,,,2011-01-18 14:41:25,2011-01-18,14.05,158-809,서울특별시 양천구 목동 527-9 (1층),N,,3140000-101-2011-00016,,3140000,,,03,폐업,한식,,,,
,,Cafe blossomy(카페 블라써미),까페,2016-08-08,207624.424720682,445533.439634339,2026-05-06 23:00:40,I,02,폐업,27.01,,,,,,,,,2014-04-14 16:08:50,2014-04-14,27.01,138-911,서울특별시 송파구 잠실동 22-6 리센츠상가 지하1층 C2호,N,,3230000-101-2014-00183,,3230000,"서울특별시 송파구 올림픽로 145, 지하1층 C2호 (잠실동, 리센츠상가)",05502,03,폐업,까페,,,,
주택가주변,,묵은지생삼겹살,한식,2010-10-26,210645.199029253,445532.817755171,2026-05-06 22:54:08,I,02,폐업,39.33,,,,1,기타,,,,2007-03-16 00:00:00,1995-06-05,39.33,138-833,서울특별시 송파구 방이동 162-7,N,1,3230000-101-1995-11471,,3230000,,,03,폐업,한식,02-415-4005,,,상수도전용
,,김현경갤러리까페,한식,2010-03-05,209400.132823567,445079.521978274,2026-05-06 22:57:26,I,02,폐업,90.3,,,,,,,,,2009-04-16 10:34:22,2009-03-18,90.30,138-848,서울특별시 송파구 송파동 13-18 지하1층,N,,3230000-101-2009-00098,,3230000,,,03,폐업,한식,,,,
,,편장군족발(목동점),한식,,188884.075622342,447186.888604306,2026-05-06 22:49:24,I,01,영업,9.92,,,,,,,,,2025-10-28 17:39:37,2016-12-21,9.92,158-050,서울특별시 양천구 목동 916 현대백화점목동점 지하2층,N,,3140000-101-2016-00321,,3140000,"서울특별시 양천구 목동동로 257, 지하2층 (목동, 현대백화점목동점)",07998,01,영업/정상,한식,,,,상수도전용
,,쿡,한식,2026-01-30,212609.377447603,441586.029967716,2026-05-06 23:01:49,I,02,폐업,34,,,,,,,,,2026-01-30 16:43:48,2021-09-10,34.00,138-926,서울특별시 송파구 장지동 895 송파와이즈더샵,N,,3230000-101-2021-00670,,3230000,"서울특별시 송파구 위례광장로 270, 와이동 1층 134호 (장지동, 송파와이즈더샵)",05852,03,폐업,한식,,,,
주택가주변,,경원 감자탕,분식,2022-04-26,210543.844253628,445621.287912823,2026-05-06 22:56:36,I,02,폐업,82.5,,,,,자율,,,,2022-04-26 11:25:40,2001-02-27,82.50,138-833,서울특별시 송파구 방이동 167-1,N,,3230000-101-2001-16118,,3230000,서울특별시 송파구 가락로 280 (방이동),05636,03,폐업,분식,02-423-5060,,,
주택가주변,,맛나네칼국수,분식,2002-02-20,210652.855698409,448223.789923318,2026-05-06 22:56:33,I,02,폐업,20.64,,,,0,자율,,,,2005-02-18 00:00:00,2000-11-11,20.64,138-873,서울특별시 송파구 풍납동 484-21,N,0,3230000-101-2000-15851,,3230000,,,03,폐업,분식,02-415-1979,,,
,,코바나,까페,2007-05-25,207425.851517711,445334.462392187,2026-05-06 22:57:00,I,02,폐업,82.88,,,,0,,,,,2004-06-08 00:00:00,2004-06-08,82.88,138-861,서울특별시 송파구 잠실동 185-3 지하1층,N,0,3230000-101-2004-00366,,3230000,,,03,폐업,까페,02-417-3960,,,상수도전용
,,써니네 주방 깐깐한 족발,한식,2015-04-03,208180.274457128,444720.120286369,2026-05-06 23:00:38,I,02,폐업,33,,,,,,,,,2014-03-18 11:14:43,2014-03-18,33.00,138-840,서울특별시 송파구 삼전동 105-12,N,,3230000-101-2014-00113,,3230000,"서울특별시 송파구 백제고분로27길 18, 지상1층 101호 (삼전동)",05604,03,폐업,한식,,,,
주택가주변,,신한국관,한식,2005-04-12,,,2026-05-06 22:46:56,I,02,폐업,89.1,,,,0,기타,,,,2005-01-14 00:00:00,1994-05-21,89.10,138-871,서울특별시 송파구 장지동 261-7,N,0,3230000-101-1984-13274,,3230000,,,03,폐업,한식,02-402-9087,,,상수도전용
,,요기포차,한식,2020-12-07,207643.955542164,444911.230797912,2026-05-06 22:57:39,I,02,폐업,33,,,,,,,,,2020-12-07 11:25:32,2011-10-11,33.00,138-864,서울특별시 송파구 잠실동 246-10 지상1층,N,,3230000-101-2011-00479,,3230000,"서울특별시 송파구 백제고분로19길 18, 지상1층 (잠실동)",05567,03,폐업,한식,,,,
기타,,태릉숯불갈비,한식,2006-03-16,207271.880525666,444794.99177618,2026-05-06 22:48:04,I,02,폐업,128.74,,,,0,기타,,,,2004-04-09 00:00:00,1993-10-28,128.74,138-866,서울특별시 송파구 잠실동 313-2,N,0,3230000-101-1989-13920,,3230000,,,03,폐업,한식,02-419-6253,,,상수도전용
,,은희네칼국수,한식,2016-01-05,185912.800746791,446267.63918832,2026-05-06 22:47:47,I,02,폐업,136.08,,,,,,,,,2013-11-12 14:33:33,2013-11-12,136.08,158-840,서울특별시 양천구 신월동 543-15 2층,N,,3140000-101-2013-00308,,3140000,"서울특별시 양천구 신월로13길 5, 2층 (신월동)",08031,03,폐업,한식,02-2604-2356,,,
주택가주변,,토말어촌계,한식,2005-03-28,208231.074784774,444964.474082936,2026-05-06 22:51:11,I,02,폐업,30.69,,,,1,기타,,,,2004-04-19 00:00:00,1994-05-24,30.69,138-837,서울특별시 송파구 삼전동 22-9,N,0,3230000-101-1994-06754,,3230000,,,03,폐업,한식,02-416-6615,,,상수도전용
주택가주변,,사계절식당,한식,1999-07-21,208004.523781404,444962.985048093,2026-05-06 22:54:17,I,02,폐업,57.42,,,,1,을,,,,2004-08-25 00:00:00,1995-05-02,57.42,138-837,서울특별시 송파구 삼전동 2-7,N,1,3230000-101-1995-11519,,3230000,,,03,폐업,한식,02-423-5837,,,상수도전용
,,공차 송파역점,기타,,209412.197809542,443928.783342251,2026-05-06 23:02:20,I,01,영업,44.28,,,,,,,,,2025-11-21 17:10:14,2025-11-21,44.28,138-160,서울특별시 송파구 가락동 913 헬리오시티,N,,3230000-101-2025-00727,,3230000,"서울특별시 송파구 송파대로 345, 근린생활시설1A동 1층 1038,1039호 (가락동, 헬리오시티)",05698,01,영업/정상,기타,,,,
주택가주변,,빙고,중국식,,212198.440790028,444472.622688354,2026-05-06 22:49:53,I,01,영업,38.11,,,,0,기타,,,,2018-10-19 10:59:14,1992-11-27,38.11,138-859,서울특별시 송파구 오금동 129-20 지상1층,N,0,3230000-101-1992-10146,,3230000,"서울특별시 송파구 마천로26길 8, 지상1층 (오금동)",05739,01,영업/정상,중국식,,,,상수도전용
주택가주변,,즉석식당,분식,1994-08-24,208926.964436177,444147.031434811,2026-05-06 22:49:32,I,02,폐업,23.05,,,,0,기타,,,,2002-09-04 00:00:00,1992-09-09,23.05,138-845,서울특별시 송파구 석촌동 239-8,N,0,3230000-101-1992-05530,,3230000,,,03,폐업,분식,02-0424-7061,,,상수도전용
,,웰빙족발,한식,2024-03-25,210197.835321439,445422.695298956,2026-05-06 23:02:06,I,02,폐업,53,,,,,,,,,2024-03-25 17:26:04,2023-11-15,53.00,138-832,서울특별시 송파구 방이동 142-4 성우빌딩,N,,3230000-101-2023-00893,,3230000,"서울특별시 송파구 백제고분로48길 27, 성우빌딩 1층 102호 (방이동)",05633,03,폐업,한식,,,,
,,청년피자,기타,2024-01-25,212563.050500552,441406.981434166,2026-05-06 23:01:42,I,02,폐업,33.69,,,,,,,,,2024-01-25 17:15:49,2020-08-20,33.69,138-926,서울특별시 송파구 장지동 896 위례중앙푸르지오2단지,N,,3230000-101-2020-00540,,3230000,"서울특별시 송파구 위례광장로 290, 상가동 1층 144호 (장지동, 위례중앙푸르지오2단지)",05852,03,폐업,기타,,,,
,,예진이네,한식,,188372.49298501,448568.192798403,2026-05-06 22:47:58,I,01,영업,53.55,,,,,,,,,2014-03-28 11:24:47,2014-03-28,53.55,158-815,서울특별시 양천구 목동 747-1 2층 203호,N,,3140000-101-2014-00073,,3140000,"서울특별시 양천구 목동중앙본로 35, 2층 203호 (목동)",07960,01,영업/정상,한식,,,,
,,피자몰 목동점,뷔페식,2021-07-29,188953.066831076,447333.569187997,2026-05-06 22:48:01,I,02,폐업,399,,,,,,,,,2021-07-29 13:41:13,2014-06-24,399.00,158-050,서울특별시 양천구 목동 917-9 현대41타워지하1층B20-2일부,Y,,3140000-101-2014-00159,,3140000,"서울특별시 양천구 목동동로 293, 지하1층 (목동, 현대41타워B20-2일부)",07997,03,폐업,뷔페식,02-2651-9913,,,
,,릴리펏 올림픽공원점,한식,2025-05-16,211091.35675558,445542.676053695,2026-05-06 23:01:17,I,02,폐업,232,,,,,,,,,2025-06-02 10:48:12,2016-11-24,232.00,138-834,서울특별시 송파구 방이동 183-6,N,,3230000-101-2016-00641,,3230000,"서울특별시 송파구 위례성대로 134, 3층 (방이동)",05638,03,폐업,한식,,,,
주택가주변,,동네잔치,정종/대포집/소주방,2004-05-03,188348.977335285,449453.409208956,2026-05-06 22:40:46,I,02,폐업,24,,,,1,기타,,,,2002-01-26 00:00:00,2000-05-03,24.00,158-807,서울특별시 양천구 목동 502-11,N,1,3140000-101-2000-07764,,3140000,,,03,폐업,정종/대포집/소주방,02-653-3318,,,상수도전용
,,만나피자,분식,2003-06-25,208036.450243847,444392.330950155,2026-05-06 22:56:53,I,02,폐업,10,,,,0,,,,,2003-02-19 00:00:00,2003-02-19,10.00,138-838,서울특별시 송파구 삼전동 59-11,N,0,3230000-101-2003-00077,,3230000,,,03,폐업,분식,,,,
주택가주변,,장털보설렁탕,한식,1997-07-30,211636.564297254,444891.72270016,2026-05-06 22:50:54,I,02,폐업,4,,,,2,기타,,,,2003-06-03 00:00:00,1993-08-04,4.00,138-858,서울특별시 송파구 오금동 81-0,N,1,3230000-101-1993-14180,,3230000,,,03,폐업,한식,02-409-0520,,,상수도전용
,,청풍명월 염소고기전문점,한식,,185569.399902308,446011.525304939,2026-05-06 22:53:06,I,01,영업,155,,,,,,,,,2025-12-01 10:19:46,2025-12-01,155.00,158-848,서울특별시 양천구 신월동 1002-2,N,,3140000-101-2025-00375,,3140000,"서울특별시 양천구 신월로 122, 1층 101호 (신월동)",08047,01,영업/정상,한식,,,,
,,정연순 뼈다귀감자탕,기타,,186334.263661231,446738.379574739,2026-05-06 22:50:29,I,01,영업,70,,,,,,,,,2023-03-21 14:17:55,2020-06-08,70.00,158-838,서울특별시 양천구 신월동 507-1 대림프라자및아파트 1층 101호 일부,N,,3140000-101-2020-00151,,3140000,"서울특별시 양천구 오목로 76, 1층 101호 (신월동, 대림프라자및아파트)",08028,01,영업/정상,기타,02-2065-2299,,,
,,다사랑호프,호프/통닭,2007-01-16,184982.936292263,446836.747445165,2026-05-06 22:44:53,I,02,폐업,32.2,,,,0,,,,,2006-11-01 00:00:00,2006-11-01,32.20,158-090,서울특별시 양천구 신월동 341-1 갈훈상가7동3호 (지양길 101),N,0,3140000-101-2006-00350,,3140000,,,03,폐업,호프/통닭,02-2608-6660,,,
,,치요남 치킨 서울잠실1호점,한식,2021-06-11,207369.14433586,444604.989852773,2026-05-06 23:01:28,I,02,폐업,25,,,,,,,,,2021-06-11 13:40:31,2018-07-02,25.00,138-867,서울특별시 송파구 잠실동 321-10,N,,3230000-101-2018-00453,,3230000,"서울특별시 송파구 백제고분로18길 18, 1층 (잠실동)",05576,03,폐업,한식,,,,
,,버거킹 오목교점,기타,2025-08-26,188879.316199542,446688.929137687,2026-05-06 22:53:00,I,02,폐업,165.1,,,,,,,,,2025-08-26 10:27:44,2025-08-19,165.10,158-849,서울특별시 양천구 신정동 118-1,N,,3140000-101-2025-00247,,3140000,"서울특별시 양천구 신목로 88, 1층 (신정동)",08009,03,폐업,기타,,,,
,,요리샘의곰탕,한식,,187431.548357257,446553.64084064,2026-05-06 22:50:05,I,01,영업,53.88,,,,,,,,,2019-05-15 13:10:46,2019-05-15,53.88,158-861,서울특별시 양천구 신정동 1025-2 101호,N,,3140000-101-2019-00129,,3140000,"서울특별시 양천구 은행정로5길 11, 101호 (신정동)",08086,01,영업/정상,한식,,,,
주택가주변,,순우리 토종 찹쌀 순대국,한식,2023-11-22,210531.275698275,443880.998346486,2026-05-06 22:55:33,I,02,폐업,93.61,,,,,우수,,,,2023-11-22 17:27:12,1997-07-18,93.61,138-803,서울특별시 송파구 가락동 75-9 지상1층,N,,3230000-101-1997-10884,,3230000,"서울특별시 송파구 양재대로62길 33, 지상1층 (가락동)",05713,03,폐업,한식,02-430-3375,,,상수도전용
기타,,진분식,분식,2011-03-30,187101.197235324,446984.941980753,2026-05-06 22:37:36,I,02,폐업,16.32,,,,1,기타,,,,2010-01-04 16:18:27,1995-10-27,16.32,158-858,서울특별시 양천구 신정동 922-24 1층(오목로 206),N,0,3140000-101-1995-04612,,3140000,,,03,폐업,분식,02-2601-9503,,,상수도전용
기타,,니꼴라분식,분식,1999-01-19,187589.841177099,446981.332060511,2026-05-06 22:37:50,I,02,폐업,28,,,,1,기타,,,,2001-09-28 00:00:00,1996-04-26,28.00,158-860,서울특별시 양천구 신정동 989-1,N,0,3140000-101-1996-04761,,3140000,,,03,폐업,분식,,,,상수도전용
기타,,명동찌개마을,한식,,210640.949446089,443888.722014357,2026-05-06 22:56:47,I,01,영업,172.64,,,,,기타,,,,2019-02-01 14:42:17,2002-03-11,172.64,138-802,서울특별시 송파구 가락동 72-6 지상1층,N,,3230000-101-2002-17277,,3230000,"서울특별시 송파구 송이로 102, 지상1층 (가락동)",05713,01,영업/정상,한식,,,,
주택가주변,,볼터기찜,분식,2000-01-25,207899.153882008,444837.150261655,2026-05-06 22:54:47,I,02,폐업,24.15,,,,0,우수,,,,2005-02-02 00:00:00,1996-09-25,24.15,138-837,서울특별시 송파구 삼전동 6-0,N,0,3230000-101-1996-04706,,3230000,,,03,폐업,분식,02-412-4593,,,상수도전용
,,여기가좋겠네,한식,2020-03-25,210518.362826265,448366.675303102,2026-05-06 23:01:21,I,02,폐업,20,,,,,,,,,2020-03-25 11:54:55,2017-07-20,20.00,138-872,서울특별시 송파구 풍납동 142-6,N,,3230000-101-2017-00543,,3230000,"서울특별시 송파구 바람드리길 36-1, 1층 (풍납동)",05518,03,폐업,한식,,,,
주택가주변,,메모리,한식,2017-02-22,207409.138769417,445353.645786111,2026-05-06 22:54:24,I,02,폐업,104.49,,,,2,을,,,,2017-03-06 15:59:51,1995-03-15,104.49,138-861,서울특별시 송파구 잠실동 185-1,N,1,3230000-101-1995-11580,,3230000,서울특별시 송파구 백제고분로15길 58 (잠실동),05559,03,폐업,한식,02-423-2043,,,상수도전용
기타,,돼지집,한식,1997-08-23,207387.733704403,445412.222047539,2026-05-06 22:54:20,I,02,폐업,31.85,,,,1,기타,,,,2003-07-03 00:00:00,1995-04-06,31.85,138-861,서울특별시 송파구 잠실동 183-10,N,0,3230000-101-1995-11529,,3230000,,,03,폐업,한식,02-420-3156,,,상수도전용
,,리은푸드,기타,2023-04-13,188884.075622342,447186.888604306,2026-05-06 22:51:18,I,02,폐업,0,,,,,,,,,2023-04-04 16:21:25,2023-03-30,,158-724,서울특별시 양천구 목동 916 현대하이페리온,N,,3140000-101-2023-00093,,3140000,"서울특별시 양천구 목동동로 257, 지하2층 (목동, 현대하이페리온)",07998,03,폐업,기타,,,,
,,사브레,기타,,209428.302461951,445218.718074886,2026-05-06 23:01:36,I,01,영업,86.2,,,,,,,,,2020-08-11 17:01:00,2019-09-06,86.20,138-848,서울특별시 송파구 송파동 27-3,N,,3230000-101-2019-00664,,3230000,"서울특별시 송파구 송파대로46길 28, 1층 (송파동)",05622,01,영업/정상,기타,,,,
,,생마차 문정법조타운점,한식,,,,2026-05-06 23:02:03,I,01,영업,72.81,,,,,,,,,2024-10-21 15:59:37,2023-07-26,72.81,138-888,서울특별시 송파구 문정동 643-1 엠스테이트,N,,3230000-101-2023-00557,,3230000,"서울특별시 송파구 법원로 114, 엠스테이트 A동 104,106호 (문정동)",05854,01,영업/정상,한식,,,,
,,호호탕후루,기타,2024-10-28,210855.2404435,445255.884845181,2026-05-06 23:02:02,I,02,폐업,42.28,,,,,,,,,2024-10-28 11:03:29,2023-05-08,42.28,138-835,서울특별시 송파구 방이동 213-1 은성빌딩,N,,3230000-101-2023-00322,,3230000,"서울특별시 송파구 마천로 24, 은성빌딩 1층 101호 (방이동)",05646,03,폐업,기타,,,,
주택가주변,,돈키호테,한식,2001-11-15,207612.016132518,444748.224702998,2026-05-06 22:55:29,I,02,폐업,174.95,,,,0,기타,,,,2004-09-22 00:00:00,1997-06-26,174.95,138-864,서울특별시 송파구 잠실동 250-12,N,0,3230000-101-1997-08316,,3230000,,,03,폐업,한식,,,,상수도전용
,,커핀그루나루 마천사거리점,기타,2017-09-21,212877.140294641,444042.378453313,2026-05-06 23:01:08,I,02,폐업,160.08,,,,,,,,,2017-09-21 14:44:18,2015-06-15,160.08,138-818,서울특별시 송파구 마천동 35-1 한스어반타워 지상1층,N,,3230000-101-2015-00267,,3230000,"서울특별시 송파구 거마로 61, 지상1층 (마천동, 한스어반타워)",05734,03,폐업,기타,,,,
,,컨버터,경양식,2022-03-17,188884.075622342,447186.888604306,2026-05-06 22:50:54,I,02,폐업,0,,,,,,,,,2022-03-18 04:15:09,2022-03-02,,158-724,서울특별시 양천구 목동 916 현대하이페리온,N,,3140000-101-2022-00060,,3140000,"서울특별시 양천구 목동동로 257, 지하2층 (목동, 현대하이페리온)",07998,03,폐업,경양식,,,,
기타,,맛있는집,분식,2026-03-16,189000.48603009,445955.944424525,2026-05-06 22:42:53,I,02,폐업,19.8,,,,0,기타,,,,2026-03-16 11:24:23,2001-09-20,19.80,158-865,서울특별시 양천구 신정동 1278 삼성아파트 단지내상가 지층105호,N,0,3140000-101-2001-08857,,3140000,"서울특별시 양천구 신목로 7 (신정동,삼성아파트 단지내상가 지층105호)",08016,03,폐업,분식,02-2643-6484,,,상수도전용
기타,,바다회집,일식,2025-05-16,209790.959909032,443481.212174317,2026-05-06 22:47:08,I,02,폐업,132,,,,3,지도,,,,2025-05-20 17:51:42,1987-06-12,132.00,138-881,서울특별시 송파구 가락동 600,N,2,3230000-101-1987-07937,,3230000,"서울특별시 송파구 양재대로 932, 판매동 3층 17-1호 (가락동, 가락몰)",05699,03,폐업,일식,02-403-2741,,,상수도전용
주택가주변,,윤호프,분식,2007-05-07,186017.905175899,446733.286497942,2026-05-06 22:36:55,I,02,폐업,23.7,,,,1,기타,,,,2004-04-27 00:00:00,1993-05-07,23.70,158-833,서울특별시 양천구 신월동 444-22,N,0,3140000-101-1993-04142,,3140000,,,03,폐업,분식,02-0693-5497,,,상수도전용
,,김밥천국,분식,2019-06-17,184758.604262927,448099.308173498,2026-05-06 22:44:02,I,02,폐업,52.8,,,,0,,,,,2019-06-17 11:26:37,2003-09-04,52.80,158-829,서울특별시 양천구 신월동 166-3,N,0,3140000-101-2003-00440,,3140000,서울특별시 양천구 남부순환로40길 3 (신월동),07910,03,폐업,분식,02-2605-8211,,,상수도전용
기타,,호프만의뱃노래,분식,1993-04-29,,,2026-05-06 22:49:34,I,02,폐업,21.46,,,,1,을,,,,2002-09-04 00:00:00,1992-06-15,21.46,138-200,서울특별시 송파구 문정동 산 102-15,N,1,3230000-101-1992-05620,,3230000,,,03,폐업,분식,02-0000-0000,,,상수도전용
,,목포참홍어,한식,2019-09-23,186947.449463912,446629.806028233,2026-05-06 22:43:09,I,02,폐업,19.8,,,,0,,,,,2019-09-23 11:01:25,2002-04-09,19.80,158-860,서울특별시 양천구 신정동 973-39,N,0,3140000-101-2002-00177,,3140000,서울특별시 양천구 오목로24길 29 (신정동),08027,03,폐업,한식,02-2604-4548,,,
,,낙회수산(한접시만원),횟집,,185934.768538894,446550.530413105,2026-05-06 22:50:08,I,01,영업,35.47,,,,,,,,,2019-06-27 17:20:51,2019-06-27,35.47,158-839,서울특별시 양천구 신월동 519-8 1층,N,,3140000-101-2019-00167,,3140000,"서울특별시 양천구 오목로4길 19, 1층 (신월동)",08029,01,영업/정상,횟집,,,,
,,(주)육남매앤육담와,한식,2023-02-24,211088.117066794,442328.200332051,2026-05-06 23:01:06,I,02,폐업,331.48,,,,,,,,,2023-02-24 09:45:04,2015-03-19,331.48,138-826,서울특별시 송파구 문정동 70-9 지상1층,N,,3230000-101-2015-00113,,3230000,"서울특별시 송파구 새말로 109, 지상1층 (문정동)",05808,03,폐업,한식,,,,
기타,,김밥과스파게티,분식,2017-02-22,210354.196074182,447831.596896466,2026-05-06 22:56:31,I,02,폐업,37.97,,,,0,기타,,,,2017-03-06 11:06:07,2000-08-22,37.97,138-877,서울특별시 송파구 풍납동 163-22,N,0,3230000-101-2000-15593,,3230000,서울특별시 송파구 올림픽로51길 29 (풍납동),05532,03,폐업,분식,02-471-3111,,,
,,중화가정 방이점,중국식,2024-12-31,209692.759242946,445989.705972005,2026-05-06 23:02:00,I,02,폐업,72.2,,,,,,,,,2024-12-31 16:04:48,2023-01-03,72.20,138-827,서울특별시 송파구 방이동 39 잠실 제니알,N,,3230000-101-2023-00003,,3230000,"서울특별시 송파구 올림픽로34길 6, 잠실 제니알 1층 101호 (방이동)",05543,03,폐업,중국식,02-718-7797,,,
,,가파도참치,한식,2019-10-30,188723.665205598,446911.177956532,2026-05-06 22:46:02,I,02,폐업,92.15,,,,,,,,,2019-10-30 17:31:22,2010-06-17,92.15,158-806,서울특별시 양천구 목동 405-216 2층(신목1길 23),N,,3140000-101-2010-00180,,3140000,"서울특별시 양천구 오목로54길 2 (목동,2층(신목1길 23))",08005,03,폐업,한식,,,,
,,"알리오피자(스파게티,돈까스)",패스트푸드,2018-03-16,188112.535073523,448692.51478741,2026-05-06 22:47:21,I,02,폐업,48,,,,,,,,,2018-03-16 17:29:00,2013-06-21,48.00,158-813,서울특별시 양천구 목동 717-4 1층,N,,3140000-101-2013-00162,,3140000,"서울특별시 양천구 목동중앙남로14길 14, 1층 (목동)",07955,03,폐업,패스트푸드,,,,
기타,,금성식당,한식,2003-10-24,208357.233777334,444630.306239319,2026-05-06 22:56:28,I,02,폐업,29.7,,,,0,우수,,,,2003-07-22 00:00:00,2000-06-09,29.70,138-840,서울특별시 송파구 삼전동 117-12,N,0,3230000-101-2000-15251,,3230000,,,03,폐업,한식,02-417-1310,,,
주택가주변,,월드레스토랑,경양식,2005-10-05,,,2026-05-06 22:55:45,I,02,폐업,183.74,,,,,우수,,,,2003-07-16 00:00:00,1998-06-23,183.74,138-200,서울특별시 송파구 문정동 산 4-8,N,,3230000-101-1998-08163,,3230000,,,03,폐업,경양식,02-430-9189,,,상수도전용
주택가주변,,설악산식당,한식,2020-01-06,187946.743092468,449577.791547018,2026-05-06 22:40:58,I,02,폐업,86,,,,0,기타,,,,2020-01-06 10:48:31,2000-06-09,86.00,158-811,서울특별시 양천구 목동 615-1 2층(한두3길 10),N,0,3140000-101-2000-07835,,3140000,"서울특별시 양천구 목동중앙북로 8 (목동,2층(한두3길 10))",,03,폐업,한식,02-2649-8255,,,상수도전용
주택가주변,,국수나무 삼전점,분식,2014-10-28,207781.944701645,444631.97403441,2026-05-06 22:49:39,I,02,폐업,36.24,,,,2,기타,,,,2014-02-21 15:26:40,1992-11-16,36.24,138-837,서울특별시 송파구 삼전동 28-10 지상1층,N,0,3230000-101-1992-06047,,3230000,"서울특별시 송파구 백제고분로 200, 지상1층 (삼전동)",05581,03,폐업,분식,02-0424-4302,,,상수도전용
,,모이자,호프/통닭,,189081.187941353,446772.618295138,2026-05-06 22:44:20,I,01,영업,90.42,,,,0,,,,,2020-11-26 15:28:22,2004-06-07,90.42,158-806,"서울특별시 양천구 목동 404-70 지상1층,2층",N,0,3140000-101-2004-00207,,3140000,"서울특별시 양천구 신목로2길 60, 지상1층,2층 (목동)",08007,01,영업/정상,호프/통닭,02-2654-2866,,,상수도전용
,,카스파,정종/대포집/소주방,2009-12-21,210156.706464028,444965.143769725,2026-05-06 22:56:52,I,02,폐업,26.4,,,,0,,,,,2006-06-26 00:00:00,2002-12-02,26.40,138-852,서울특별시 송파구 송파동 143-6,N,0,3230000-101-2002-17975,,3230000,,,03,폐업,정종/대포집/소주방,02-3432-0772,,,
,,오에스티,까페,2016-06-15,188454.414943734,448208.039742948,2026-05-06 22:47:14,I,02,폐업,32.3,,,,,,,,,2013-07-15 10:45:54,2013-01-10,32.30,158-817,서울특별시 양천구 목동 762-6 2층,N,,3140000-101-2013-00008,,3140000,"서울특별시 양천구 목동중앙로 71, 2층 (목동)",07961,03,폐업,까페,,,,
,,커피타임,까페,2018-04-10,208707.089897534,446299.352775446,2026-05-06 22:57:28,I,02,폐업,57.58,,,,,,,,,2018-04-10 11:28:16,2009-09-10,57.58,138-934,서울특별시 송파구 신천동 7 장미B상가2동2층240호.250호,N,,3230000-101-2009-00455,,3230000,"서울특별시 송파구 신천로 37, 2동 2층 240,250호 (신천동, 장미B상가)",,03,폐업,까페,,,,
,,비비큐(BBQ)치킨장지점,통닭(치킨),2011-04-28,211199.509258022,441680.580139573,2026-05-06 22:57:24,I,02,폐업,62.6,,,,,,,,,2008-10-07 13:28:35,2008-10-07,62.60,138-888,서울특별시 송파구 장지동 841-4 대진프라자(2) 110호,N,,3230000-101-2008-00356,,3230000,,,03,폐업,통닭(치킨),02-443-6755,,,
주택가주변,,신월관,중국식,2000-03-30,185585.990207369,446145.094734253,2026-05-06 22:36:16,I,02,폐업,42.92,,,,1,기타,,,,2000-03-30 00:00:00,1991-06-26,42.92,158-846,서울특별시 양천구 신월동 984-1,N,0,3140000-101-1991-02192,,3140000,,,03,폐업,중국식,02-2602-4507,,,상수도전용
주택가주변,,집밥한그릇,한식,,211256.941178872,442382.717971648,2026-05-06 22:56:25,I,01,영업,63.14,,,,0,기타,,,,2022-05-24 16:46:56,2000-03-24,63.14,138-200,서울특별시 송파구 문정동 86-17,N,0,3230000-101-2000-14934,,3230000,"서울특별시 송파구 송이로36길 54-1, 1층 (문정동)",05809,01,영업/정상,한식,02-400-7730,,,상수도전용
,,육회바른연어 송파점,일식,,209941.482146856,445256.536141172,2026-05-06 23:01:55,I,01,영업,63,,,,,,,,,2022-04-28 11:04:10,2022-04-28,63.00,138-852,서울특별시 송파구 송파동 135-9,N,,3230000-101-2022-00261,,3230000,"서울특별시 송파구 오금로 170, 1층 103호 (송파동)",05662,01,영업/정상,일식,,,,
,,(주)이춘복참치 잠실,일식,,208836.192051204,445807.727388799,2026-05-06 23:01:46,I,01,영업,790.88,,,,,,,,,2026-02-09 09:35:47,2021-04-22,790.88,138-727,서울특별시 송파구 신천동 7-18 롯데캐슬골드,Y,,3230000-101-2021-00312,,3230000,"서울특별시 송파구 올림픽로 269, 2층 (신천동, 롯데캐슬골드)",05510,01,영업/정상,일식,02-420-4558,,,
주택가주변,,장원식당,한식,1995-05-20,185139.532632571,447793.740873354,2026-05-06 22:36:26,I,02,폐업,139.17,,,,2,기타,,,,2001-09-28 00:00:00,1992-08-07,139.17,158-828,서울특별시 양천구 신월동 133-1,N,1,3140000-101-1992-00993,,3140000,,,03,폐업,한식,02-603-5194,,,상수도전용
,,마이하우스연인의집,경양식,2013-05-27,212563.446985938,443552.636333976,2026-05-06 22:56:55,I,02,폐업,63.84,,,,0,,,,,2003-05-12 00:00:00,2003-05-10,63.84,138-813,서울특별시 송파구 거여동 21-3,N,0,3230000-101-2003-00284,,3230000,,,03,폐업,경양식,02-430-9258,,,
,,빈스빈,분식,2019-08-26,207677.897099004,445075.689190034,2026-05-06 22:57:39,I,02,폐업,33,,,,,,,,,2019-08-26 15:37:23,2011-10-28,33.00,138-862,서울특별시 송파구 잠실동 209-11 지상1층,N,,3230000-101-2011-00511,,3230000,"서울특별시 송파구 백제고분로19길 35 (잠실동,지상1층)",05564,03,폐업,분식,02-420-9946,,,
,,깃뽀,호프/통닭,,207116.492058356,445371.301363123,2026-05-06 23:01:47,I,01,영업,87,,,,,,,,,2023-06-08 15:34:43,2021-05-11,87.00,138-862,서울특별시 송파구 잠실동 191,N,,3230000-101-2021-00363,,3230000,"서울특별시 송파구 올림픽로10길 13, 2층 (잠실동)",05560,01,영업/정상,호프/통닭,,,,
주택가주변,,한국미스터피자가락점,한식,2001-04-03,210057.912138022,444767.367639796,2026-05-06 22:51:20,I,02,폐업,129.49,,,,2,갑,,,,2003-06-18 00:00:00,1994-03-19,129.49,138-851,서울특별시 송파구 송파동 121,N,1,3230000-101-1994-06952,,3230000,,,03,폐업,한식,02-0418-1008,,,상수도전용
아파트지역,,남강,한식,2001-01-31,210152.595873327,443206.48469995,2026-05-06 22:49:08,I,02,폐업,136.58,,,,3,을,,,,2003-06-27 00:00:00,1991-02-06,136.58,138-885,서울특별시 송파구 문정동 150-32,N,1,3230000-101-1991-07940,,3230000,,,03,폐업,한식,02-449-2256,,,상수도전용
,,참 좋은 음식,통닭(치킨),2015-04-21,209921.155071191,445219.334225703,2026-05-06 22:57:41,I,02,폐업,49.5,,,,,,,,,2014-05-23 15:52:24,2011-12-12,49.50,138-852,서울특별시 송파구 송파동 136-16,N,,3230000-101-2011-00607,,3230000,"서울특별시 송파구 오금로20길 6, 1층 106호 (송파동)",05662,03,폐업,통닭(치킨),,,,
기타,,덕송순대국,한식,2014-03-14,213422.276438846,443578.325477797,2026-05-06 22:56:49,I,02,폐업,42.9,,,,0,기타,,,,2013-02-27 10:08:44,2002-08-07,42.90,138-821,서울특별시 송파구 마천동 306-10 지상1층,N,0,3230000-101-2002-17650,,3230000,"서울특별시 송파구 마천로61다길 12-1, 지상1층 (마천동)",05759,03,폐업,한식,02-400-5710,,,
,,골든피스 팝업점,기타,2024-03-22,209074.900840074,445657.80932984,2026-05-06 23:02:07,I,02,폐업,10,,,,,,,,,2024-03-22 11:44:49,2024-02-13,10.00,138-934,서울특별시 송파구 신천동 29 롯데월드타워앤드롯데월드몰,N,,3230000-101-2024-00104,,3230000,"서울특별시 송파구 올림픽로 300, 롯데월드타워앤드롯데월드몰 지하1층 (신천동)",05551,03,폐업,기타,,,,
,,에이플러스,기타,,188921.091661361,446984.271096514,2026-05-06 22:51:42,I,01,영업,121.56,,,,,,,,,2025-07-16 16:24:13,2024-08-30,121.56,158-806,서울특별시 양천구 목동 406-297,Y,,3140000-101-2024-00277,,3140000,"서울특별시 양천구 오목로 337-6, 지층 (목동)",07999,01,영업/정상,기타,,,,
,,비에이치씨치킨,호프/통닭,2007-02-21,209313.680682709,444266.741437401,2026-05-06 22:57:13,I,02,폐업,23.1,,,,0,,,,,2006-04-28 00:00:00,2006-04-28,23.10,138-846,서울특별시 송파구 석촌동 273-3 107호,N,0,3230000-101-2006-00205,,3230000,,,03,폐업,호프/통닭,,,,
,,주식회사 잠실해우리,한식,,208730.633457015,445905.025545443,2026-05-06 23:01:27,I,01,영업,539.46,,,,,,,,,2018-11-02 17:26:26,2018-06-01,539.46,138-728,"서울특별시 송파구 신천동 7-17 한빛프라자,삼성웰리스아파트",N,,3230000-101-2018-00373,,3230000,"서울특별시 송파구 송파대로 562, 3층 (신천동, 한빛프라자,삼성웰리스아파트)",05510,01,영업/정상,한식,02-412-4997,,,
,,진명푸드시스템,출장조리,2012-06-20,211505.390130732,442694.351978323,2026-05-06 22:57:30,I,02,폐업,99,,,,,,,,,2010-02-04 11:28:13,2010-02-04,99.00,138-200,서울특별시 송파구 문정동 109 지하1층,N,,3230000-101-2010-00043,,3230000,,,03,폐업,출장조리,,,,
,,세화커피호프,호프/통닭,,185539.012180414,447580.439618436,2026-05-06 22:44:43,I,01,영업,59.4,,,,0,,,,,2022-02-23 14:28:34,2006-03-17,59.40,158-827,서울특별시 양천구 신월동 117-31,N,0,3140000-101-2006-00059,,3140000,"서울특별시 양천구 곰달래로13길 5, 지하 1층 (신월동)",07923,01,영업/정상,호프/통닭,02-2697-1513,,,상수도전용
유흥업소밀집지역,,말죽거리집,한식,2007-08-14,207150.521987094,445282.678693618,2026-05-06 22:55:55,I,02,폐업,104.14,,,,0,자율,,,,2005-01-28 00:00:00,1999-07-01,104.14,138-862,서울특별시 송파구 잠실동 191-5,N,0,3230000-101-1999-00251,,3230000,,,03,폐업,한식,02-421-8041,,,상수도전용
,,춘화막창구이,한식,,188090.500543158,449641.506957249,2026-05-06 22:51:34,I,01,영업,73.08,,,,,,,,,2024-01-05 15:47:34,2023-12-14,73.08,158-811,서울특별시 양천구 목동 610-4,N,,3140000-101-2023-00355,,3140000,"서울특별시 양천구 목동중앙북로7가길 23, 1층 (목동)",07946,01,영업/정상,한식,02-2649-9414,,,
,,카프하우스(kaf HAUS),기타,,209570.009599059,445281.26192279,2026-05-06 23:02:03,I,01,영업,162.1,,,,,,,,,2025-02-17 17:53:19,2023-08-01,162.10,138-849,서울특별시 송파구 송파동 40-12,N,,3230000-101-2023-00572,,3230000,"서울특별시 송파구 백제고분로45길 21-7, 1,2층 (송파동)",05622,01,영업/정상,기타,,,,
주택가주변,,엄마분식,한식,2000-02-29,208444.876679407,444130.875080173,2026-05-06 22:54:44,I,02,폐업,14.13,,,,0,기타,,,,2005-02-11 00:00:00,1996-11-21,14.13,138-841,서울특별시 송파구 삼전동 182-8,N,0,3230000-101-1996-04654,,3230000,,,03,폐업,한식,02-5331-5331,,,상수도전용
,,카페 디카페이너,경양식,2024-07-25,187758.0753401,445907.064446739,2026-05-06 22:50:58,I,02,폐업,19,,,,,,,,,2024-07-25 14:51:06,2022-02-28,19.00,158-070,서울특별시 양천구 신정동 323-16 대영프라자,N,,3140000-101-2022-00250,,3140000,"서울특별시 양천구 목동동로 63, 대영프라자 지하1층 B101호 (신정동)",08093,03,폐업,경양식,,,,상수도전용
기타,,은성가든,한식,2007-06-12,211776.359911923,445161.729493138,2026-05-06 22:56:47,I,02,폐업,99,,,,,기타,,,,2003-07-29 00:00:00,2002-03-21,99.00,138-858,서울특별시 송파구 오금동 95-1,N,,3230000-101-2002-17304,,3230000,,,03,폐업,한식,02-449-2515,,,
주택가주변,,쫑아네닭갈비,한식,2007-05-02,187921.763711955,447932.347635339,2026-05-06 22:39:03,I,02,폐업,17.51,,,,1,기타,,,,2002-01-23 00:00:00,1999-03-17,17.51,158-818,서울특별시 양천구 목동 788-12,N,1,3140000-101-1999-06763,,3140000,,,03,폐업,한식,02-646-9902,,,상수도전용
,,해피데이,호프/통닭,2009-11-26,188805.081079983,446595.474310894,2026-05-06 22:42:57,I,02,폐업,46,,,,0,,,,,2007-04-30 00:00:00,2001-10-24,46.00,158-849,서울특별시 양천구 신정동 117-22,N,0,3140000-101-2001-08934,,3140000,,,03,폐업,호프/통닭,02-2654-4631,,,상수도전용
,,우미관,기타,,188951.756197598,446969.388649775,2026-05-06 22:50:56,I,01,영업,64.64,,,,,,,,,2025-10-31 13:30:52,2022-05-24,64.64,158-806,서울특별시 양천구 목동 406-28 목동 슬로우스퀘어 2층 218~219호,N,,3140000-101-2022-00148,,3140000,"서울특별시 양천구 오목로 345, 목동 슬로우스퀘어 2층 218~219호 (목동)",07999,01,영업/정상,기타,,,,
기타,,시원손칼국수,한식,2010-04-19,186775.960193048,446956.239125529,2026-05-06 22:44:01,I,02,폐업,122.1,,,,0,,,,,2009-01-09 09:33:23,2003-08-16,122.10,158-871,"서울특별시 양천구 신정동 942-7 지상 1,2층",N,0,3140000-101-2003-00393,,3140000,,,03,폐업,한식,26925839,,,상수도전용
주택가주변,,마포식당,한식,2025-01-08,209739.15794295,444423.424696626,2026-05-06 22:53:14,I,02,폐업,171.72,,,,1,기타,,,,2025-01-08 09:17:32,1995-07-31,171.72,138-854,서울특별시 송파구 송파동 97-6 지상1층,N,1,3230000-101-1995-08618,,3230000,"서울특별시 송파구 가락로18길 2, 지상1층 (송파동)",05676,03,폐업,한식,02-417-5100,,,상수도전용
,,옹아리 참숯불갈비,한식,2016-04-08,207878.722487936,444755.85527941,2026-05-06 22:59:50,I,02,폐업,66,,,,,,,,,2014-04-24 16:51:29,2013-06-20,66.00,138-837,서울특별시 송파구 삼전동 8-9 지상1층 105호,N,,3230000-101-2013-00232,,3230000,"서울특별시 송파구 삼전로8길 10, 지상1층 105호 (삼전동)",05606,03,폐업,한식,02-422-7328,,,
,,리정원 오목교점,한식,,188714.983882664,447013.608485732,2026-05-06 22:52:48,I,01,영업,138,,,,,,,,,2025-06-26 16:00:57,2025-05-26,138.00,158-806,서울특별시 양천구 목동 406-36 서경빌딩,N,,3140000-101-2025-00146,,3140000,"서울특별시 양천구 오목로 321-1, 서경빌딩 1층 (목동)",08000,01,영업/정상,한식,,,,
주택가주변,,야원식당,한식,1992-02-14,187241.641102914,446575.501620137,2026-05-06 22:35:31,I,02,폐업,20.4,,,,2,지도,,,,2001-09-28 00:00:00,1983-04-20,20.40,158-861,서울특별시 양천구 신정동 1028-4,N,1,3140000-101-1983-00256,,3140000,,,03,폐업,한식,02-0692-2280,,,상수도전용
,,군자대한곱창 가락점,기타,2022-12-02,210580.683290918,443657.71204579,2026-05-06 23:01:45,I,02,폐업,77.85,,,,,,,,,2022-12-02 11:53:04,2021-02-05,77.85,138-803,서울특별시 송파구 가락동 80 송파성원쌍떼빌,N,,3230000-101-2021-00103,,3230000,"서울특별시 송파구 송파대로28길 27, 102동 124호 (가락동, 송파성원쌍떼빌)",05718,03,폐업,기타,,,,
,,Bar Murphy 야식해주는 남자,정종/대포집/소주방,,207114.966296683,445249.051568371,2026-05-06 22:57:19,I,01,영업,26.4,,,,0,,,,,2013-12-11 14:47:36,2007-05-15,26.40,138-862,서울특별시 송파구 잠실동 200-6 지상1층,N,0,3230000-101-2007-00180,,3230000,"서울특별시 송파구 올림픽로10길 24, 지상1층 (잠실동)",05562,01,영업/정상,정종/대포집/소주방,,,,
,,말랑떡볶이,분식,2015-04-07,188130.687257005,445224.946263915,2026-05-06 22:48:10,I,02,폐업,24.3,,,,,,,,,2014-08-27 17:53:18,2014-08-27,24.30,158-851,서울특별시 양천구 신정동 207-3 1층,N,,3140000-101-2014-00234,,3140000,"서울특별시 양천구 목동남로4길 41, 1층 (신정동)",08101,03,폐업,분식,02-6010-5353,,,
,,88식당,한식,2023-09-01,,,2026-05-06 23:01:50,I,02,폐업,22.61,,,,,,,,,2023-09-01 11:41:25,2022-01-13,22.61,138-888,서울특별시 송파구 문정동 641-11 한양타워,N,,3230000-101-2022-00022,,3230000,"서울특별시 송파구 법원로11길 12, 한양타워 지하1층 공유주방 1호 (문정동)",05836,03,폐업,한식,,,,
기타,,제트,호프/통닭,2009-02-23,187714.944839702,447338.155114086,2026-05-06 22:37:36,I,02,폐업,67,,,,1,기타,,,,2002-01-12 00:00:00,1995-10-05,67.00,158-856,서울특별시 양천구 신정동 894-25,N,0,3140000-101-1995-04593,,3140000,,,03,폐업,호프/통닭,02-2602-6512,,,상수도전용
기타,,엉터리숯불꼼장어,호프/통닭,2006-02-28,186164.148603771,446381.779786276,2026-05-06 22:42:50,I,02,폐업,118.8,,,,0,기타,,,,2004-05-01 00:00:00,2001-08-29,118.80,158-842,서울특별시 양천구 신월동 601-5,N,0,3140000-101-2001-08803,,3140000,,,03,폐업,호프/통닭,02-694-8884,,,상수도전용
,,호남식당,한식,,185404.318712256,447800.15044351,2026-05-06 22:51:12,I,01,영업,24,,,,,,,,,2023-03-10 11:03:31,2023-02-23,24.00,158-827,서울특별시 양천구 신월동 113-21 1층,N,,3140000-101-2023-00051,,3140000,"서울특별시 양천구 월정로27길 10-1, 1층 (신월동)",07922,01,영업/정상,한식,02-2608-8282,,,
기타,,엔돌핀,까페,2023-11-01,187916.254332614,449683.219205227,2026-05-06 22:35:45,I,02,폐업,21.28,,,,1,지도,,,,2023-11-01 13:12:12,1987-09-01,21.28,158-811,서울특별시 양천구 목동 613-2,N,0,3140000-101-1987-03536,,3140000,"서울특별시 양천구 등촌로 220, 1층 (목동)",07946,03,폐업,까페,02-2643-2390,,,상수도전용
,,더족,한식,2017-02-22,209895.702319556,447471.180557382,2026-05-06 22:59:35,I,02,폐업,24.23,,,,,,,,,2017-03-03 17:51:59,2013-04-03,24.23,138-040,서울특별시 송파구 풍납동 508 한강극동아파트 지상1층 108호,N,,3230000-101-2013-00125,,3230000,"서울특별시 송파구 토성로 38-6, 지상1층 108호 (풍납동, 한강극동아파트)",05536,03,폐업,한식,,,,
,,오드리떡볶이,분식,2010-07-26,188895.844080632,447480.979609884,2026-05-06 22:45:53,I,02,폐업,37.95,,,,,,,,,2010-01-07 15:42:41,2010-01-07,37.95,158-761,서울특별시 양천구 목동 917 목동파라곤 106호(목동서로 155),N,,3140000-101-2010-00008,,3140000,,,03,폐업,분식,,,,
기타,,원조주먹고기,한식,1999-11-16,185927.652519671,446155.14326358,2026-05-06 22:36:45,I,02,폐업,46.48,,,,0,기타,,,,1999-11-16 00:00:00,1993-05-20,46.48,158-841,서울특별시 양천구 신월동 550-1,N,0,3140000-101-1993-00696,,3140000,,,03,폐업,한식,,,,상수도전용
,,비비큐(BBQ),통닭(치킨),2006-11-27,185713.977706122,445595.680081302,2026-05-06 22:43:52,I,02,폐업,34.65,,,,0,,,,,2003-03-11 00:00:00,2003-03-11,34.65,158-855,서울특별시 양천구 신정동 761-89,N,0,3140000-101-2003-00104,,3140000,,,03,폐업,통닭(치킨),02-2066-9288,,,상수도전용
주택가주변,,개미분식,한식,1994-04-12,212587.48325656,444278.471040207,2026-05-06 22:50:41,I,02,폐업,38.76,,,,0,기타,,,,2002-09-04 00:00:00,1993-02-13,38.76,138-817,서울특별시 송파구 마천동 26-11,N,0,3230000-101-1993-11636,,3230000,,,03,폐업,한식,02-0000-0000,,,상수도전용
,,푸드스케치,기타,2016-11-25,187936.962854469,448175.554774093,2026-05-06 22:48:14,I,02,폐업,23.1,,,,,,,,,2014-10-28 15:15:44,2014-09-25,23.10,158-815,서울특별시 양천구 목동 734-23 1층,N,,3140000-101-2014-00276,,3140000,"서울특별시 양천구 목동중앙남로3길 60, 1층 (목동)",07959,03,폐업,기타,,,,
주택가주변,,사카,경양식,1999-08-26,187061.887641094,446549.057387399,2026-05-06 22:37:46,I,02,폐업,60.89,,,,1,기타,,,,1999-08-26 00:00:00,1996-12-27,60.89,158-861,서울특별시 양천구 신정동 1029-8,N,1,3140000-101-1996-02778,,3140000,,,03,폐업,경양식,02-2605-7569,,,상수도전용
주택가주변,,맛나요식당,한식,2018-08-14,213322.46978645,443597.963276271,2026-05-06 22:48:46,I,02,폐업,68.49,,,,0,지도,,,,2018-08-14 10:42:18,1990-05-23,68.49,138-821,서울특별시 송파구 마천동 307-22 지상1층,N,0,3230000-101-1990-12607,,3230000,"서울특별시 송파구 마천로 325, 지상1층 (마천동)",05758,03,폐업,한식,,,,상수도전용
기타,,감자탕해장국,한식,2004-08-18,209144.003153638,444916.218292265,2026-05-06 22:56:28,I,02,폐업,24.16,,,,0,기타,,,,2003-07-22 00:00:00,2000-05-31,24.16,138-844,서울특별시 송파구 석촌동 179-4,N,0,3230000-101-2000-15218,,3230000,,,03,폐업,한식,02-413-7521,,,
,,맘마키친,한식,2016-01-21,188827.187925377,449321.735606141,2026-05-06 22:48:44,I,02,폐업,27,,,,,,,,,2015-06-02 11:40:46,2015-06-02,27.00,158-808,서울특별시 양천구 목동 526-3 지상1층,N,,3140000-101-2015-00134,,3140000,"서울특별시 양천구 목동중앙북로 102, 지상1층 (목동)",07971,03,폐업,한식,,,,
,,매드피자,기타,2025-09-21,210199.45921923,446539.279382444,2026-05-06 23:02:18,I,02,폐업,0,,,,,,,,,2025-09-22 04:15:09,2025-09-15,,138-829,서울특별시 송파구 방이동 88 올림픽공원,N,,3230000-101-2025-00544,,3230000,"서울특별시 송파구 올림픽로 424, 올림픽공원 88잔디마당 (방이동)",05540,03,폐업,기타,,,,
기타,,고려한방건강원,한식,2001-02-05,209496.980520591,445866.328718442,2026-05-06 22:56:33,I,02,폐업,400,,,,0,기타,,,,2005-02-18 00:00:00,2000-10-31,400.00,138-827,서울특별시 송파구 방이동 28-2,N,0,3230000-101-2000-15812,,3230000,,,03,폐업,한식,02-416-5292,,,
,,고기마을,한식,2008-01-28,185601.549062803,447063.259244547,2026-05-06 22:42:55,I,02,폐업,297,,,,0,,,,,2001-10-15 00:00:00,2001-10-15,297.00,158-832,서울특별시 양천구 신월동 411-1,N,0,3140000-101-2001-08912,,3140000,,,03,폐업,한식,02-2601-6800,,,상수도전용
,,원두막,한식,,207186.461049606,444843.971543047,2026-05-06 23:01:14,I,01,영업,99.7,,,,,,,,,2023-08-14 12:25:54,2016-06-13,99.70,138-866,서울특별시 송파구 잠실동 313-1,N,,3230000-101-2016-00280,,3230000,"서울특별시 송파구 백제고분로 140, 1층 103호 (잠실동)",05575,01,영업/정상,한식,02-412-8571,,,
아파트지역,,장미식당,한식,2006-01-18,208707.089897534,446299.352775446,2026-05-06 22:47:05,I,02,폐업,82.8,,,,2,을,,,,2004-04-23 00:00:00,1986-04-16,82.80,138-934,"서울특별시 송파구 신천동 7-0 (장미A상가215,216)",N,1,3230000-101-1986-12898,,3230000,,,03,폐업,한식,02-413-8117,,,상수도전용
,,대가한식,한식,2021-09-09,208874.622262085,444931.444359806,2026-05-06 22:57:50,I,02,폐업,106.56,,,,,,,,,2021-09-09 09:24:04,2012-06-27,106.56,138-844,서울특별시 송파구 석촌동 157 지상1층,N,,3230000-101-2012-00288,,3230000,"서울특별시 송파구 송파대로49길 33, 지상1층 (석촌동)",05610,03,폐업,한식,,,,
주택가주변,,아서원,한식,1998-05-26,,,2026-05-06 22:50:45,I,02,폐업,46.74,,,,1,기타,,,,2003-06-16 00:00:00,1993-03-22,46.74,138-814,서울특별시 송파구 거여동 34-3,N,1,3230000-101-1993-13761,,3230000,,,03,폐업,한식,02-449-6060,,,상수도전용
주택가주변,,블랙바(black BAR),기타,2017-02-15,186920.505928901,446375.964740045,2026-05-06 22:38:59,I,02,폐업,50.84,,,,0,기타,,,,2014-03-18 16:44:33,1998-12-21,50.84,158-864,서울특별시 양천구 신정동 1183-9 지상3층,N,0,3140000-101-1998-06816,,3140000,"서울특별시 양천구 중앙로 259-1 (신정동,지상3층)",08073,03,폐업,기타,02-2693-0230,,,상수도전용
주택가주변,,군반장 석촌점,한식,2016-05-20,209331.085732361,445156.584105605,2026-05-06 22:47:13,I,02,폐업,37.57,,,,0,우수,,,,2014-09-26 16:05:35,1993-07-22,37.57,138-848,서울특별시 송파구 송파동 10-7,N,0,3230000-101-1988-07734,,3230000,서울특별시 송파구 백제고분로41길 33 (송파동),05624,03,폐업,한식,02-413-3131,,,상수도전용
기타,,키노,분식,2005-03-03,207004.830567831,445374.574610776,2026-05-06 22:56:33,I,02,폐업,13.2,,,,0,기타,,,,2004-03-04 00:00:00,2000-11-11,13.20,138-861,서울특별시 송파구 잠실동 177-4,N,0,3230000-101-2000-15853,,3230000,,,03,폐업,분식,02-418-0092,,,
아파트지역,,손가네순대,한식,2004-11-17,188977.171050288,447466.355031447,2026-05-06 22:39:39,I,02,폐업,60.51,,,,1,기타,,,,2002-01-25 00:00:00,1999-11-19,60.51,158-050,서울특별시 양천구 목동 917-6 6층,N,0,3140000-101-1999-07337,,3140000,,,03,폐업,한식,02-886-5923,,,상수도전용
주택가주변,,진고개식당,한식,1994-10-18,209228.160633782,445135.069275982,2026-05-06 22:50:44,I,02,폐업,23.45,,,,0,을,,,,2003-06-24 00:00:00,1993-04-02,23.45,138-848,서울특별시 송파구 송파동 9-18,N,0,3230000-101-1993-12918,,3230000,,,03,폐업,한식,02-0000-0000,,,상수도전용
주택가주변,,행운,분식,2007-04-03,187955.089967009,447857.553486106,2026-05-06 22:41:35,I,02,폐업,23.1,,,,0,기타,,,,2000-10-31 00:00:00,2000-10-31,23.10,158-819,서울특별시 양천구 목동 791-7,N,0,3140000-101-2000-08095,,3140000,,,03,폐업,분식,02-2655-0080,,,상수도전용
,,브렌따노,경양식,2011-07-08,211156.896080487,442463.002786871,2026-05-06 22:57:25,I,02,폐업,89.1,,,,,,,,,2009-06-16 14:02:11,2008-12-29,89.10,138-200,서울특별시 송파구 문정동 88-16 (1층),N,,3230000-101-2008-00467,,3230000,,,03,폐업,경양식,02-431-9712,,,
,,동경규동 올림픽공원점,일식,2021-03-31,211619.368009793,445963.384875409,2026-05-06 23:01:33,I,02,폐업,28,,,,,,,,,2021-03-31 13:07:04,2019-03-26,28.00,138-829,서울특별시 송파구 방이동 89-11 올림픽프라자,N,,3230000-101-2019-00201,,3230000,"서울특별시 송파구 양재대로 1222, 올림픽프라자 1층 207호 (방이동)",05648,03,폐업,일식,,,,
기타,,제이에스딘,분식,1998-07-28,185928.155680057,446984.731987761,2026-05-06 22:37:37,I,02,폐업,56.88,,,,1,기타,,,,2001-09-28 00:00:00,1995-12-07,56.88,158-834,서울특별시 양천구 신월동 447-4,N,1,3140000-101-1995-04650,,3140000,,,03,폐업,분식,02-696-5063,,,상수도전용
,,일번출구닭발,기타,2009-03-25,187813.409124106,447152.313696555,2026-05-06 22:45:10,I,02,폐업,33,,,,,,,,,2013-10-21 10:31:16,2007-11-02,33.00,158-856,서울특별시 양천구 신정동 888-36,N,,3140000-101-2007-00367,,3140000,,,03,폐업,기타,02-2605-1881,,,상수도전용
,,거여동 연탄돼지갈비,한식,2017-07-05,212741.34860444,443471.426485698,2026-05-06 22:57:20,I,02,폐업,168,,,,,,,,,2017-07-05 15:24:40,2007-08-02,168.00,138-110,서울특별시 송파구 거여동 37-6 1층,N,,3230000-101-2007-00292,,3230000,"서울특별시 송파구 거마로 4 (거여동,1층)",05768,03,폐업,한식,02-430-7388,,,
기타,,청주칼국수,한식,2000-11-01,208443.911974944,444841.666036006,2026-05-06 22:56:25,I,02,폐업,51,,,,0,우수,,,,2003-07-21 00:00:00,2000-03-27,51.00,138-840,서울특별시 송파구 삼전동 128-1 (지상1층),N,0,3230000-101-2000-14939,,3230000,,,03,폐업,한식,02-447-1892,,,
,,아이닌,중국식,2020-11-18,188967.445733675,447716.332636357,2026-05-06 22:45:26,I,02,폐업,470.92,,,,,,,,,2020-11-19 09:28:12,2008-06-10,470.92,158-876,서울특별시 양천구 목동 905-34 목동하나프라자 201호~208호,N,,3140000-101-2008-09083,,3140000,"서울특별시 양천구 목동서로 133-2 (목동, 목동하나프라자201호~208호)",07988,03,폐업,중국식,02-2062-8787,,,상수도전용
기타,,신가네뼈다귀해장국,한식,2004-02-18,209577.544180877,445827.179400129,2026-05-06 22:56:25,I,02,폐업,36.3,,,,0,우수,,,,2003-07-25 00:00:00,2000-03-21,36.30,138-828,서울특별시 송파구 방이동 64-5 (지상1층),N,0,3230000-101-2000-14912,,3230000,,,03,폐업,한식,02-424-4476,,,
,,스카이,경양식,2009-04-15,188953.066831076,447333.569187997,2026-05-06 22:43:23,I,02,폐업,500,,,,0,,,,,2008-01-14 16:01:35,2002-08-08,500.00,158-050,서울특별시 양천구 목동 917-9 현대41타워 40층,N,0,3140000-101-2002-00413,,3140000,,,03,폐업,경양식,02-2168-2320,,,
기타,,금옥식당,한식,2007-01-02,186732.172818278,446998.507682241,2026-05-06 22:44:13,I,02,폐업,46,,,,0,,,,,2004-04-23 00:00:00,2004-04-23,46.00,158-871,서울특별시 양천구 신정동 942-18,N,0,3140000-101-2004-00137,,3140000,,,03,폐업,한식,02-2065-6524,,,상수도전용
기타,,영식당,한식,1994-03-07,209580.187252241,445294.181118349,2026-05-06 22:49:54,I,02,폐업,20.06,,,,1,을,,,,2002-09-04 00:00:00,1992-08-06,20.06,138-849,서울특별시 송파구 송파동 40-0,N,0,3230000-101-1992-11828,,3230000,,,03,폐업,한식,02-0000-0000,,,상수도전용
,,쿠시노아 잠실새내점,한식,,207427.827614876,445257.605592538,2026-05-06 23:01:48,I,01,영업,42.9,,,,,,,,,2024-03-06 15:21:28,2021-06-30,42.90,138-862,서울특별시 송파구 잠실동 207-2,N,,3230000-101-2021-00491,,3230000,"서울특별시 송파구 백제고분로15길 46, 1층 103호 (잠실동)",05559,01,영업/정상,한식,,,,
,,아리수,한식,2014-09-01,209302.835215681,444637.180808782,2026-05-06 22:57:23,I,02,폐업,82.35,,,,,,,,,2013-09-02 16:25:16,2008-02-22,82.35,138-847,서울특별시 송파구 석촌동 284-4 지상2층,N,,3230000-101-2008-00064,,3230000,"서울특별시 송파구 백제고분로40길 6, 지상2층 (석촌동)",05684,03,폐업,한식,02-417-1911,,,상수도전용
,,국수하우스,분식,,188388.339117521,446696.929566259,2026-05-06 22:49:10,I,01,영업,40.4,,,,,,,,,2023-10-04 14:14:52,2016-06-28,40.40,158-884,서울특별시 양천구 신정동 318-1 목동대림아크로텔 지상1층 111호,N,,3140000-101-2016-00167,,3140000,"서울특별시 양천구 목동서로 277, 지상1층 111호 (신정동, 목동대림아크로텔)",08011,01,영업/정상,분식,,,,상수도전용
주택가주변,,주담소주방,분식,1999-01-19,184745.326179726,448086.395342633,2026-05-06 22:38:13,I,02,폐업,75.18,,,,1,기타,,,,2001-09-28 00:00:00,1996-10-30,75.18,158-829,서울특별시 양천구 신월동 166-1,N,,3140000-101-1996-04966,,3140000,,,03,폐업,분식,02-603-6200,,,상수도전용
기타,,가마솥해장국,한식,2001-03-28,184242.730019702,448537.930084122,2026-05-06 22:41:06,I,02,폐업,24,,,,0,기타,,,,2001-03-28 00:00:00,2000-07-13,24.00,158-090,서울특별시 양천구 신월동 39-1,N,0,3140000-101-2000-07903,,3140000,,,03,폐업,한식,,,,
,,슬기둥,호프/통닭,2022-10-17,187978.92190259,449831.40227579,2026-05-06 22:43:02,I,02,폐업,19.8,,,,0,,,,,2022-10-17 10:45:48,2001-01-08,19.80,158-811,서울특별시 양천구 목동 606-2,N,0,3140000-101-2001-09076,,3140000,서울특별시 양천구 목동중앙북로1길 45 (목동),07946,03,폐업,호프/통닭,02-2648-9200,,,상수도전용
,,뚱이,분식,2022-08-17,211096.896411082,444301.649058399,2026-05-06 23:01:39,I,02,폐업,30,,,,,,,,,2022-08-17 15:19:22,2020-04-01,30.00,138-800,서울특별시 송파구 가락동 13-9,N,,3230000-101-2020-00185,,3230000,"서울특별시 송파구 송이로17길 54-28, 1층 103호 (가락동)",05702,03,폐업,분식,02-400-9032,,,
주택가주변,,얼큰이주물럭,한식,2005-09-08,184724.609679297,448667.171758769,2026-05-06 22:38:23,I,02,폐업,16,,,,0,기타,,,,2005-06-29 00:00:00,1996-12-31,16.00,158-822,서울특별시 양천구 신월동 16-13,N,1,3140000-101-1996-05039,,3140000,,,03,폐업,한식,02-2601-0287,,,상수도전용
주택가주변,,동네식당,한식,1999-06-04,,,2026-05-06 22:49:21,I,02,폐업,22.6,,,,0,을,,,,2003-07-01 00:00:00,1991-09-18,22.60,138-110,서울특별시 송파구 거여동 산 18-13,N,0,3230000-101-1991-11973,,3230000,,,03,폐업,한식,02-401-0559,,,상수도전용
주택가주변,,골목포장마차,한식,1997-01-23,188254.464058537,449635.632611714,2026-05-06 22:37:41,I,02,폐업,25.98,,,,1,기타,,,,2001-09-28 00:00:00,1996-06-10,25.98,158-811,서울특별시 양천구 목동 602-3,N,1,3140000-101-1996-01622,,3140000,,,03,폐업,한식,02-647-0801,,,상수도전용
기타,,인포장마차,한식,2000-07-05,210447.026500317,445265.412562843,2026-05-06 22:55:54,I,02,폐업,23.46,,,,0,자율,,,,2003-07-22 00:00:00,1999-07-05,23.46,138-831,서울특별시 송파구 방이동 129-3,N,0,3230000-101-1999-00235,,3230000,,,03,폐업,한식,02-419-6821,,,상수도전용
,,피자에땅신정점,패스트푸드,2017-05-30,187470.524867966,446943.73192166,2026-05-06 22:45:05,I,02,폐업,50,,,,0,,,,,2017-05-30 12:55:35,2007-07-12,50.00,158-859,서울특별시 양천구 신정동 954-13 1층,N,0,3140000-101-2007-00248,,3140000,"서울특별시 양천구 은행정로 55 (신정동, 1층)",08020,03,폐업,패스트푸드,02-2602-3652,,,상수도전용
,,삼전나루터,한식,2022-06-15,208171.900326014,444766.621918546,2026-05-06 22:57:00,I,02,폐업,29.7,,,,0,,,,,2022-06-15 09:33:53,2004-05-28,29.70,138-839,서울특별시 송파구 삼전동 94-15,N,0,3230000-101-2004-00337,,3230000,서울특별시 송파구 삼전로10길 33-1 (삼전동),05600,03,폐업,한식,02-419-8597,,,
,,노걸대위드유감자탕&가마삼겹 잠실점,횟집,2021-02-03,207665.09635052,444790.208022359,2026-05-06 23:01:35,I,02,폐업,50,,,,,,,,,2021-02-03 15:11:19,2019-07-08,50.00,138-864,서울특별시 송파구 잠실동 249-3,N,,3230000-101-2019-00492,,3230000,"서울특별시 송파구 삼전로7길 9, 1층 (잠실동)",05567,03,폐업,횟집,,,,
기타,,다향,호프/통닭,2005-12-01,211086.67,442341.08,2026-05-06 22:56:49,I,02,폐업,24.3,,,,0,기타,,,,2005-09-15 00:00:00,2002-07-05,24.30,138-826,서울특별시 송파구 문정동 70-8,N,0,3230000-101-2002-17580,,3230000,,,03,폐업,호프/통닭,02-407-1552,,,
기타,,칼국수와김밥의만남,한식,2003-04-19,189042.496526196,447777.835760268,2026-05-06 22:40:45,I,02,폐업,30,,,,0,자율,,,,2002-01-26 00:00:00,2000-05-02,30.00,158-728,서울특별시 양천구 목동 905-22 목동트윈빌2층25호,N,0,3140000-101-2000-07761,,3140000,,,03,폐업,한식,02-2062-0625,,,상수도전용
주택가주변,,코끼리분식,분식,,211547.077449418,442621.686692644,2026-05-06 22:49:31,I,01,영업,19.5,,,,0,기타,,,,2004-05-25 00:00:00,1992-08-26,19.50,138-200,서울특별시 송파구 문정동 102-15,N,0,3230000-101-1992-05409,,3230000,서울특별시 송파구 송이로36길 15 (문정동),05801,01,영업/정상,분식,02-449-4220,,,상수도전용
,,글램,기타,2022-06-03,210580.683290918,443657.71204579,2026-05-06 23:01:50,I,02,폐업,90.91,,,,,,,,,2022-06-03 11:53:19,2021-12-29,90.91,138-803,서울특별시 송파구 가락동 80 송파성원쌍떼빌,N,,3230000-101-2021-00916,,3230000,"서울특별시 송파구 송파대로28길 27, 1층 122호,123호 (가락동, 송파성원쌍떼빌)",05718,03,폐업,기타,,,,
,,씨엠피,통닭(치킨),2014-05-16,188805.081079983,446595.474310894,2026-05-06 22:45:51,I,02,폐업,60,,,,,,,,,2012-11-20 13:56:46,2009-11-26,60.00,158-849,서울특별시 양천구 신정동 117-22 1층,N,,3140000-101-2009-08287,,3140000,"서울특별시 양천구 신목로 76, 1층 (신정동)",08009,03,폐업,통닭(치킨),02-2643-3355,,,
주택가주변,,넝쿨식당,분식,1997-03-20,188986.143679742,446654.91799694,2026-05-06 22:36:19,I,02,폐업,19.84,,,,0,기타,,,,2001-09-28 00:00:00,1991-03-22,19.84,158-849,서울특별시 양천구 신정동 119-2,N,0,3140000-101-1991-03889,,3140000,,,03,폐업,분식,02-649-3945,,,상수도전용
주택가주변,,술의나라,경양식,2004-07-06,184591.106196217,447899.459021453,2026-05-06 22:37:29,I,02,폐업,52.19,,,,1,기타,,,,2003-05-31 00:00:00,1995-03-02,52.19,158-829,서울특별시 양천구 신월동 178-9,N,1,3140000-101-1995-02688,,3140000,,,03,폐업,경양식,02-693-0479,,,상수도전용
,,하이도조,일식,2004-09-16,187984.946381632,448157.412679931,2026-05-06 22:43:50,I,02,폐업,26.4,,,,0,,,,,2003-02-21 00:00:00,2003-02-21,26.40,158-818,서울특별시 양천구 목동 781-4,N,0,3140000-101-2003-00071,,3140000,,,03,폐업,일식,02-2646-6082,,,상수도전용
주택가주변,,방실이호프,분식,1996-09-14,,,2026-05-06 22:36:04,I,02,폐업,6.16,,,,1,기타,,,,2001-09-28 00:00:00,1990-09-19,6.16,158-842,서울특별시 양천구 신월동 600-10,N,0,3140000-101-1990-04004,,3140000,,,03,폐업,분식,,,,상수도전용
기타,,싸리빱,경양식,2002-01-23,188763.909704417,446215.182538688,2026-05-06 22:37:46,I,02,폐업,116.52,,,,1,기타,,,,2002-01-14 00:00:00,1996-02-12,116.52,158-852,서울특별시 양천구 신정동 295-7,N,2,3140000-101-1996-02747,,3140000,,,03,폐업,경양식,02-644-2925,,,상수도전용
주택가주변,,가마솥통닭구이,한식,1999-03-17,209699.732038203,444731.118589596,2026-05-06 22:55:50,I,02,폐업,22.77,,,,0,우수,,,,2004-10-13 00:00:00,1998-07-18,22.77,138-850,서울특별시 송파구 송파동 91-17,N,0,3230000-101-1998-10590,,3230000,,,03,폐업,한식,02-412-7446,,,상수도전용
,,온통연탄불고기,식육(숯불구이),2013-07-22,185982.866315032,446677.976340651,2026-05-06 22:47:04,I,02,폐업,64.92,,,,,,,,,2011-11-11 14:40:00,2011-11-11,64.92,158-833,서울특별시 양천구 신월동 443-5 1층,N,,3140000-101-2011-00309,,3140000,"서울특별시 양천구 오목로 41 (신월동, 1층)",07930,03,폐업,식육(숯불구이),,,,
,,고다미,한식,2024-09-09,209763.566674129,444441.15544306,2026-05-06 23:02:05,I,02,폐업,49.5,,,,,,,,,2024-09-09 10:27:01,2023-10-17,49.50,138-854,서울특별시 송파구 송파동 98-7 우일빌딩,N,,3230000-101-2023-00816,,3230000,"서울특별시 송파구 가락로 136, 우일빌딩 1층 (송파동)",05676,03,폐업,한식,,,,
,,멍석골,한식,2004-05-24,207520.01530363,444725.229305998,2026-05-06 22:56:51,I,02,폐업,39,,,,0,,,,,2002-11-22 00:00:00,2002-11-22,39.00,138-867,서울특별시 송파구 잠실동 335-4,N,0,3230000-101-2002-17946,,3230000,,,03,폐업,한식,02-412-1026,,,
주택가주변,,플러스원,한식,2007-02-08,212576.770695495,443947.396314468,2026-05-06 22:54:36,I,02,폐업,84.44,,,,2,기타,,,,2006-09-25 00:00:00,1996-05-09,84.44,138-813,서울특별시 송파구 거여동 135-31,N,1,3230000-101-1996-03673,,3230000,,,03,폐업,한식,02-409-4550,,,상수도전용
,,미성호프,호프/통닭,2005-06-21,210059.459326833,447922.164024512,2026-05-06 22:56:55,I,02,폐업,42.9,,,,0,,,,,2003-06-20 00:00:00,2003-06-20,42.90,138-873,서울특별시 송파구 풍납동 220-2 신동아아파트 상가동 104호,N,0,3230000-101-2003-00401,,3230000,,,03,폐업,호프/통닭,02-485-5831,,,
아파트지역,,맛자랑분식,분식,1999-07-26,211619.368009793,445963.384875409,2026-05-06 22:47:37,I,02,폐업,30.08,,,,3,지도,,,,2003-11-13 00:00:00,1989-05-04,30.08,138-829,서울특별시 송파구 방이동 89-11 중심상가 1층동 208호,N,2,3230000-101-1989-06502,,3230000,,,03,폐업,분식,02-407-1542,,,상수도전용
주택가주변,,털보기사식당,분식,1997-12-02,185373.566181163,447396.088113738,2026-05-06 22:36:51,I,02,폐업,27.8,,,,1,기타,,,,2001-09-28 00:00:00,1993-09-15,27.80,158-831,서울특별시 양천구 신월동 221-17,N,1,3140000-101-1993-03155,,3140000,,,03,폐업,분식,02-0000-0000,,,상수도전용
,,농부,한식,2022-02-15,211113.135,445418.74,2026-05-06 22:57:20,I,02,폐업,92.4,,,,0,,,,,2022-02-15 09:45:54,2007-07-05,92.40,138-834,서울특별시 송파구 방이동 185-14 지상1층,N,0,3230000-101-2007-00250,,3230000,"서울특별시 송파구 양재대로71길 4-16, 지상1층 (방이동)",05638,03,폐업,한식,,,,
,,양푼이매운 등갈비찜,일식,2012-04-20,210669.40746034,443691.603121899,2026-05-06 22:57:08,I,02,폐업,46.2,,,,0,,,,,2011-11-14 13:28:03,2005-10-13,46.20,138-803,서울특별시 송파구 가락동 77-7 n-suite 105호,N,0,3230000-101-2005-00534,,3230000,,,03,폐업,일식,,,,
,,꼬치선생 101,감성주점,2022-06-13,,,2026-05-06 23:01:36,I,02,폐업,88.75,,,,,,,,,2022-06-13 13:45:31,2019-09-10,88.75,138-888,서울특별시 송파구 문정동 652-4 힐스테이트에코문정,N,,3230000-101-2019-00675,,3230000,"서울특별시 송파구 법원로4길 10, 힐스테이트에코문정 1층 116호,117호 (문정동)",05855,03,폐업,감성주점,,,,
,,델리푸라이,분식,2004-01-06,189151.208015925,448200.067716589,2026-05-06 22:43:38,I,02,폐업,26.4,,,,0,,,,,2003-05-09 00:00:00,2002-09-30,26.40,158-877,서울특별시 양천구 목동 907,N,0,3140000-101-2002-00515,,3140000,,,03,폐업,분식,02-6678-0025,,,
기타,,파드마,한식,2008-02-20,213135.382464057,444374.6923877,2026-05-06 22:56:44,I,02,폐업,99,,,,0,기타,,,,2007-01-10 00:00:00,2001-11-23,99.00,138-818,서울특별시 송파구 마천동 51-6,N,0,3230000-101-2001-17010,,3230000,,,03,폐업,한식,02-448-3408,,,
,,만복분식,분식,2006-04-12,184685.372420071,448604.856449716,2026-05-06 22:43:55,I,02,폐업,39.6,,,,0,,,,,2003-04-15 00:00:00,2003-04-15,39.60,158-822,서울특별시 양천구 신월동 27-7,N,0,3140000-101-2003-00172,,3140000,,,03,폐업,분식,,,,상수도전용
,,돼지사냥,한식,2009-02-27,,,2026-05-06 22:45:12,I,02,폐업,26.4,,,,,,,,,2007-11-27 14:21:20,2007-11-27,26.40,158-862,서울특별시 양천구 신정동 1034-1 지상1층 (단지중앙1길 1),N,,3140000-101-2007-00402,,3140000,,,03,폐업,한식,02-6084-8295,,,상수도전용
주택가주변,,강서해장국집,한식,2000-11-14,185005.79221479,447796.176428261,2026-05-06 22:39:29,I,02,폐업,20.54,,,,2,지도,,,,2000-11-14 00:00:00,1999-10-14,20.54,158-828,서울특별시 양천구 신월동 136-5,N,0,3140000-101-1999-07230,,3140000,,,03,폐업,한식,,,,상수도전용
,,이가네고기냉면,기타,2014-01-27,185539.89307867,447331.331275427,2026-05-06 22:46:57,I,02,폐업,33,,,,,,,,,2014-01-27 17:16:34,2011-06-07,33.00,158-831,서울특별시 양천구 신월동 232-20,N,,3140000-101-2011-00174,,3140000,서울특별시 양천구 월정로17길 20 (신월동),07925,03,폐업,기타,,,,
,,슈가링스 성내천점,한식,2018-05-29,212595.927556118,444094.893068835,2026-05-06 22:57:38,I,02,폐업,99,,,,,,,,,2018-05-29 11:14:03,2011-07-01,99.00,138-813,서울특별시 송파구 거여동 2-8 지상1층,N,,3230000-101-2011-00307,,3230000,"서울특별시 송파구 성내천로 134, 지상1층 (거여동)",05736,03,폐업,한식,070-8876-9004,,,
,,흥부가반해버리고 놀부가기절한 닭강정,한식,,186278.11091696,446766.762509362,2026-05-06 22:50:39,I,01,영업,26.4,,,,,,,,,2021-03-02 16:28:50,2021-03-02,26.40,158-838,서울특별시 양천구 신월동 491-8,N,,3140000-101-2021-00054,,3140000,"서울특별시 양천구 오목로 71, 1층 102호 (신월동)",07936,01,영업/정상,한식,,,,
기타,,끼2030,한식,2006-06-01,209470.668874891,444329.022741967,2026-05-06 22:56:41,I,02,폐업,80,,,,,기타,,,,2003-07-25 00:00:00,2001-08-11,80.00,138-846,서울특별시 송파구 석촌동 276-5,N,,3230000-101-2001-16679,,3230000,,,03,폐업,한식,02-3431-0157,,,
주택가주변,,씨월드,한식,2005-01-18,210082.235945917,445151.302790083,2026-05-06 22:48:06,I,02,폐업,167.99,,,,2,기타,,,,2004-05-18 00:00:00,1990-10-25,167.99,138-852,서울특별시 송파구 송파동 141-3,N,4,3230000-101-1990-03700,,3230000,,,03,폐업,한식,02-0448-9638,,,상수도전용
유흥업소밀집지역,,코리아나,경양식,2000-05-31,210588.088052782,443964.222163686,2026-05-06 22:55:59,I,02,폐업,147.6,,,,0,자율,,,,2005-01-25 00:00:00,1999-05-13,147.60,138-802,서울특별시 송파구 가락동 72-0,N,0,3230000-101-1999-00461,,3230000,,,03,폐업,경양식,02-375-0068,,,상수도전용
주택가주변,,호수레스토랑,경양식,1994-03-07,,,2026-05-06 22:50:39,I,02,폐업,95.32,,,,2,기타,,,,2003-06-12 00:00:00,1993-09-16,95.32,138-200,서울특별시 송파구 문정동 산 82-5,N,1,3230000-101-1993-09917,,3230000,,,03,폐업,경양식,02-0431-0065,,,상수도전용
주택가주변,,가락영양센타,분식,1994-05-07,210527.451557882,443922.672181548,2026-05-06 22:49:44,I,02,폐업,94.86,,,,0,을,,,,2003-06-16 00:00:00,1992-05-15,94.86,138-802,서울특별시 송파구 가락동 71-2,N,0,3230000-101-1992-07279,,3230000,,,03,폐업,분식,02-443-0661,,,상수도전용
,,우통령,식육(숯불구이),,186785.639413223,446697.317127131,2026-05-06 22:50:56,I,01,영업,62.02,,,,,,,,,2024-04-15 10:04:02,2022-06-14,62.02,158-838,서울특별시 양천구 신월동 501-11 로즈가든,N,,3140000-101-2022-00173,,3140000,"서울특별시 양천구 신월로 267, 1층 102호 (신월동, 로즈가든)",08028,01,영업/정상,식육(숯불구이),,,,
주택가주변,,왕십리곱창승후네,한식,,211798.63653315,443670.37711018,2026-05-06 22:56:01,I,01,영업,39.95,,,,0,우수,,,,2019-08-07 14:41:05,1999-04-30,39.95,138-812,서울특별시 송파구 가락동 191-7 경원빌딩,N,0,3230000-101-1999-00526,,3230000,"서울특별시 송파구 오금로46길 30, 경원빌딩 1층 (가락동)",05783,01,영업/정상,한식,02-3401-6401,,,상수도전용
주택가주변,,미니호프,분식,1995-05-12,208070.601745363,444951.995721967,2026-05-06 22:50:33,I,02,폐업,22.23,,,,1,기타,,,,2003-06-11 00:00:00,1993-05-25,22.23,138-837,서울특별시 송파구 삼전동 17-1,N,0,3230000-101-1993-07604,,3230000,,,03,폐업,분식,,,,상수도전용
기타,,유통구이,분식,1999-04-12,188567.626253635,449287.61318652,2026-05-06 22:38:56,I,02,폐업,23.25,,,,0,기타,,,,1999-04-12 00:00:00,1998-07-18,23.25,158-809,서울특별시 양천구 목동 530-13,N,0,3140000-101-1998-05481,,3140000,,,03,폐업,분식,,,,상수도전용
주택가주변,,황태덕장,한식,2010-01-27,213278.331873449,443777.036279114,2026-05-06 22:53:59,I,02,폐업,51,,,,1,을,,,,2007-11-30 17:21:02,1995-09-12,51.00,138-820,서울특별시 송파구 마천동 128-124,N,1,3230000-101-1995-11418,,3230000,,,03,폐업,한식,02-443-2686,,,상수도전용
,,gentil (정띠),경양식,,207558.350459007,445108.93049236,2026-05-06 23:01:46,I,01,영업,30,,,,,,,,,2021-03-15 16:32:15,2021-03-15,30.00,138-862,서울특별시 송파구 잠실동 210-43,N,,3230000-101-2021-00207,,3230000,"서울특별시 송파구 삼전로13길 36, 1층 (잠실동)",05564,01,영업/정상,경양식,,,,
주택가주변,,두마리 찜닭 두찜 송파풍납점,한식,2021-11-03,210272.978145428,447889.528202978,2026-05-06 22:56:19,I,02,폐업,23.1,,,,0,자율,,,,2021-11-03 11:45:42,2000-01-06,23.10,138-874,서울특별시 송파구 풍납동 230-17,N,0,3230000-101-2000-14719,,3230000,서울특별시 송파구 풍성로20길 12 (풍납동),05533,03,폐업,한식,02-487-6242,,,상수도전용
,,돼지게티 신정점,경양식,2023-12-22,186634.4439392,446535.022979285,2026-05-06 22:50:59,I,02,폐업,40.21,,,,,,,,,2023-12-22 11:45:18,2022-10-13,40.21,158-864,서울특별시 양천구 신정동 1198-19,N,,3140000-101-2022-00269,,3140000,"서울특별시 양천구 중앙로45길 27-16, 1층 (신정동)",08060,03,폐업,경양식,,,,
,,우진푸드,기타,2023-05-30,207334.902003256,445310.717624565,2026-05-06 23:01:49,I,02,폐업,83.3,,,,,,,,,2023-05-30 17:30:34,2021-09-13,83.30,138-861,서울특별시 송파구 잠실동 187-14,N,,3230000-101-2021-00676,,3230000,"서울특별시 송파구 백제고분로9길 41-1, 2층 (잠실동)",05559,03,폐업,기타,,,,
,,길동우동거여마천점,한식,2026-03-09,213149.522764117,443705.473072412,2026-05-06 23:01:58,I,02,폐업,64.69,,,,,,,,,2026-03-09 12:03:36,2022-10-12,64.69,138-110,서울특별시 송파구 거여동 697 송파시그니처롯데캐슬,N,,3230000-101-2022-00685,,3230000,"서울특별시 송파구 거마로 56, 상가동 지하1층 1-14호 (거여동, 송파시그니처롯데캐슬)",05767,03,폐업,한식,,,,
,,김경덕피자치킨,통닭(치킨),2013-02-08,,,2026-05-06 22:44:45,I,02,폐업,23.4,,,,0,,,,,2013-02-07 17:47:40,2006-05-10,23.40,158-841,서울특별시 양천구 신월동 551-1 (청황길 7),N,0,3140000-101-2006-00130,,3140000,,,03,폐업,통닭(치킨),02-2960-0047,,,상수도전용
,,별법 동태탕,한식,2011-03-15,211190.875437201,442098.251479541,2026-05-06 22:57:33,I,02,폐업,55,,,,,,,,,2010-07-28 14:42:51,2010-07-28,55.00,138-200,서울특별시 송파구 문정동 78 지상1층,N,,3230000-101-2010-00366,,3230000,,,03,폐업,한식,,,,
,,상하이짬뽕,중국식,2015-09-01,187734.983111761,446030.714521005,2026-05-06 22:45:56,I,02,폐업,48.72,,,,,,,,,2012-12-05 15:33:11,2010-03-18,48.72,158-070,서울특별시 양천구 신정동 323-9 이스타빌3차1층 에이110가호,N,,3140000-101-2010-00075,,3140000,"서울특별시 양천구 목동서로 377, 1층 에이110가호 (신정동, 이스타빌3차)",08093,03,폐업,중국식,02-2653-3009,,,
주택가주변,,장안곱창,분식,2005-03-23,213310.635199429,443962.075751663,2026-05-06 22:56:07,I,02,폐업,43.39,,,,0,기타,,,,2004-04-26 00:00:00,1992-06-03,43.39,138-819,서울특별시 송파구 마천동 143-18,N,0,3230000-101-1999-06245,,3230000,,,03,폐업,분식,02-404-2469,,,상수도전용
,,고추전쟁,호프/통닭,2008-12-01,207319.089634647,445428.59721944,2026-05-06 22:56:59,I,02,폐업,338.8,,,,0,,,,,2005-05-24 00:00:00,2004-03-25,338.80,138-220,"서울특별시 송파구 잠실동 183-2 ,12,14",N,0,3230000-101-2004-00173,,3230000,,,03,폐업,호프/통닭,02-1413-9027,,,
주택가주변,,장터분식,분식,2009-06-10,210197.835321439,445422.695298956,2026-05-06 22:50:34,I,02,폐업,19.8,,,,1,을,,,,2007-09-12 13:31:12,1993-07-28,19.80,138-832,서울특별시 송파구 방이동 142-4,N,1,3230000-101-1993-07691,,3230000,,,03,폐업,분식,02-2202-2579,,,상수도전용
주택가주변,,이브,호프/통닭,2007-04-03,187321.053487969,446389.694914474,2026-05-06 22:41:35,I,02,폐업,23.1,,,,0,기타,,,,2002-01-28 00:00:00,2000-07-10,23.10,158-862,서울특별시 양천구 신정동 1048-1,N,0,3140000-101-2000-08099,,3140000,,,03,폐업,호프/통닭,02-2649-8630,,,상수도전용
,,N 바,기타,2025-02-17,209208.378991323,445147.765767223,2026-05-06 23:01:17,I,02,폐업,20,,,,,,,,,2025-02-17 10:04:40,2017-01-24,20.00,138-848,서울특별시 송파구 송파동 8-4,N,,3230000-101-2017-00056,,3230000,"서울특별시 송파구 송파대로48길 3, 지하1층 (송파동)",05624,03,폐업,기타,,,,
,,BHC 신월중앙점,호프/통닭,,184597.4496425,448604.977023954,2026-05-06 22:51:33,I,01,영업,30,,,,,,,,,2023-11-09 17:48:12,2023-11-09,30.00,158-822,서울특별시 양천구 신월동 28-6 1층,N,,3140000-101-2023-00322,,3140000,"서울특별시 양천구 화곡로 41, 1층 (신월동)",07900,01,영업/정상,호프/통닭,,,,
기타,,로젠치킨,호프/통닭,2004-11-10,189332.773428473,448223.637586054,2026-05-06 22:41:42,I,02,폐업,72.6,,,,0,기타,,,,2002-01-30 00:00:00,2000-11-28,72.60,158-877,서울특별시 양천구 목동 907-12 부영그린타운1차2층204호,N,0,3140000-101-2000-08162,,3140000,,,03,폐업,호프/통닭,02-2649-2313,,,상수도전용
기타,,줄줄이한식부페,뷔페식,2006-06-26,186086.509920658,446661.846343126,2026-05-06 22:37:46,I,02,폐업,290.94,,,,1,기타,,,,2002-12-04 00:00:00,1996-05-03,290.94,158-838,서울특별시 양천구 신월동 513-1,N,1,3140000-101-1996-02753,,3140000,,,03,폐업,뷔페식,02-2607-5333,,,상수도전용
주택가주변,,제이(J),호프/통닭,,188884.504691466,447061.533421816,2026-05-06 22:38:40,I,01,영업,62.61,,,,0,기타,,,,2020-11-09 10:23:35,1997-04-29,62.61,158-806,서울특별시 양천구 목동 406-205,N,1,3140000-101-1997-05133,,3140000,"서울특별시 양천구 목동동로 262, 지하1층 (목동)",07999,01,영업/정상,호프/통닭,02-2061-1145,,,상수도전용
,,반올림 피자샵(가락.문정점),기타,,211160.815741392,442859.426226552,2026-05-06 23:01:16,I,01,영업,57,,,,,,,,,2021-03-05 14:40:50,2016-10-25,57.00,138-824,서울특별시 송파구 문정동 21-13,N,,3230000-101-2016-00557,,3230000,"서울특별시 송파구 동남로8길 30-21, 1층 (문정동)",05803,01,영업/정상,기타,,,,
,,달나라 11호(우주1호점),기타,2015-01-05,207258.996055878,445350.664459326,2026-05-06 23:00:51,I,02,폐업,59,,,,,,,,,2014-07-11 16:16:35,2014-07-11,59.00,138-861,서울특별시 송파구 잠실동 188-7 지상1층,N,,3230000-101-2014-00389,,3230000,"서울특별시 송파구 올림픽로12길 14, 지상1층 (잠실동)",05560,03,폐업,기타,,,,
주택가주변,,장터도시락,분식,2012-01-13,,,2026-05-06 22:52:54,I,02,폐업,13.32,,,,1,기타,,,,2012-01-17 16:15:50,1995-12-14,13.32,138-849,서울특별시 송파구 송파동 48-1,N,1,3230000-101-1995-05002,,3230000,,,03,폐업,분식,02-419-3216,,,상수도전용
,,해물한마당,한식,2009-05-06,210580.683290918,443657.71204579,2026-05-06 22:57:22,I,02,폐업,79.49,,,,,,,,,2007-11-26 13:28:21,2007-11-05,79.49,138-803,서울특별시 송파구 가락동 80 성원상떼빌지상1층101-115,N,,3230000-101-2007-00416,,3230000,,,03,폐업,한식,02-407-5989,,,상수도전용
기타,,오복식당,한식,1993-04-07,,,2026-05-06 22:35:46,I,02,폐업,32.92,,,,3,지도,,,,2001-09-28 00:00:00,1988-07-29,32.92,158-855,서울특별시 양천구 신정동 812-15,N,0,3140000-101-1988-00306,,3140000,,,03,폐업,한식,02-0614-1632,,,상수도전용
주택가주변,,3초삽삼겹살,한식,2006-05-22,208584.257986396,444824.839004913,2026-05-06 22:47:17,I,02,폐업,79.04,,,,0,을,,,,2004-04-29 00:00:00,1988-12-05,79.04,138-842,서울특별시 송파구 석촌동 3-3,N,0,3230000-101-1988-12495,,3230000,,,03,폐업,한식,02-418-2339,,,상수도전용
,,청담동마녀김밥 목동점,한식,,189311.02246611,448276.142483848,2026-05-06 22:51:06,I,01,영업,36.27,,,,,,,,,2023-01-02 13:47:00,2023-01-02,36.27,158-877,서울특별시 양천구 목동 907-10 현대파리지앙,N,,3140000-101-2023-00004,,3140000,"서울특별시 양천구 목동서로 57, 현대파리지앙 1층 105호 (목동)",07983,01,영업/정상,한식,,,,
주택가주변,,멕켄치킨,호프/통닭,2007-04-30,187869.778713381,447315.693327996,2026-05-06 22:36:04,I,02,폐업,36.4,,,,1,을,,,,2002-01-10 00:00:00,1990-10-26,36.40,158-857,서울특별시 양천구 신정동 899-4,N,0,3140000-101-1990-03901,,3140000,,,03,폐업,호프/통닭,02-0692-7076,,,상수도전용
,,로맨스,기타,2017-02-22,210403.825298326,443562.753075246,2026-05-06 22:58:51,I,02,폐업,85.87,,,,,,,,,2017-03-02 14:40:14,2012-10-23,85.87,138-805,서울특별시 송파구 가락동 98-2 지하1층,N,,3230000-101-2012-00462,,3230000,"서울특별시 송파구 송파대로30길 8, 지하1층 (가락동)",05719,03,폐업,기타,,,,
주택가주변,,옛골식당,한식,1999-01-21,211353.371503019,442304.70445727,2026-05-06 22:55:11,I,02,폐업,58.8,,,,1,을,,,,2005-02-14 00:00:00,1996-04-02,58.80,138-200,서울특별시 송파구 문정동 97-11,N,1,3230000-101-1996-11258,,3230000,,,03,폐업,한식,02-406-5648,,,상수도전용
주택가주변,,대학학원 구내식당,한식,2005-03-14,188767.584299319,446998.232038717,2026-05-06 22:37:40,I,02,폐업,146.71,,,,1,기타,,,,2002-01-14 00:00:00,1996-03-21,146.71,158-806,서울특별시 양천구 목동 406-21,N,0,3140000-101-1996-01567,,3140000,,,03,폐업,한식,02-646-1122,,,상수도전용
,,고피자 목동2단지점,경양식,2022-02-03,189311.02246611,448276.142483848,2026-05-06 22:50:36,I,02,폐업,44.85,,,,,,,,,2022-02-03 16:39:04,2020-11-11,44.85,158-877,서울특별시 양천구 목동 907-10 현대파리지앙 113호,N,,3140000-101-2020-00334,,3140000,"서울특별시 양천구 목동서로 57, 현대파리지앙 1층 113호 (목동)",07983,03,폐업,경양식,,,,
,,카일스 커피,기타,2017-01-02,210068.709244252,445895.515259907,2026-05-06 23:00:19,I,02,폐업,22.23,,,,,,,,,2013-11-13 14:51:50,2013-11-13,22.23,138-828,서울특별시 송파구 방이동 51-2 청호오피스텔 지하1층 108호,N,,3230000-101-2013-00498,,3230000,"서울특별시 송파구 백제고분로 501, 지하1층 108호 (방이동, 청호오피스텔)",05545,03,폐업,기타,,,,
주택가주변,,작은포차,한식,2013-06-07,209678.047447502,445289.842770119,2026-05-06 22:56:33,I,02,폐업,25,,,,0,자율,,,,2011-06-03 10:07:56,2000-11-11,25.00,138-849,서울특별시 송파구 송파동 51-9,N,0,3230000-101-2000-15848,,3230000,,,03,폐업,한식,02-216-3608,,,
주택가주변,,얼레걸꼴레보이,한식,1999-02-05,207045.010076729,445401.759799146,2026-05-06 22:55:29,I,02,폐업,172.98,,,,,자율,,,,2005-01-28 00:00:00,1997-01-29,172.98,138-861,서울특별시 송파구 잠실동 178-5 지상2층,N,,3230000-101-1997-08371,,3230000,,,03,폐업,한식,02-413-9060,,,상수도전용
기타,,밥이랑 술이랑,경양식,2023-11-06,208317.419891103,445894.98085039,2026-05-06 22:56:46,I,02,폐업,108.98,,,,,기타,,,,2023-11-06 14:03:54,2002-02-05,108.98,138-916,서울특별시 송파구 잠실동 27 잠실역 지하쇼핑센타 지하1층 F43호,N,,3230000-101-2002-17189,,3230000,"서울특별시 송파구 송파대로 567, 지하1층 F43호 (잠실동, 잠실역 지하쇼핑센타)",05503,03,폐업,경양식,02-413-9700,,,
주택가주변,,토방식당,분식,2001-03-29,187155.941920769,446926.049701512,2026-05-06 22:39:02,I,02,폐업,27.71,,,,1,기타,,,,2001-03-29 00:00:00,1999-04-13,27.71,158-859,서울특별시 양천구 신정동 948-26,N,0,3140000-101-1999-06701,,3140000,,,03,폐업,분식,,,,상수도전용
,,줄리엣(Julieat),출장조리,,209248.319273032,444832.083978968,2026-05-06 23:02:06,I,01,영업,18.86,,,,,,,,,2025-08-04 15:44:26,2023-12-07,18.86,138-844,서울특별시 송파구 석촌동 176-9 하우스리,N,,3230000-101-2023-00964,,3230000,"서울특별시 송파구 백제고분로39길 10-11, 1층 102호 (석촌동, 하우스리)",05616,01,영업/정상,출장조리,,,,
주택가주변,,영호프,분식,2000-05-12,209096.838807105,444984.062018389,2026-05-06 22:46:54,I,02,폐업,17.9,,,,1,지도,,,,2003-06-26 00:00:00,1984-07-16,17.90,138-844,서울특별시 송파구 석촌동 181-4,N,0,3230000-101-1984-06136,,3230000,,,03,폐업,분식,02-449-2752,,,상수도전용
기타,,새시대,한식,2020-06-24,210574.132216863,448087.750262757,2026-05-06 22:56:47,I,02,폐업,49.5,,,,,기타,,,,2020-06-24 10:22:25,2002-04-03,49.50,138-873,서울특별시 송파구 풍납동 155-20,N,,3230000-101-2002-17343,,3230000,서울특별시 송파구 풍성로25길 15 (풍납동),05520,03,폐업,한식,02-477-1222,,,
기타,,프렌드,한식,2001-02-12,208383.103997916,444834.615661438,2026-05-06 22:55:20,I,02,폐업,23.45,,,,0,기타,,,,2004-09-21 00:00:00,1997-08-27,23.45,138-840,서울특별시 송파구 삼전동 112-12,N,0,3230000-101-1997-04304,,3230000,,,03,폐업,한식,02-2202-6251,,,상수도전용
주택가주변,,동네곱창,한식,2003-03-10,213281.926331265,443835.894277981,2026-05-06 22:55:50,I,02,폐업,11.7,,,,,우수,,,,2003-07-16 00:00:00,1998-06-11,11.70,138-820,서울특별시 송파구 마천동 183-36,N,,3230000-101-1998-10601,,3230000,,,03,폐업,한식,02-431-9685,,,상수도전용
주택가주변,,다크호스,경양식,1997-10-30,187507.502548024,447012.966763513,2026-05-06 22:37:11,I,02,폐업,106.7,,,,1,기타,,,,2001-09-28 00:00:00,1994-12-26,106.70,158-860,서울특별시 양천구 신정동 987-3,N,0,3140000-101-1994-02677,,3140000,,,03,폐업,경양식,02-691-9808,,,상수도전용
,,진국수,냉면집,,210758.119119654,443662.956402309,2026-05-06 23:01:43,I,01,영업,23.17,,,,,,,,,2020-11-04 11:45:15,2020-11-04,23.17,138-803,서울특별시 송파구 가락동 78 아이티벤처타워,N,,3230000-101-2020-00729,,3230000,"서울특별시 송파구 중대로 135, 아이티벤처타워 지하1층 116호 (가락동)",05717,01,영업/정상,냉면집,,,,
,,힐링커피,까페,2015-03-11,188670.017544749,446343.907428683,2026-05-06 22:47:13,I,02,폐업,19.8,,,,,,,,,2012-10-24 16:39:47,2012-10-24,19.80,158-852,서울특별시 양천구 신정동 296-36 1층,N,,3140000-101-2012-00275,,3140000,"서울특별시 양천구 신목로 45-1 (신정동, 1층)",08014,03,폐업,까페,,,,
,,베리굿,기타,2017-01-31,185370.275534758,446458.634267281,2026-05-06 22:45:42,I,02,폐업,42.9,,,,,,,,,2012-07-10 09:10:25,2009-07-22,42.90,158-846,서울특별시 양천구 신월동 972-3 1층,N,,3140000-101-2009-00195,,3140000,"서울특별시 양천구 지양로 46-1 (신월동, 1층)",08040,03,폐업,기타,02-2604-6659,,,
,,깐부치킨신정점,통닭(치킨),2016-11-14,185110.894254328,445597.867304429,2026-05-06 22:47:13,I,02,폐업,69.16,,,,,,,,,2016-11-13 13:25:49,2012-11-14,69.16,158-855,"서울특별시 양천구 신정동 784 서남프라자2 102,103호",N,,3140000-101-2012-00290,,3140000,"서울특별시 양천구 신정이펜2로 14, 1층 102,103호 (신정동, 서남프라자2)",08049,03,폐업,통닭(치킨),,,,
,,버틀러파이브레스토랑,경양식,2012-01-16,210523.50205804,445662.84376781,2026-05-06 22:57:25,I,02,폐업,317.35,,,,,,,,,2008-12-16 16:10:38,2008-12-16,317.35,138-830,"서울특별시 송파구 방이동 168-5 지하1층, 지상1층",N,,3230000-101-2008-00450,,3230000,,,03,폐업,경양식,,,,
주택가주변,,실내포장마차,일식,2001-03-26,,,2026-05-06 22:36:48,I,02,폐업,20.48,,,,1,기타,,,,2001-03-26 00:00:00,1993-08-24,20.48,158-862,서울특별시 양천구 신정동 1033-11,N,1,3140000-101-1993-02835,,3140000,,,03,폐업,일식,,,,상수도전용
유흥업소밀집지역,,황제,경양식,1999-09-07,209655.019486327,445703.225013799,2026-05-06 22:55:28,I,02,폐업,165.71,,,,0,자율,,,,2004-09-21 00:00:00,1997-08-21,165.71,138-829,서울특별시 송파구 방이동 70-0,N,0,3230000-101-1997-08296,,3230000,,,03,폐업,경양식,02-424-8689,,,상수도전용
주택가주변,,붐비나분식,한식,2010-10-08,213530.755217299,443967.891673761,2026-05-06 22:55:23,I,02,폐업,26.98,,,,0,우수,,,,2004-09-16 00:00:00,1997-04-14,26.98,138-819,서울특별시 송파구 마천동 200-8,N,0,3230000-101-1997-04487,,3230000,,,03,폐업,한식,02-403-8634,,,상수도전용
주택가주변,,장군식당,한식,1995-10-07,207427.827614876,445257.605592538,2026-05-06 22:54:27,I,02,폐업,30.24,,,,0,기타,,,,2003-07-03 00:00:00,1995-01-07,30.24,138-862,서울특별시 송파구 잠실동 207-2,N,2,3230000-101-1995-11638,,3230000,,,03,폐업,한식,02-413-5208,,,상수도전용
,,초선마라탕,중국식,,188128.609189664,447857.550579904,2026-05-06 22:50:37,I,01,영업,29.07,,,,,,,,,2024-11-01 11:21:41,2020-11-19,29.07,158-818,서울특별시 양천구 목동 777-27,N,,3140000-101-2020-00394,,3140000,"서울특별시 양천구 목동중앙서로 23, 103호 (목동)",07964,01,영업/정상,중국식,,,,
주택가주변,,영광분식,한식,1999-02-12,209757.879105879,444410.804360399,2026-05-06 22:54:03,I,02,폐업,21,,,,2,기타,,,,2004-06-04 00:00:00,1995-06-24,21.00,138-854,서울특별시 송파구 송파동 97-11,N,0,3230000-101-1995-11445,,3230000,,,03,폐업,한식,02-423-9639,,,상수도전용
,,우리캐터링,한식,2010-06-21,206597.102072932,445547.19071847,2026-05-06 22:57:31,I,02,폐업,138.82,,,,,,,,,2010-04-22 11:10:32,2010-04-22,138.82,138-889,서울특별시 송파구 잠실동 10-3 학생체육관 1층,N,,3230000-101-2010-00193,,3230000,,,03,폐업,한식,,,,
주택가주변,,팔레스,한식,2012-01-13,208046.492965406,444958.602690525,2026-05-06 22:55:18,I,02,폐업,47.07,,,,,우수,,,,2012-01-17 15:40:21,1997-11-25,47.07,138-837,서울특별시 송파구 삼전동 17,N,,3230000-101-1997-04234,,3230000,,,03,폐업,한식,02-416-1660,,,상수도전용
,,사생활,경양식,,208110.850666287,444945.737465247,2026-05-06 23:01:55,I,01,영업,69.8,,,,,,,,,2022-06-08 13:31:36,2022-06-08,69.80,138-837,서울특별시 송파구 삼전동 26-1,N,,3230000-101-2022-00363,,3230000,"서울특별시 송파구 백제고분로25길 33, 2층 201호 (삼전동)",05600,01,영업/정상,경양식,,,,
,,떡볶이별,분식,2017-11-07,211017.097645667,442893.310134128,2026-05-06 23:00:26,I,02,폐업,24.76,,,,,,,,,2017-11-07 13:36:57,2014-01-09,24.76,138-825,서울특별시 송파구 문정동 32-14 지상1층 102호,N,,3230000-101-2014-00010,,3230000,"서울특별시 송파구 동남로6길 25, 지상1층 102호 (문정동)",05804,03,폐업,분식,,,,
,,유나인파라곤점,분식,2010-07-29,188895.844080632,447480.979609884,2026-05-06 22:44:34,I,02,폐업,38.67,,,,0,,,,,2009-08-18 17:33:12,2005-03-11,38.67,158-050,서울특별시 양천구 목동 917 파라곤B1F13호,N,0,3140000-101-2005-00066,,3140000,,,03,폐업,분식,02-6092-6969,,,상수도전용
기타,,실내포장마차,분식,1998-05-20,185479.241467885,447816.889376868,2026-05-06 22:37:21,I,02,폐업,15.2,,,,1,기타,,,,2001-09-28 00:00:00,1994-10-06,15.20,158-827,서울특별시 양천구 신월동 115-28,N,0,3140000-101-1994-04271,,3140000,,,03,폐업,분식,02-699-8118,,,상수도전용
주택가주변,,원경식품우리집출장연회,한식,2016-08-22,211264.33,442171.53,2026-05-06 22:54:36,I,02,폐업,189.5,,,,1,기타,,,,2004-09-03 00:00:00,1996-03-15,189.50,138-200,서울특별시 송파구 문정동 80-5,N,2,3230000-101-1996-03672,,3230000,서울특별시 송파구 새말로8길 29-49 (문정동),05810,03,폐업,한식,02-403-4411,,,상수도전용
주택가주변,,황가네 유황오리,한식,,207430.277648308,445306.392082236,2026-05-06 22:51:09,I,01,영업,45.97,,,,0,을,,,,2024-01-08 14:06:20,1994-06-02,45.97,138-862,서울특별시 송파구 잠실동 207-8 지상1층,N,0,3230000-101-1994-06712,,3230000,"서울특별시 송파구 백제고분로9길 52, 지상1층 (잠실동)",05559,01,영업/정상,한식,02-414-9207,,,상수도전용
,,드립앤드롭 sese,까페,2017-07-07,207179.252833147,445135.558908919,2026-05-06 23:00:12,I,02,폐업,45,,,,,,,,,2017-07-07 12:15:06,2013-10-07,45.00,138-863,서울특별시 송파구 잠실동 218-1 지상1층 101호,N,,3230000-101-2013-00412,,3230000,"서울특별시 송파구 석촌호수로12길 41, 지상1층 101호 (잠실동)",05563,03,폐업,까페,,,,
주택가주변,,닭한마리,분식,2007-03-30,185495.478544997,446452.002289166,2026-05-06 22:36:48,I,02,폐업,33.06,,,,1,기타,,,,2001-09-28 00:00:00,1993-07-05,33.06,158-847,서울특별시 양천구 신월동 997-1,N,1,3140000-101-1993-03067,,3140000,,,03,폐업,분식,02-0606-5321,,,상수도전용
,,양평해장국,한식,2024-05-07,211070.817689708,442406.613655497,2026-05-06 23:01:27,I,02,폐업,89,,,,,,,,,2024-05-07 13:18:46,2018-05-15,89.00,138-826,서울특별시 송파구 문정동 67-10,N,,3230000-101-2018-00334,,3230000,"서울특별시 송파구 송파대로14길 19, 1층 (문정동)",05807,03,폐업,한식,,,,
주택가주변,,다미,한식,2011-12-08,208676.708698342,444647.497447563,2026-05-06 22:55:31,I,02,폐업,41.17,,,,,우수,,,,2011-12-12 10:50:50,1997-11-07,41.17,138-842,서울특별시 송파구 석촌동 18-0,N,,3230000-101-1997-10795,,3230000,,,03,폐업,한식,02-416-2377,,,상수도전용
유흥업소밀집지역,,향원,한식,2011-10-20,210037.41926662,445912.253058595,2026-05-06 22:47:08,I,02,폐업,160.65,,,,0,기타,,,,2011-02-25 09:32:56,1987-07-04,160.65,138-828,서울특별시 송파구 방이동 50-9,N,0,3230000-101-1987-07789,,3230000,,,03,폐업,한식,02-431-1484,,,상수도전용
,,블루웨이브커피 송파문정역점,기타,2026-01-06,,,2026-05-06 23:02:06,I,02,폐업,56.58,,,,,,,,,2026-01-06 17:11:18,2024-01-02,56.58,138-888,서울특별시 송파구 문정동 651 문정역테라타워,N,,3230000-101-2024-00003,,3230000,"서울특별시 송파구 송파대로 167, 문정역테라타워 비동 1층 153호 (문정동)",05855,03,폐업,기타,,,,
,,전주식당,한식,1994-07-01,209503.78418775,444592.294796448,2026-05-06 22:50:55,I,02,폐업,0,,,,,,,,,2003-06-11 00:00:00,1993-09-01,,138-847,서울특별시 송파구 석촌동 290-2,N,,3230000-101-1993-16855,,3230000,,,03,폐업,한식,,,,
,,해물손칼국수,한식,2003-06-07,,,2026-05-06 22:43:57,I,02,폐업,23.1,,,,0,,,,,2003-05-07 00:00:00,2003-05-07,23.10,158-842,서울특별시 양천구 신월동 581-1,N,0,3140000-101-2003-00214,,3140000,,,03,폐업,한식,02-2693-0964,,,상수도전용
기타,,장강,중국식,,210447.101833184,443729.024597967,2026-05-06 22:50:44,I,01,영업,56.28,,,,0,기타,,,,2019-08-07 10:47:02,1993-04-03,56.28,138-803,서울특별시 송파구 가락동 82-5 지상1층,N,0,3230000-101-1993-12777,,3230000,"서울특별시 송파구 중대로9길 28, 지상1층 (가락동)",05712,01,영업/정상,중국식,02-401-0370,,,상수도전용
,,깜닭2야,호프/통닭,2013-09-05,207316.302150323,445186.516605461,2026-05-06 22:57:48,I,02,폐업,27,,,,,,,,,2012-06-11 12:01:18,2012-06-11,27.00,138-862,서울특별시 송파구 잠실동 205-23 지상1층,N,,3230000-101-2012-00256,,3230000,"서울특별시 송파구 올림픽로12길 29, 지상1층 (잠실동)",05559,03,폐업,호프/통닭,,,,
,,음식 나라,기타,2023-03-23,209940.074793982,445941.915123517,2026-05-06 23:01:07,I,02,폐업,60,,,,,,,,,2023-03-23 11:00:49,2015-05-18,60.00,138-828,서울특별시 송파구 방이동 48-4 지상1층,N,,3230000-101-2015-00224,,3230000,"서울특별시 송파구 위례성대로2길 15, 지상1층 (방이동)",05545,03,폐업,기타,,,,
,,와!9이닭,호프/통닭,2022-05-02,213088.799278874,443929.359103055,2026-05-06 23:01:50,I,02,폐업,32,,,,,,,,,2022-05-02 11:42:23,2021-11-23,32.00,138-819,서울특별시 송파구 마천동 130-4,N,,3230000-101-2021-00846,,3230000,"서울특별시 송파구 거마로20길 19, 1층 (마천동)",05756,03,폐업,호프/통닭,,,,
,,던킨도너츠 잠실본동점,기타,2025-03-27,207871.472705898,445031.713404435,2026-05-06 23:01:45,I,02,폐업,101.9,,,,,,,,,2025-03-27 09:26:20,2021-02-04,101.90,138-864,서울특별시 송파구 잠실동 242-9 잠실청호빌딩,N,,3230000-101-2021-00097,,3230000,"서울특별시 송파구 석촌호수로 118, 잠실청호빌딩 1층 101호 (잠실동)",05566,03,폐업,기타,02-3431-4661,,,
주택가주변,,도시인,경양식,1997-08-28,210726.59143358,448283.48049141,2026-05-06 22:50:37,I,02,폐업,73.14,,,,1,을,,,,2003-07-01 00:00:00,1993-04-09,73.14,138-873,서울특별시 송파구 풍납동 479-0,N,1,3230000-101-1993-09068,,3230000,,,03,폐업,경양식,02-488-5765,,,상수도전용
,,원천칡냉면,한식,2012-01-13,208099.869636702,444915.050539896,2026-05-06 22:56:56,I,02,폐업,26.4,,,,0,,,,,2012-01-17 15:41:30,2003-10-09,26.40,138-837,서울특별시 송파구 삼전동 26-20,N,0,3230000-101-2003-00636,,3230000,,,03,폐업,한식,,,,
주택가주변,,떡볶이 친구들,분식,1999-12-07,210045.748264305,442930.687284628,2026-05-06 22:55:41,I,02,폐업,17.67,,,,0,우수,,,,2003-07-15 00:00:00,1998-10-13,17.67,138-885,서울특별시 송파구 문정동 150-0 호순이 상가 105,N,0,3230000-101-1998-03947,,3230000,,,03,폐업,분식,02-406-8678,,,상수도전용
기타,,태민양꼬치,기타,,207228.064032028,445314.849448873,2026-05-06 22:56:44,I,01,영업,99,,,,0,기타,,,,2013-05-28 14:16:38,2001-12-29,99.00,138-861,서울특별시 송파구 잠실동 189-7 지상1층,N,0,3230000-101-2001-17116,,3230000,"서울특별시 송파구 백제고분로7길 32-18, 지상1층 (잠실동)",05560,01,영업/정상,기타,02-424-1658,,,
,,고귀한 식탁 송파점,한식,,210171.677611295,445188.503709114,2026-05-06 23:02:20,I,01,영업,42.9,,,,,,,,,2025-11-18 13:58:26,2025-11-18,42.90,138-830,서울특별시 송파구 방이동 124-1,N,,3230000-101-2025-00718,,3230000,"서울특별시 송파구 가락로33길 11, 1층 (방이동)",05643,01,영업/정상,한식,,,,
,,브니엘컴퍼니,기타,,184537.775698672,448098.971433069,2026-05-06 22:49:39,I,01,영업,69.1,,,,,,,,,2022-08-23 11:09:38,2017-12-01,69.10,158-829,서울특별시 양천구 신월동 150-14,N,,3140000-101-2017-00296,,3140000,"서울특별시 양천구 가로공원로56길 27-1, 지상1층 (신월동)",07910,01,영업/정상,기타,,,,
주택가주변,,긴다꼬,분식,2017-02-22,208194.202952444,446000.543751385,2026-05-06 22:46:44,I,02,폐업,28.13,,,,2,지도,,,,2017-03-06 14:08:11,1982-11-07,28.13,138-916,서울특별시 송파구 잠실동 27-2,N,1,3230000-101-1982-05645,,3230000,서울특별시 송파구 잠실로 15 (잠실동),05503,03,폐업,분식,02-412-3856,,,상수도전용
,,해남댁,한식,2014-07-25,213585.288036383,443875.040868477,2026-05-06 22:57:35,I,02,폐업,44.72,,,,,,,,,2014-05-27 17:51:07,2011-02-24,44.72,138-821,서울특별시 송파구 마천동 354-2,N,,3230000-101-2011-00061,,3230000,서울특별시 송파구 성내천로41길 1 (마천동),05749,03,폐업,한식,,,,
,,본죽엔비빔밥 장지동 파운타운점,한식,,211207.386328242,441633.255096118,2026-05-06 23:02:11,I,01,영업,53.66,,,,,,,,,2024-09-05 13:47:07,2024-09-05,53.66,138-888,서울특별시 송파구 장지동 841-6 북일PLAZA,N,,3230000-101-2024-00694,,3230000,"서울특별시 송파구 충민로2길 34, 북일PLAZA 1층 106호 (장지동)",05816,01,영업/정상,한식,,,,
,,사랑방,한식,,185924.507203893,446287.072003477,2026-05-06 22:44:08,I,01,영업,24.62,,,,0,,,,,2008-05-29 11:30:09,2003-11-03,24.62,158-840,서울특별시 양천구 신월동 544-7 1층(수양버들5길 8),N,0,3140000-101-2003-00583,,3140000,"서울특별시 양천구 신월로13길 8 (신월동,1층(수양버들5길 8))",08031,01,영업/정상,한식,02-2607-4653,,,상수도전용
