자동환기여부,건물용도명,사업장명,폐업일자,좌표X,좌표Y,문화사업자구분명,문화체육업종명,편의시설여부,데이터갱신시점,데이터갱신구분,상세영업상태코드,상세영업상태명,비상구여부,비상계단여부,기존게임업외업종명,제작취급품목내용,시설면적,소방시설여부,지상층수,청소년실수,청소년실여부,노래방실수,최종수정시점,인허가취소일자,인허가일자,소재지우편번호,지번주소,조명시설유무,조명시설조도,관리번호,개방자치단체코드,통로너비,제공게임물명,지역구분명,도로명주소,도로명우편번호,영업상태구분코드,영업상태명,방음시설여부,음향시설여부,특수조명여부,주변환경명,휴업시작일자,휴업종료일자,소재지전화번호,총게임기수,총층수,지하층수,비디오재생기명
,근린생활시설,엑스트로,2013-03-31,199748.154305755,451005.66662748,유통관련업,노래연습장업,,2026-05-06 22:37:57,I,03,폐업,,,,,0,,0,,,,2014-05-20 14:36:16,,1992-07-11,,서울특별시 중구 충무로5가 85-2 (지하1),,,CDFF3242051992000001,3010000,,,,"서울특별시 중구 서애로 12-4  (충무로5가,(지하1))",,03,폐업,,,,,,,22634244,,0,0,
N,근린생활시설,25시,2007-04-02,197590.218711428,450602.819271123,유통관련업,노래연습장업,,2026-05-06 22:37:57,I,03,폐업,N,N,,,,,,,N,,2007-04-02 14:32:10,,1992-08-03,100-801,서울특별시 중구 남대문로5가 84-3,,,CDFF3242051992000002,3010000,,,,서울특별시 중구 세종대로 10-1  (남대문로5가),,03,폐업,N,,N,,,,,,,,
N,근린생활시설,샘터,2011-05-04,197497.227122784,450603.604333833,유통관련업,노래연습장업,,2026-05-06 22:37:57,I,03,폐업,N,N,,,,,,,,,2011-05-04 15:05:13,,1992-08-19,,서울특별시 중구 남대문로5가 63-9,,,CDFF3242051992000003,3010000,,,,서울특별시 중구 세종대로 3-1  (남대문로5가),,03,폐업,N,,N,,,,,,,,
N,근린생활시설,국제,2007-12-03,198365.141031036,451631.187645921,유통관련업,노래연습장업,,2026-05-06 22:37:57,I,03,폐업,N,N,,,,,,,N,,2007-12-03 11:24:06,,1992-08-19,100-180,서울특별시 중구 다동 111-0,,,CDFF3242051992000004,3010000,,,,서울특별시 중구 남대문로 109  (다동),,03,폐업,N,,N,,,,,,,,
N,근린생활시설,이도령,2002-03-12,,,유통관련업,노래연습장업,,2026-05-06 22:37:57,I,03,폐업,N,N,,,,,,,N,,2003-08-01 15:00:43,,1992-09-04,100-858,서울특별시 중구 중림동 128-20,,,CDFF3242051992000005,3010000,,,,,,03,폐업,N,,N,,,,,,,,
,근린생활시설,비엔나노래방,2003-01-16,197885.418380677,451144.221659626,유통관련업,노래연습장업,,2026-05-06 22:37:57,I,03,폐업,,,,,0,,0,,,,2003-02-11 18:21:03,,1992-09-04,100-864,서울특별시 중구 태평로2가 69-6,,,CDFF3242051992000006,3010000,,,,서울특별시 중구 세종대로 72-1  (태평로2가),,03,폐업,,,,,,,,,0,0,
N,근린생활시설,스타,2006-03-29,197185.873726348,450597.615172744,유통관련업,노래연습장업,,2026-05-06 22:37:57,I,03,폐업,N,N,,,,,,,N,,2006-03-29 14:34:46,,1992-09-07,100-858,서울특별시 중구 중림동 129-35,,,CDFF3242051992000007,3010000,,,,서울특별시 중구 청파로 425-2  (중림동),,03,폐업,N,,N,,,,,,,,
,근린생활시설,신사,2002-09-30,198313.414223281,451644.88450269,유통관련업,노래연습장업,,2026-05-06 22:37:57,I,03,폐업,,,,,0,,0,,,,2003-02-11 18:21:03,,1992-09-22,100-180,서울특별시 중구 다동 121-3,,,CDFF3242051992000008,3010000,,,,서울특별시 중구 을지로3길 22  (다동),,03,폐업,,,,,,,,,0,0,
,근린생활시설,도레미,2002-05-24,199226.682502131,451440.249193917,유통관련업,노래연습장업,,2026-05-06 22:37:58,I,03,폐업,,,,,0,,0,,,,2003-02-11 18:21:03,,1992-10-20,100-846,서울특별시 중구 을지로3가 302-3,,,CDFF3242051992000009,3010000,,,,,,03,폐업,,,,,,,,,0,0,
N,근린생활시설,명동,2018-07-31,198683.763972494,450802.601253044,유통관련업,노래연습장업,,2026-05-06 22:37:58,I,03,폐업,N,N,,,,,,,N,,2018-07-31 11:23:12,,1992-10-30,100-042,서울특별시 중구 남산동2가 14-9,,,CDFF3242051992000010,3010000,,,,서울특별시 중구 퇴계로20길 15  (남산동2가),,03,폐업,N,,N,,,,,,,,
N,근린생활시설,오백량,2024-09-23,200089.378517915,451456.165776841,유통관련업,노래연습장업,,2026-05-06 22:37:58,I,03,폐업,N,N,,,66,,,,,2,2024-09-23 14:33:54,,1992-10-30,,서울특별시 중구 오장동 139-16 지상,,,CDFF3242051992000011,3010000,,,,서울특별시 중구 동호로33길 5 (오장동),04547,03,폐업,N,,N,,,,22679842,,,,
,근린생활시설,풍전,2000-09-06,200599.970871517,451673.28577991,유통관련업,노래연습장업,,2026-05-06 22:37:58,I,03,폐업,,,,,0,,,,,,2003-02-11 18:21:03,,1992-10-30,100-851,서울특별시 중구 을지로6가 18-82,,,CDFF3242051992000012,3010000,,,,서울특별시 중구 장충단로 249-28  (을지로6가),,03,폐업,,,,,,,,,,,
,근린생활시설,뉴스타,2002-06-05,200168.83910333,451476.043044703,유통관련업,노래연습장업,,2026-05-06 22:37:58,I,03,폐업,,,,,0,,0,,,,2003-02-11 18:21:03,,1992-10-30,100-195,서울특별시 중구 을지로5가 275-6,,,CDFF3242051992000013,3010000,,,,서울특별시 중구 동호로 350  (을지로5가),,03,폐업,,,,,,,,,0,0,
N,근린생활시설,수향,2018-01-02,199327.268552357,451427.992439409,유통관련업,노래연습장업,,2026-05-06 22:37:58,I,03,폐업,N,N,,,,,,,,1,2018-01-02 14:28:28,,1992-11-04,,서울특별시 중구 초동 17-2,,,CDFF3242051992000014,3010000,,,,서울특별시 중구 충무로4길 5 (초동),,03,폐업,N,,N,,,,22670928,,,,
N,근린생활시설,앵콜,2000-01-21,,,유통관련업,노래연습장업,,2026-05-06 22:37:58,I,03,폐업,N,N,,,,,,,N,,2003-08-01 15:06:27,,1992-11-06,100-372,서울특별시 중구 만리동2가 281-4,,,CDFF3242051992000015,3010000,,,,,,03,폐업,N,,N,,,,,,,,
,근린생활시설,로저스,2001-05-21,197853.343639727,451355.334644857,유통관련업,노래연습장업,,2026-05-06 22:37:58,I,03,폐업,,,,,0,,,,,,2003-02-11 18:21:03,,1992-11-06,100-102,서울특별시 중구 태평로2가 362-1,,,CDFF3242051992000016,3010000,,,,서울특별시 중구 세종대로 89  (태평로2가),,03,폐업,,,,,,,,,,,
,,오성노래방,2000-07-26,199440.775843514,451139.899233354,유통관련업,노래연습장업,,2026-05-06 22:37:58,I,03,폐업,,,,,0,,0,,,,2003-02-11 18:21:03,,1992-11-11,100-863,서울특별시 중구 충무로4가 15-20,,,CDFF3242051992000017,3010000,,,,,,03,폐업,,,,,,,,,0,0,
,근린생활시설,앵콜,2002-05-20,,,유통관련업,노래연습장업,,2026-05-06 22:37:59,I,03,폐업,,,,,0,,0,,,,2003-02-11 18:21:03,,1992-11-11,100-013,서울특별시 중구 충무로3가 33-4,,,CDFF3242051992000018,3010000,,,,,,03,폐업,,,,,,,,,0,0,
N,근린생활시설,훼미리노래연습장,2004-05-11,200476.212541876,451513.211845104,유통관련업,노래연습장업,,2026-05-06 22:37:59,I,03,폐업,N,N,,,,,,,N,,2004-05-13 09:18:49,,1992-11-11,100-196,서울특별시 중구 을지로6가 23-3,,,CDFF3242051992000019,3010000,,,,서울특별시 중구 을지로44길 6-8  (을지로6가),,03,폐업,N,,N,,,,22770601,,,,
,근린생활시설,왕실,2011-07-18,201984.400543222,451904.582781684,유통관련업,노래연습장업,,2026-05-06 22:37:59,I,03,폐업,,,,,0,,,,,,2011-07-18 16:05:01,,1992-11-12,,서울특별시 중구 황학동 1678,,,CDFF3242051992000020,3010000,,,,서울특별시 중구 난계로 199  (황학동),,03,폐업,,,,,,,,,,,
,근린생활시설,오백냥노래방,2002-08-20,201636.760572383,452008.928365747,유통관련업,노래연습장업,,2026-05-06 22:37:59,I,03,폐업,,,,,0,,0,,,,2003-02-11 18:21:03,,1992-11-12,100-868,서울특별시 중구 황학동 4-0,,,CDFF3242051992000021,3010000,,,,서울특별시 중구 마장로9길 45  (황학동),,03,폐업,,,,,,,,,0,0,
,근린생활시설,멜로디,2002-10-24,201557.139555615,451515.124712694,유통관련업,노래연습장업,,2026-05-06 22:37:59,I,03,폐업,,,,,0,,0,,,,2003-02-11 18:21:03,,1992-11-12,100-869,서울특별시 중구 황학동 740-0,,,CDFF3242051992000022,3010000,,,,,,03,폐업,,,,,,,,,0,0,
,근린생활시설,주희노래연습장,2002-08-19,201237.097980528,451217.38904764,유통관련업,노래연습장업,,2026-05-06 22:38:00,I,03,폐업,,,,,0,,0,,,,2003-02-11 18:21:03,,1992-11-12,100-450,서울특별시 중구 신당동 302-4,,,CDFF3242051992000023,3010000,,,,,,03,폐업,,,,,,,,,0,0,
,근린생활시설,앗싸,1999-11-11,201780.706901894,451627.47879791,유통관련업,노래연습장업,,2026-05-06 22:38:00,I,03,폐업,,,,,0,,,,,,2003-02-11 18:21:03,,1992-11-12,100-869,서울특별시 중구 황학동 583-0,,,CDFF3242051992000027,3010000,,,,서울특별시 중구 퇴계로87길 29-2  (황학동),,03,폐업,,,,,,,,,,,
,근린생활시설,쉬리노래방,2001-04-24,,,유통관련업,노래연습장업,,2026-05-06 22:38:00,I,03,폐업,,,,,0,,0,,,,2003-02-11 18:21:03,,1992-11-20,100-031,서울특별시 중구 저동1가 90-5,,,CDFF3242051992000028,3010000,,,,서울특별시 중구 명동길 93  (저동1가),,03,폐업,,,,,,,,,0,0,
,근린생활시설,충무,2001-11-20,199465.031468831,451099.72660702,유통관련업,노래연습장업,,2026-05-06 22:38:00,I,03,폐업,,,,,0,,,,,,2003-02-11 18:21:03,,1992-11-20,100-862,서울특별시 중구 충무로4가 133-20,,,CDFF3242051992000029,3010000,,,,서울특별시 중구 충무로2길 32-6  (충무로4가),,03,폐업,,,,,,,,,,,
,근린생활시설,정진,2001-05-04,198507.410787923,451209.663028288,유통관련업,노래연습장업,,2026-05-06 22:38:00,I,03,폐업,,,,,0,,,,,,2003-02-11 18:21:03,,1992-11-20,100-810,서울특별시 중구 명동2가 54-12,,,CDFF3242051992000030,3010000,,,,서울특별시 중구 명동8길 8-13  (명동2가),,03,폐업,,,,,,,,,,,
N,근린생활시설,라이브,2005-12-19,,,유통관련업,노래연습장업,,2026-05-06 22:38:00,I,03,폐업,N,N,,,,,,,N,,2005-12-19 09:56:40,,1992-11-20,100-196,서울특별시 중구 을지로6가 21-13,,,CDFF3242051992000031,3010000,,,,,,03,폐업,N,,N,,,,22751323,,,,
,근린생활시설,수정노래방,2001-12-26,198692.530154841,450764.64316498,유통관련업,노래연습장업,,2026-05-06 22:38:00,I,03,폐업,,,,,0,,0,,,,2003-02-11 18:21:03,,1992-11-20,100-042,서울특별시 중구 남산동2가 15-12,,,CDFF3242051992000032,3010000,,,,서울특별시 중구 퇴계로20길 23  (남산동2가),,03,폐업,,,,,,,,,0,0,
,근린생활시설,상일,2001-08-28,197945.375546939,450937.105829865,유통관련업,노래연습장업,,2026-05-06 22:38:15,I,03,폐업,,,,,0,,0,,,,2003-02-11 18:21:03,,1998-09-24,100-094,서울특별시 중구 남대문로4가 3-13,,,CDFF3242051998000014,3010000,,,,서울특별시 중구 남대문로 16  (남대문로4가),,03,폐업,,,,,,,,,0,0,
,근린생활시설,아리랑,2000-01-02,196792.629308816,450805.491060602,유통관련업,노래연습장업,,2026-05-06 22:38:16,I,03,폐업,,,,,0,,,,,,2003-02-11 18:21:03,,1998-09-24,100-859,서울특별시 중구 중림동 610-0,,,CDFF3242051998000015,3010000,,,,서울특별시 중구 서소문로 22  (중림동),,03,폐업,,,,,,,,,,,
,근린생활시설,월드,2001-08-31,198364.631775078,450975.950410804,유통관련업,노래연습장업,,2026-05-06 22:38:17,I,03,폐업,,,,,0,,,,,,2003-02-11 18:21:03,,1998-09-30,100-011,서울특별시 중구 충무로1가 25-8,,,CDFF3242051998000016,3010000,,,,서울특별시 중구 명동8나길 47  (충무로1가),,03,폐업,,,,,,,,,,,
N,근린생활시설,황제노래방,2006-04-10,200513.524528228,451579.099838143,유통관련업,노래연습장업,,2026-05-06 22:38:19,I,03,폐업,N,N,,,,,,,N,,2006-04-10 17:49:36,,1998-10-29,100-851,서울특별시 중구 을지로6가 18-130,,,CDFF3242051998000018,3010000,,,,서울특별시 중구 을지로 255  (을지로6가),,03,폐업,N,,N,,,,,,,,
,근린생활시설,걸어서하늘까지,2001-10-24,201568.050961773,451715.548489524,유통관련업,노래연습장업,,2026-05-06 22:38:19,I,03,폐업,,,,,0,,,,,,2003-02-11 18:21:03,,1998-10-30,100-868,서울특별시 중구 황학동 207-0,,,CDFF3242051998000019,3010000,,,,서울특별시 중구 퇴계로83길 46-4  (황학동),,03,폐업,,,,,,,,,,,
N,근린생활시설,원,2006-01-04,199196.688780377,451192.898035114,유통관련업,노래연습장업,,2026-05-06 22:38:20,I,03,폐업,N,N,,,,,,,N,,2006-01-04 12:03:37,,1998-11-11,100-013,서울특별시 중구 충무로3가 25-3,,,CDFF3242051998000021,3010000,,,,서울특별시 중구 수표로6길 23  (충무로3가),,03,폐업,N,,N,,,,,,,,
,근린생활시설,코러스노래방,2016-01-31,199167.09211882,451211.755399833,유통관련업,노래연습장업,,2026-05-06 22:38:20,I,03,폐업,,,,,0,,0,,,5,2016-02-02 10:46:32,,1998-11-12,,서울특별시 중구 충무로3가 23-3,,,CDFF3242051998000022,3010000,,,,서울특별시 중구 퇴계로27길 42 (충무로3가),,03,폐업,,,,,,,,,0,0,
N,근린생활시설,코러스,2002-03-14,197976.601784333,451071.384462518,유통관련업,노래연습장업,,2026-05-06 22:38:20,I,03,폐업,N,N,,,,,,,N,,2003-08-01 15:33:51,,1998-11-17,100-080,서울특별시 중구 북창동 104-2 연소자실 무,,,CDFF3242051998000023,3010000,,,,"서울특별시 중구 세종대로12길 27  (북창동,연소자실 무)",,03,폐업,N,,N,,,,,,,,
,,팡팡,2002-05-21,198635.542422535,451260.914398931,유통관련업,노래연습장업,,2026-05-06 22:38:20,I,03,폐업,,,,,0,,0,,,,2003-02-11 18:21:03,,1998-11-23,100-809,서울특별시 중구 명동2가 2-2,,,CDFF3242051998000024,3010000,,,,,,03,폐업,,,,,,,,,0,0,
N,근린생활시설,황학,2008-02-04,201993.235429752,451685.79914837,유통관련업,노래연습장업,,2026-05-06 22:38:21,I,03,폐업,N,N,,,,,,,N,,2008-02-04 16:38:30,,1998-11-30,100-870,서울특별시 중구 황학동 1093-0,,,CDFF3242051998000025,3010000,,,,서울특별시 중구 난계로 177  (황학동),,03,폐업,N,,N,,,,22353832,,,,
N,근린생활시설,테마,2015-09-10,,,유통관련업,노래연습장업,,2026-05-06 22:38:21,I,03,폐업,N,N,,,69.3,,,,Y,1,2015-09-10 13:04:54,,1998-12-10,,서울특별시 중구 만리동2가 12-39,,,CDFF3242051998000026,3010000,,,,서울특별시 중구 손기정로 120 (만리동2가),04501,03,폐업,N,,N,,,,,,,,
N,근린생활시설,다정,2016-02-25,201597.33589429,451219.326465499,유통관련업,노래연습장업,,2026-05-06 22:38:21,I,03,폐업,N,N,,,137.25,,,,N,,2016-02-25 14:50:27,,1998-12-16,,서울특별시 중구 신당동 52-19,,,CDFF3242051998000027,3010000,,,,서울특별시 중구 다산로40길 52  (신당동),,03,폐업,N,,N,,,,22360435,,,,
,근린생활시설,일등,2001-11-26,201793.706676985,451714.112812451,유통관련업,노래연습장업,,2026-05-06 22:38:21,I,03,폐업,,,,,0,,,,,,2003-02-11 18:21:03,,1998-12-28,100-870,서울특별시 중구 황학동 1211-0,,,CDFF3242051998000028,3010000,,,,서울특별시 중구 마장로14길 14  (황학동),,03,폐업,,,,,,,,,,,
,근린생활시설,짱,2009-04-06,,,유통관련업,노래연습장업,,2026-05-06 22:38:21,I,03,폐업,,,,,0,,0,,,,2009-04-06 15:37:59,,1999-01-04,100-828,서울특별시 중구 신당동 360-30,,,CDFF3242051999000001,3010000,,,,,,03,폐업,,,,,,,,,0,0,
,근린생활시설,로얄,2000-02-22,200975.980500293,450412.23488649,유통관련업,노래연습장업,,2026-05-06 22:38:21,I,03,폐업,,,,,0,,,,,,2003-02-11 18:21:03,,1999-01-25,100-893,서울특별시 중구 신당동 370-17,,,CDFF3242051999000003,3010000,,,,서울특별시 중구 다산로14길 6  (신당동),,03,폐업,,,,,,,,,,,
N,근린생활시설,신나라노래방,2004-01-06,198264.78394422,451746.92183856,유통관련업,노래연습장업,,2026-05-06 22:38:21,I,03,폐업,N,N,,,,,,,N,,2004-01-06 16:53:09,,1999-01-26,100-180,서울특별시 중구 다동 58-1 지상3층,,,CDFF3242051999000004,3010000,,,,"서울특별시 중구 다동길 33  (다동,지상3층)",,03,폐업,N,,N,,,,,,,,
N,근린생활시설,팡팡노래방,2003-11-07,,,유통관련업,노래연습장업,,2026-05-06 22:38:21,I,03,폐업,N,N,,,,,,,N,,2003-12-11 17:04:43,,1999-01-26,100-872,서울특별시 중구 회현동1가 25-0,,,CDFF3242051999000005,3010000,,,,,,03,폐업,N,,N,,,,,,,,
,,금강노래방,2001-11-07,201601.786168123,451508.736898235,유통관련업,노래연습장업,,2026-05-06 22:38:21,I,03,폐업,,,,,0,,0,,,,2003-02-11 18:21:03,,1999-03-04,100-869,서울특별시 중구 황학동 738-0,,,CDFF3242051999000006,3010000,,,,서울특별시 중구 퇴계로 423-10  (황학동),,03,폐업,,,,,,,,,0,0,
,근린생활시설,25시,2000-03-08,198248.358043017,451273.786693107,유통관련업,노래연습장업,,2026-05-06 22:38:22,I,03,폐업,,,,,0,,,,,,2003-02-11 18:21:03,,1999-04-23,100-070,서울특별시 중구 소공동 24-0,,,CDFF3242051999000007,3010000,,,,서울특별시 중구 남대문로7길 11-4  (소공동),,03,폐업,,,,,,,,,,,
,근린생활시설,회현 노래연습장,2020-03-20,198163.933158159,450720.610503887,유통관련업,노래연습장업,,2026-05-06 22:38:22,I,03,폐업,,,,,59.16,,0,,,4,2020-03-20 18:06:23,,1999-05-06,,서울특별시 중구 회현동1가 95-0,,,CDFF3242051999000008,3010000,,,,서울특별시 중구 퇴계로8길 11 (회현동1가),,03,폐업,,,,,,,,,0,0,
N,,삐삐,2003-12-18,200467.036922422,450862.383776145,유통관련업,노래연습장업,,2026-05-06 22:38:22,I,03,폐업,N,N,,,,,,,N,,2003-12-19 16:13:08,,1999-06-17,100-391,서울특별시 중구 장충동1가 62-23,,,CDFF3242051999000009,3010000,,,,서울특별시 중구 장충단로 170-5  (장충동1가),,03,폐업,N,,N,,,,,,,,
,,사월과오월노래방,2001-12-24,197590.751079069,451204.793161851,유통관련업,노래연습장업,,2026-05-06 22:38:22,I,03,폐업,,,,,0,,0,,,,2003-02-11 18:21:03,,1999-06-17,100-813,서울특별시 중구 서소문동 48-2,,,CDFF3242051999000010,3010000,,,,서울특별시 중구 서소문로 113  (서소문동),,03,폐업,,,,,,,,,0,0,
,,남산골,1999-11-20,,,유통관련업,노래연습장업,,2026-05-06 22:38:22,I,03,폐업,,,,,0,,0,,,,2003-02-11 18:21:03,,1999-06-17,100-272,서울특별시 중구 필동2가 13-2,,,CDFF3242051999000011,3010000,,,,,,03,폐업,,,,,,,,,0,0,
,근린생활시설,노래방,2002-05-20,,,유통관련업,노래연습장업,,2026-05-06 22:38:22,I,03,폐업,,,,,0,,0,,,,2003-02-11 18:21:03,,1999-06-21,100-851,서울특별시 중구 을지로6가 18-105 2층,,,CDFF3242051999000012,3010000,,,,,,03,폐업,,,,,,,,,0,0,
N,,라이브노래방,2007-05-31,,,유통관련업,노래연습장업,,2026-05-06 22:38:22,I,03,폐업,N,N,,,,,,,N,,2007-06-01 09:46:28,,1999-06-26,100-845,서울특별시 중구 을지로2가 148-4,,,CDFF3242051999000013,3010000,,,,,,03,폐업,N,,N,,,,,,,,
,,쉼터노래방,2002-05-08,199341.000164159,451166.066255432,유통관련업,노래연습장업,,2026-05-06 22:38:22,I,03,폐업,,,,,0,,0,,,,2003-02-11 18:21:03,,1999-07-24,100-013,서울특별시 중구 충무로3가 34-7,,,CDFF3242051999000017,3010000,,,,서울특별시 중구 마른내로4길 36  (충무로3가),,03,폐업,,,,,,,,,0,0,
N,,도레미노래연습장,2005-03-16,200501.081144237,451381.522843918,유통관련업,노래연습장업,,2026-05-06 22:38:22,I,03,폐업,N,N,,,,,,,N,,2005-03-16 17:10:08,,1999-08-09,100-411,서울특별시 중구 광희동1가 188-5,,,CDFF3242051999000018,3010000,,,,서울특별시 중구 을지로44길 31  (광희동1가),,03,폐업,N,,N,,,,,,,,
N,,은하수,2017-10-31,200866.432666263,450359.073833068,유통관련업,노래연습장업,,2026-05-06 22:38:22,I,03,폐업,N,N,,,,,,1,Y,6,2017-10-31 13:42:09,,1999-08-18,,서울특별시 중구 신당동 374-16,,,CDFF3242051999000019,3010000,,,,서울특별시 중구 동호로12길 6  (신당동),,03,폐업,N,,N,,,,22343675,,,,
N,,원투쓰리,2012-04-06,199203.727440488,451223.196586402,유통관련업,노래연습장업,,2026-05-06 22:38:23,I,03,폐업,N,N,,,,,,,N,,2012-04-06 17:46:46,,1999-09-17,100-300,서울특별시 중구 초동 53-20 3층,,,CDFF3242051999000022,3010000,,,,"서울특별시 중구 마른내로2길 25-1  (초동,3층)",,03,폐업,N,,N,,,,,,,,
,,엘리트,2002-05-23,198231.803123177,451689.82230863,유통관련업,노래연습장업,,2026-05-06 22:38:23,I,03,폐업,,,,,0,,0,,,,2003-02-11 18:21:03,,1999-09-29,100-180,서울특별시 중구 다동 134-1,,,CDFF3242051999000023,3010000,,,,서울특별시 중구 다동길 24-3  (다동),,03,폐업,,,,,,,,,0,0,
,,오랜지노래방,2018-01-11,201322.313559969,451337.191628788,유통관련업,노래연습장업,,2026-05-06 22:38:23,I,03,폐업,,,,,0,,0,,,5,2018-01-11 15:20:22,,1999-10-12,,서울특별시 중구 무학동 9-1,,,CDFF3242051999000024,3010000,,,,서울특별시 중구 다산로 237 (무학동),,03,폐업,,,,,,,22345323,,0,0,
N,,엘리,2008-05-01,198623.259036893,451217.179214118,유통관련업,노래연습장업,,2026-05-06 22:38:23,I,03,폐업,N,N,,,,,,,N,,2008-05-01 14:57:43,,1999-11-01,100-809,"서울특별시 중구 명동2가 32-1 지상 2,3,4층",,,CDFF3242051999000026,3010000,,,,"서울특별시 중구 명동10길 14  (명동2가,지상 2,3,4층)",,03,폐업,N,,N,,,,,,,,
,,오케이노래방,2002-01-29,198711.004408276,450729.70372038,유통관련업,노래연습장업,,2026-05-06 22:38:23,I,03,폐업,,,,,0,,0,,,,2003-02-11 18:21:03,,1999-11-08,100-042,서울특별시 중구 남산동2가 18-9 지상2층,,,CDFF3242051999000027,3010000,,,,"서울특별시 중구 퇴계로20길 31  (남산동2가,지상2층)",,03,폐업,,,,,,,,,0,0,
N,근린생활시설,다동,2008-10-21,198288.052774664,451619.866104459,유통관련업,노래연습장업,,2026-05-06 22:38:23,I,03,폐업,N,N,,,,,,,N,,2008-10-21 15:12:04,,1999-12-03,100-180,서울특별시 중구 다동 144-0,,,CDFF3242051999000028,3010000,,,,서울특별시 중구 남대문로9길 20  (다동),,03,폐업,N,,N,,,,,,,,
,,보스노래방,2002-03-15,200957.561612896,450419.355696277,유통관련업,노래연습장업,,2026-05-06 22:38:23,I,03,폐업,,,,,0,,0,,,,2003-02-11 18:21:03,,1999-12-10,100-841,서울특별시 중구 신당동 369-76,,,CDFF3242051999000029,3010000,,,,서울특별시 중구 다산로 138  (신당동),,03,폐업,,,,,,,,,0,0,
N,,뉴에스비에스,2010-01-25,201358.65484088,451258.777949759,유통관련업,노래연습장업,,2026-05-06 22:38:23,I,03,폐업,N,N,,,,,,,,,2010-01-25 16:51:49,,1999-12-13,,서울특별시 중구 신당동 102-5,,,CDFF3242051999000030,3010000,,,,서울특별시 중구 다산로 232  (신당동),,03,폐업,N,,N,,,,22332929,,,,
N,,미보라,2017-04-13,201525.161121474,451401.193490914,유통관련업,노래연습장업,,2026-05-06 22:38:23,I,03,폐업,N,N,,,197.7,,,1,Y,6,2017-04-13 17:33:47,,1999-12-22,,서울특별시 중구 신당동 121-1,,,CDFF3242051999000031,3010000,,,,서울특별시 중구 다산로44길 20 (신당동),,03,폐업,N,,N,,,,,,,,
,,뮤지콤노래방,2021-05-11,201136.842435999,451370.452423103,유통관련업,노래연습장업,,2026-05-06 22:38:23,I,03,폐업,,,,,0,,0,,,3,2021-05-11 17:05:42,,1999-12-24,,서울특별시 중구 신당동 305-1,,,CDFF3242051999000032,3010000,,,,서울특별시 중구 다산로33다길 42 (신당동),,03,폐업,,,,,,,,,0,0,
N,,곰,2007-12-26,201262.196640351,451300.416976196,유통관련업,노래연습장업,,2026-05-06 22:38:23,I,03,폐업,N,N,,,,,,,N,,2007-12-26 13:24:03,,1999-12-28,100-420,서울특별시 중구 무학동 41,,,CDFF3242051999000033,3010000,,,,서울특별시 중구 다산로39길 11-9  (무학동),,03,폐업,N,,N,,,,,,,,
N,,한강,2008-10-08,200505.107132432,451510.421498493,유통관련업,노래연습장업,,2026-05-06 22:38:23,I,03,폐업,N,N,,,206.94,,2,,N,,2008-10-08 10:24:59,,2000-01-13,100-196,서울특별시 중구 을지로6가 23-26 지상2층,,,CDFF3242052000000001,3010000,,,,"서울특별시 중구 을지로44길 6  (을지로6가,지상2층)",,03,폐업,N,,N,,,,22693031,,,,
,,칼튼,2000-06-13,199134.917472391,451720.261991441,유통관련업,노래연습장업,,2026-05-06 22:38:23,I,03,폐업,,,,,0,,0,,,,2003-02-11 18:21:03,,2000-01-14,100-854,서울특별시 중구 입정동 263-1,,,CDFF3242052000000002,3010000,,,,서울특별시 중구 을지로11길 30  (입정동),,03,폐업,,,,,,,,,0,0,
,,카네기노래연습장,2000-07-14,199236.802725803,451256.554154233,유통관련업,노래연습장업,,2026-05-06 22:38:23,I,03,폐업,,,,,0,,0,,,,2003-02-11 18:21:03,,2000-02-07,100-300,서울특별시 중구 초동 55-0,,,CDFF3242052000000003,3010000,,,,서울특별시 중구 마른내로2길 17  (초동),,03,폐업,,,,,,,,,0,0,
,,25시노래방,2001-03-13,,,유통관련업,노래연습장업,,2026-05-06 22:38:23,I,03,폐업,,,,,0,,0,,,,2003-02-11 18:21:03,,2000-02-07,100-196,서울특별시 중구 을지로6가 618-35,,,CDFF3242052000000004,3010000,,,,,,03,폐업,,,,,,,,,0,0,
N,,백상노래연습장,2019-09-19,200004.42690254,450989.342540076,유통관련업,노래연습장업,,2026-05-06 22:38:24,I,03,폐업,N,N,,,147.52,,,,Y,,2019-09-19 16:03:55,,2000-04-01,,서울특별시 중구 묵정동 29-32 지하1층,,,CDFF3242052000000005,3010000,,,,"서울특별시 중구 서애로1길 49 (묵정동,지하1층)",,03,폐업,N,,N,,,,22852940,,,,
,,뉴욕뉴욕(1),2002-12-24,199207.364560799,451630.379457488,유통관련업,노래연습장업,,2026-05-06 22:38:24,I,03,폐업,,,,,0,,0,,,,2003-02-11 18:21:03,,2000-05-09,100-846,서울특별시 중구 을지로3가 95-5,,,CDFF3242052000000006,3010000,,,,서울특별시 중구 충무로9길 12  (을지로3가),,03,폐업,,,,,,,,,0,0,
,,뉴욕뉴욕(2),2002-12-24,199207.364560799,451630.379457488,유통관련업,노래연습장업,,2026-05-06 22:38:24,I,03,폐업,,,,,0,,0,,,,2003-02-11 18:21:03,,2000-05-09,100-846,서울특별시 중구 을지로3가 95-5,,,CDFF3242052000000007,3010000,,,,서울특별시 중구 충무로9길 12  (을지로3가),,03,폐업,,,,,,,,,0,0,
,,화원노래방,2002-10-09,200248.483578804,451534.22476882,유통관련업,노래연습장업,,2026-05-06 22:38:24,I,03,폐업,,,,,0,,0,,,,2003-02-11 18:21:03,,2000-05-16,100-195,서울특별시 중구 을지로5가 79-1,,,CDFF3242052000000008,3010000,,,,서울특별시 중구 을지로38길 14  (을지로5가),,03,폐업,,,,,,,,,0,0,
N,,팡팡노래방,2004-10-19,,,유통관련업,노래연습장업,,2026-05-06 22:38:24,I,03,폐업,N,N,,,,,,,N,,2004-10-19 17:51:24,,2000-05-20,100-411,서울특별시 중구 광희동1가 182-3,,,CDFF3242052000000009,3010000,,,,,,03,폐업,N,,N,,,,,,,,
,,칼라,2001-08-09,,,유통관련업,노래연습장업,,2026-05-06 22:38:24,I,03,폐업,,,,,0,,0,,,,2003-02-11 18:21:03,,2000-06-16,100-372,서울특별시 중구 만리동2가 226-1,,,CDFF3242052000000010,3010000,,,,서울특별시 중구 만리재로 143  (만리동2가),,03,폐업,,,,,,,,,0,0,
N,,오디션노래연습장,2014-01-02,198670.8463656,451001.187885886,유통관련업,노래연습장업,,2026-05-06 22:38:24,I,03,폐업,N,N,,,32.9,,,,N,,2014-04-07 11:42:34,,2000-08-05,100-861,서울특별시 중구 충무로2가 65-5 지하1층,,,CDFF3242052000000012,3010000,,,,"서울특별시 중구 명동10길 58  (충무로2가,지하1층)",,03,폐업,N,,N,,,,,,,,
,,오디션,2000-12-21,201608.830135114,451138.904767231,유통관련업,노래연습장업,,2026-05-06 22:38:24,I,03,폐업,,,,,0,,0,,,,2003-02-11 18:21:03,,2000-11-01,100-450,서울특별시 중구 신당동 52-4,,,CDFF3242052000000015,3010000,,,,서울특별시 중구 퇴계로86길 69  (신당동),,03,폐업,,,,,,,,,0,0,
N,,타임,2005-08-12,198074.864366615,450728.991762096,유통관련업,노래연습장업,,2026-05-06 22:38:24,I,03,폐업,N,N,,,,,,,N,,2005-08-12 16:20:14,,2000-12-07,100-874,서울특별시 중구 회현동1가 194-53,,,CDFF3242052000000017,3010000,,,,서울특별시 중구 퇴계로 60  (회현동1가),,03,폐업,N,,N,,,,,,,,
N,,엔젤,2005-02-18,198637.80503544,451230.649870589,유통관련업,노래연습장업,,2026-05-06 22:38:24,I,03,폐업,N,N,,,,,,,N,,2005-02-18 12:46:44,,2001-01-13,100-809,서울특별시 중구 명동2가 3-1,,,CDFF3242052001000001,3010000,,,,,,03,폐업,N,,N,,,,,,,,
N,,자유공간,2003-09-20,198583.645844751,451071.071908407,유통관련업,노래연습장업,,2026-05-06 22:38:24,I,03,폐업,N,N,,,,,,,N,,2003-09-22 17:10:32,,2001-04-16,100-011,서울특별시 중구 충무로1가 23-5,,,CDFF3242052001000002,3010000,,,,서울특별시 중구 명동8길 40  (충무로1가),,03,폐업,N,,N,,,,,,,,
N,,한맥,2004-10-06,199352.432492448,451134.701403015,유통관련업,노래연습장업,,2026-05-06 22:38:24,I,03,폐업,N,N,,,,,,,N,,2004-10-08 13:54:52,,2001-06-15,100-013,서울특별시 중구 충무로3가 35-3,,,CDFF3242052001000003,3010000,,,,서울특별시 중구 충무로2길 6  (충무로3가),,03,폐업,N,,N,,,,,,,,
N,,한맥,2004-10-05,199347.436688883,451135.337272212,유통관련업,노래연습장업,,2026-05-06 22:38:24,I,03,폐업,N,N,,,,,,,N,,2004-10-08 13:56:06,,2001-06-15,100-013,서울특별시 중구 충무로3가 36-1,,,CDFF3242052001000004,3010000,,,,서울특별시 중구 충무로2길 6  (충무로3가),,03,폐업,N,,N,,,,,,,,
N,,티파니,2005-04-25,201122.367456393,451683.273043255,유통관련업,노래연습장업,,2026-05-06 22:38:24,I,03,폐업,N,N,,,,,,,N,,2005-04-25 17:13:48,,2001-06-28,100-822,서울특별시 중구 신당동 199-17,,,CDFF3242052001000005,3010000,,,,서울특별시 중구 퇴계로73길 51  (신당동),,03,폐업,N,,N,,,,,,,,
N,,황궁,2003-10-13,198031.736718493,451030.125641374,유통관련업,노래연습장업,,2026-05-06 22:38:24,I,03,폐업,N,N,,,,,,,N,,2003-12-11 17:10:32,,2001-07-20,100-080,서울특별시 중구 북창동 129-1,,,CDFF3242052001000006,3010000,,,,,,03,폐업,N,,N,,,,,,,,
N,,CNN,2005-11-07,200493.732347829,451481.844673921,유통관련업,노래연습장업,,2026-05-06 22:38:24,I,03,폐업,N,N,,,,,,,N,,2005-11-07 10:19:52,,2001-08-01,100-411,서울특별시 중구 광희동1가 143-2,,,CDFF3242052001000007,3010000,,,,서울특별시 중구 을지로44길 12  (광희동1가),,03,폐업,N,,N,,,,,,,,
N,,BMW,2006-01-23,200540.491293859,451440.614319879,유통관련업,노래연습장업,,2026-05-06 22:38:25,I,03,폐업,N,N,,,,,,,N,,2006-01-23 15:09:33,,2001-08-20,100-411,서울특별시 중구 광희동1가 182-30,,,CDFF3242052001000008,3010000,,,,서울특별시 중구 을지로44길 17-7  (광희동1가),,03,폐업,N,,N,,,,,,,,
,,붐노래연습장,2023-02-23,200953.347598769,450275.91919082,유통관련업,노래연습장업,,2026-05-06 22:38:25,I,03,폐업,,,,,160.5,,0,,,5,2023-02-23 16:10:56,,2001-08-30,,서울특별시 중구 신당동 373-42,,,CDFF3242052001000010,3010000,,,,서울특별시 중구 다산로 128-14 (신당동),,03,폐업,,,,,,,,,0,0,
N,,팡팡,2007-10-30,199430.41777159,451318.964833682,유통관련업,노래연습장업,,2026-05-06 22:38:25,I,03,폐업,N,N,,,,,,,N,,2007-10-30 15:38:12,,2001-09-26,100-281,서울특별시 중구 인현동1가 87-16,,,CDFF3242052001000011,3010000,,,,서울특별시 중구 마른내로 58-1  (인현동1가),,03,폐업,N,,N,,,,,,,,
,,해피,2002-06-03,199090.112337836,451196.211778665,유통관련업,노래연습장업,,2026-05-06 22:38:25,I,03,폐업,,,,,0,,0,,,,2003-02-11 18:21:03,,2001-11-15,100-013,서울특별시 중구 충무로3가 24-16 지하1층,,,CDFF3242052001000014,3010000,,,,"서울특별시 중구 수표로 20-1  (충무로3가,지하1층)",,03,폐업,,,,,,,,,0,0,
N,,수인노래연습장,2008-11-28,,,유통관련업,노래연습장업,,2026-05-06 22:38:26,I,03,폐업,N,N,,,,,,,N,,2008-11-28 16:05:25,,2001-11-23,100-372,서울특별시 중구 만리동2가 24-2,,,CDFF3242052001000015,3010000,,,,서울특별시 중구 만리재로 175-1  (만리동2가),,03,폐업,N,,N,,,,,,,,
,,뮤지컬,2025-06-27,198602.140946192,451208.172893781,유통관련업,노래연습장업,,2026-05-06 22:38:26,I,03,폐업,,,,,118.7,,,,,13,2025-06-27 14:50:25,,2001-12-24,,서울특별시 중구 명동2가 32-8 지상2층,,,CDFF3242052001000016,3010000,,,,"서울특별시 중구 명동8길 11-6 (명동2가,지상2층)",,03,폐업,,,,,,,,,,,
N,,모아,2012-03-05,201716.339036988,451462.290776541,유통관련업,노래연습장업,,2026-05-06 22:38:26,I,03,폐업,N,N,,,83.95,,,,Y,,2012-03-05 09:31:44,,2002-02-15,,서울특별시 중구 신당동 140-9 지상2층,,,CDFF3242052002000001,3010000,,,,"서울특별시 중구 퇴계로 438  (신당동,지상2층)",,03,폐업,N,,N,,,,22520096,,,,
N,,스카이,2008-10-01,198139.289952741,451612.438834321,유통관련업,노래연습장업,,2026-05-06 22:38:26,I,03,폐업,N,N,,,122.25,,,,N,,2008-10-01 10:07:44,,2002-02-25,100-842,서울특별시 중구 을지로1가 37-0 서광빌딩 5층,,,CDFF3242052002000002,3010000,,,,"서울특별시 중구 을지로1길 15  (을지로1가,서광빌딩 5층)",,03,폐업,N,,N,,,,,,,,
N,,강촌,2012-07-23,196873.878042516,450756.352089323,유통관련업,노래연습장업,,2026-05-06 22:38:26,I,03,폐업,N,N,,,162.91,,,,N,,2012-07-24 08:57:43,,2002-03-22,100-859,서울특별시 중구 중림동 156-74 지상2층,,,CDFF3242052002000003,3010000,,,,"서울특별시 중구 중림로 17  (중림동,지상2층)",,03,폐업,N,,N,,,,,,,,
N,근린생활시설,에쏘르,2010-11-11,201165.011713867,451678.964592021,유통관련업,노래연습장업,,2026-05-06 22:38:26,I,03,폐업,N,N,,,371.5,,,,,,2010-11-11 14:05:22,,2002-04-01,,서울특별시 중구 신당동 251-1 지상3층,,,CDFF3242052002000004,3010000,,,,"서울특별시 중구 퇴계로73길 50  (신당동,지상3층)",,03,폐업,N,,N,,,,22371004,,,,
N,,궁전,2002-10-11,199183.834921363,451487.649066169,유통관련업,노래연습장업,,2026-05-06 22:38:26,I,03,폐업,N,N,,,114.71,,,,N,,2004-04-23 09:56:02,,2002-06-21,100-846,서울특별시 중구 을지로3가 302-15 지하1층,,,CDFF3242052002000008,3010000,,,,"서울특별시 중구 충무로7길 19  (을지로3가,지하1층)",,03,폐업,N,,N,,,,22772295,,,,
N,,사이버리아 동국대점,2014-06-30,199746.645312991,451016.950292809,유통관련업,노래연습장업,,2026-05-06 22:38:26,I,03,폐업,N,N,,,160.64,,,2,,3,2014-06-30 13:49:27,,2002-07-05,,서울특별시 중구 충무로5가 84-1 대우빌딩 B동 2층,,,CDFF3242052002000009,3010000,,,,"서울특별시 중구 서애로 10, B2동 2층 (충무로5가, 대우빌딩)",,03,폐업,N,,N,,,,22796468,,,,
N,,락,2005-11-01,200513.43508997,451633.099004875,유통관련업,노래연습장업,,2026-05-06 22:38:26,I,03,폐업,N,N,,,21.71,,,1,N,10,2005-11-01 17:59:45,,2002-07-23,100-851,서울특별시 중구 을지로6가 18-66 임성빌딩 4층,,,CDFF3242052002000010,3010000,,,,"서울특별시 중구 을지로41길 28  (을지로6가,임성빌딩 4층)",,03,폐업,N,,N,,,,22647683,,,,
N,,가자노래크럽,2003-04-08,199111.274344793,451713.70616392,유통관련업,노래연습장업,,2026-05-06 22:38:26,I,03,폐업,N,N,,,69,,,,N,,2004-04-23 09:59:23,,2002-07-24,100-230,서울특별시 중구 수표동 11-3 지하1층,,,CDFF3242052002000011,3010000,,,,"서울특별시 중구 을지로11길 29  (수표동,지하1층)",,03,폐업,N,,N,,,,22726333,,,,
N,,뉴스타,2004-08-17,200168.83910333,451476.043044703,유통관련업,노래연습장업,,2026-05-06 22:38:27,I,03,폐업,N,N,,,25,,,,N,4,2004-08-17 15:04:30,,2002-08-02,100-195,서울특별시 중구 을지로5가 275-6,,,CDFF3242052002000012,3010000,,,,서울특별시 중구 동호로 350  (을지로5가),,03,폐업,N,,N,,,,22795520,,,,
N,,브루쉘,2005-07-11,201541.233775008,451456.296053576,유통관련업,노래연습장업,,2026-05-06 22:38:27,I,03,폐업,N,N,,,143.24,,,,N,7,2005-07-11 17:06:13,,2002-08-20,100-819,서울특별시 중구 신당동 120-5 지하1층,,,CDFF3242052002000013,3010000,,,,"서울특별시 중구 퇴계로 420  (신당동,지하1층)",,03,폐업,N,,N,,,,22370585,,,,
N,,태양노래광장,2003-11-17,201983.407147251,451465.965460141,유통관련업,노래연습장업,,2026-05-06 22:38:27,I,03,폐업,N,N,,,187.24,,,,N,6,2004-04-23 10:00:44,,2002-09-05,100-871,서울특별시 중구 황학동 2494-0 지상2층,,,CDFF3242052002000014,3010000,,,,"서울특별시 중구 퇴계로 463  (황학동,지상2층)",,03,폐업,N,,N,,,,22386785,,,,
N,,뮤직,2006-03-31,199484.502146778,450960.757138743,유통관련업,노래연습장업,,2026-05-06 22:38:27,I,03,폐업,N,N,,,45.85,,,,N,,2006-03-31 17:03:24,,2002-11-26,100-272,서울특별시 중구 필동2가 17-13 지상2층,,,CDFF3242052002000018,3010000,,,,"서울특별시 중구 퇴계로 210-10  (필동2가,지상2층)",,03,폐업,N,,N,,,,22649458,,,,
N,,STAR몰,2016-06-17,198590.414302969,451038.262729925,유통관련업,노래연습장업,,2026-05-06 22:38:27,I,03,폐업,N,N,,,108.66,,,,N,,2016-06-20 13:12:31,,2002-11-29,,서울특별시 중구 충무로1가 23-8 삼성빌딩 4층,,,CDFF3242052002000019,3010000,,,,"서울특별시 중구 명동8나길 2 (충무로1가,삼성빌딩 4층)",,03,폐업,N,,N,,,,,,,,
N,,준,2011-08-02,198685.379305504,450717.172958139,유통관련업,노래연습장업,,2026-05-06 22:38:27,I,03,폐업,N,N,,,324.68,,,5,,10,2011-08-08 10:09:58,,2002-12-05,,서울특별시 중구 남산동2가 27-1,,,CDFF3242052002000020,3010000,,,,서울특별시 중구 퇴계로20길 32  (남산동2가),,03,폐업,N,,N,,,,,,,,
N,,오페라,2007-03-07,198619.32098859,451073.582241557,유통관련업,노래연습장업,,2026-05-06 22:38:27,I,03,폐업,N,N,,,124.86,,,11,N,,2007-03-07 10:11:18,,2002-12-20,100-861,서울특별시 중구 충무로2가 66-1 3층,,,CDFF3242052002000021,3010000,,,,"서울특별시 중구 명동8길 37-4  (충무로2가,3층)",,03,폐업,N,,N,,,,,,,,
N,,제이제이,2006-03-20,200607.349059464,451684.628634882,유통관련업,노래연습장업,,2026-05-06 22:38:27,I,03,폐업,N,N,,,126.61,,,5,Y,9,2006-03-20 10:08:57,,2002-12-30,100-851,서울특별시 중구 을지로6가 18-40 지상3층,,,CDFF3242052002000022,3010000,,,,"서울특별시 중구 장충단로 249-24  (을지로6가,지상3층)",,03,폐업,N,,N,,,,22632329,,,,
N,,W 노래연습장,2017-11-22,200919.2211647,450321.271260732,유통관련업,노래연습장업,,2026-05-06 22:38:27,I,03,폐업,N,N,,,70.81,,,4,,6,2017-11-22 15:59:28,,2003-01-02,,서울특별시 중구 신당동 369-101 지하1층,,,CDFF3242052003000001,3010000,,,,서울특별시 중구 다산로 128-1 (신당동),04590,03,폐업,N,,N,,,,22327118,,,,
N,,티파니,2006-11-06,200687.571671602,451714.166004408,유통관련업,노래연습장업,,2026-05-06 22:38:27,I,03,폐업,N,N,,,73.26,,,4,N,6,2006-11-06 10:08:27,,2003-01-03,100-851,서울특별시 중구 을지로6가 18-19 지상4층,,,CDFF3242052003000003,3010000,,,,"서울특별시 중구 장충단로 259  (을지로6가,지상4층)",,03,폐업,N,,N,,,,22642681,,,,
N,,도미솔,2009-07-21,201601.786168123,451508.736898235,유통관련업,노래연습장업,,2026-05-06 22:38:27,I,03,폐업,N,N,,,116.11,,,,,7,2009-07-21 18:10:19,,2003-01-13,,서울특별시 중구 황학동 738-0 지하1층,,,CDFF3242052003000005,3010000,,,,"서울특별시 중구 퇴계로 423-10  (황학동,지하1층)",,03,폐업,N,,N,,,,22314290,,,,
N,,렛싱,2014-07-01,200614.497822789,451667.793301393,유통관련업,노래연습장업,,2026-05-06 22:38:27,I,03,폐업,N,N,,,150,,,,N,6,2014-07-01 14:16:39,,2003-01-15,100-851,서울특별시 중구 을지로6가 18-137 지상4층,,,CDFF3242052003000006,3010000,,,,"서울특별시 중구 장충단로 249-10  (을지로6가,지상4층)",,03,폐업,N,,N,,,,22682003,,,,
N,,공주,2003-06-27,199900.128120472,451160.609817256,유통관련업,노래연습장업,,2026-05-06 22:38:27,I,03,폐업,N,N,,,81.52,,,,N,5,2004-04-23 09:37:42,,2003-01-23,100-015,서울특별시 중구 충무로5가 20-26 지상2층,,,CDFF3242052003000007,3010000,,,,"서울특별시 중구 퇴계로 251  (충무로5가,지상2층)",,03,폐업,N,,N,,,,22648921,,,,
N,,오디션노래연습장,2021-09-03,201221.797431126,451227.712478943,유통관련업,노래연습장업,,2026-05-06 22:38:27,I,03,폐업,N,N,,,107.95,,,1,Y,7,2021-09-03 11:06:33,,2003-05-03,,서울특별시 중구 신당동 241-27 지하1층,,,CDFF3242052003000008,3010000,,,,"서울특별시 중구 다산로33가길 26 (신당동,지하1층)",,03,폐업,Y,,Y,,,,22539745,,,1,
N,,MBC,2016-02-18,201653.626887432,451240.921057266,유통관련업,노래연습장업,,2026-05-06 22:38:28,I,03,폐업,N,N,,,101.01,,,1,,5,2016-02-18 16:18:40,,2003-12-24,,서울특별시 중구 신당동 145-15 지하1층,,,CDFF3242052003000014,3010000,,,,"서울특별시 중구 퇴계로86길 47 (신당동,지하1층)",,03,폐업,N,,N,,,,02-2234-3364,,,1,
N,,뮤직,2006-03-31,199485.680684948,450966.702255084,유통관련업,노래연습장업,,2026-05-06 22:38:28,I,03,폐업,N,N,,,117.25,,,,N,4,2006-03-31 17:03:53,,2003-12-31,100-272,서울특별시 중구 필동2가 17-1 지상2층,,,CDFF3242052003000015,3010000,,,,"서울특별시 중구 퇴계로 210-10  (필동2가,지상2층)",,03,폐업,N,,N,,,,22649458,,,,
N,,SBS,2011-11-08,198533.062742111,451253.050723954,유통관련업,노래연습장업,,2026-05-06 22:38:28,I,03,폐업,N,N,,,139,,6,9,,9,2011-11-09 17:21:14,,2004-02-14,,서울특별시 중구 명동2가 50-1 지하1층,,,CDFF3242052004000001,3010000,,,,"서울특별시 중구 명동길 32  (명동2가,지하1층)",,03,폐업,N,,N,,,,,,7,1,
N,근린생활시설,쭈꾸미노래연습장,2009-04-13,198439.364665778,450981.549564178,유통관련업,노래연습장업,,2026-05-06 22:38:01,I,03,폐업,N,N,,,,,,,,,2009-04-17 15:47:37,,1992-11-20,100-011,서울특별시 중구 충무로1가 25-32,,,CDFF3242051992000033,3010000,,,,서울특별시 중구 명동2길 52  (충무로1가),,03,폐업,N,,N,,,,,,,,
,근린생활시설,청구,1998-12-31,201185.372056046,450851.223986305,유통관련업,노래연습장업,,2026-05-06 22:38:01,I,03,폐업,,,,,0,,,,,,2003-02-11 18:21:03,,1992-11-21,100-824,서울특별시 중구 신당동 294-19,,,CDFF3242051992000034,3010000,,,,서울특별시 중구 청구로 71  (신당동),,03,폐업,,,,,,,,,,,
N,근린생활시설,코러스노래연습장,2007-06-12,198466.706529239,451399.976723018,유통관련업,노래연습장업,,2026-05-06 22:38:01,I,03,폐업,N,N,,,,,,,N,,2007-06-12 15:03:30,,1992-11-30,100-845,서울특별시 중구 을지로2가 199-1,,,CDFF3242051992000035,3010000,,,,서울특별시 중구 명동3길 27  (을지로2가),,03,폐업,N,,N,,,,,,,,
N,근린생활시설,명동,2015-01-16,198615.51219187,451228.978594124,유통관련업,노래연습장업,,2026-05-06 22:38:01,I,03,폐업,N,N,,,92.5,,,,N,,2015-01-16 15:04:51,,1992-11-30,,서울특별시 중구 명동2가 33-5,,,CDFF3242051992000036,3010000,,,,서울특별시 중구 명동10길 10-1 (명동2가),,03,폐업,N,,N,,,,,,,,
N,근린생활시설,은하,2004-01-05,201742.687156116,451552.40139125,유통관련업,노래연습장업,,2026-05-06 22:38:01,I,03,폐업,N,N,,,,,,,N,,2004-01-05 16:09:33,,1992-12-02,100-869,서울특별시 중구 황학동 632 지상2층,,,CDFF3242051992000039,3010000,,,,"서울특별시 중구 퇴계로87길 15-12  (황학동,지상2층)",,03,폐업,N,,N,,,,,,,,
,근린생활시설,당신의,1999-09-15,201533.027369929,451450.057987788,유통관련업,노래연습장업,,2026-05-06 22:38:01,I,03,폐업,,,,,0,,,,,,2003-02-11 18:21:03,,1992-12-02,100-819,서울특별시 중구 신당동 120-4,,,CDFF3242051992000040,3010000,,,,서울특별시 중구 퇴계로 418-1  (신당동),,03,폐업,,,,,,,,,,,
,근린생활시설,마이마이,2002-02-05,198567.875395188,451312.407055418,유통관련업,노래연습장업,,2026-05-06 22:38:01,I,03,폐업,,,,,0,,0,,,,2003-02-11 18:21:03,,1992-12-03,100-021,서울특별시 중구 명동1가 51-0,,,CDFF3242051992000041,3010000,,,,서울특별시 중구 명동7길 6  (명동1가),,03,폐업,,,,,,,,,0,0,
N,근린생활시설,훼미리,2004-12-31,198696.653111922,451014.630513402,유통관련업,노래연습장업,,2026-05-06 22:38:01,I,03,폐업,N,N,,,,,,,N,,2004-12-31 09:56:56,,1992-12-03,100-861,서울특별시 중구 충무로2가 64-1,,,CDFF3242051992000042,3010000,,,,서울특별시 중구 명동10길 55  (충무로2가),,03,폐업,N,,N,,,,,,,,
N,근린생활시설,비바노래연습장,2003-09-01,198636.2503948,451005.721641592,유통관련업,노래연습장업,,2026-05-06 22:38:01,I,03,폐업,N,N,,,,,,,N,,2003-09-01 11:50:27,,1992-12-03,100-861,서울특별시 중구 충무로2가 65-9,,,CDFF3242051992000043,3010000,,,,서울특별시 중구 퇴계로 123  (충무로2가),,03,폐업,N,,N,,,,,,,,
N,,큐,2005-06-17,198613.516124198,451208.914037881,유통관련업,노래연습장업,,2026-05-06 22:38:01,I,03,폐업,N,N,,,,,,,N,,2005-06-27 09:51:09,,1992-12-09,100-809,서울특별시 중구 명동2가 32-12,,,CDFF3242051992000044,3010000,,,,서울특별시 중구 명동8길 11-8  (명동2가),,03,폐업,N,,N,,,,,,,,
N,근린생활시설,장충노래연습장,2009-08-31,200398.328559846,450947.24714781,유통관련업,노래연습장업,,2026-05-06 22:38:02,I,03,폐업,N,N,,,,,,,,,2009-08-31 14:24:50,,1992-12-09,,서울특별시 중구 장충동2가 24-1,,,CDFF3242051992000045,3010000,,,,서울특별시 중구 동호로24길 35  (장충동2가),,03,폐업,N,,N,,,,22642976,,,,
N,근린생활시설,꾸러기,2007-03-19,198537.072831619,451364.73055023,유통관련업,노래연습장업,,2026-05-06 22:38:02,I,03,폐업,N,N,,,,,,,N,,2007-03-19 10:51:52,,1992-12-17,100-192,서울특별시 중구 을지로2가 200-0,,,CDFF3242051992000047,3010000,,,,서울특별시 중구 명동7길 17  (을지로2가),,03,폐업,N,,N,,,,,,,,
,근린생활시설,상록수,1999-12-30,198675.840407982,450901.237317642,유통관련업,노래연습장업,,2026-05-06 22:38:02,I,03,폐업,,,,,0,,,,,,2003-02-11 18:21:03,,1992-12-30,100-042,서울특별시 중구 남산동2가 6-1,,,CDFF3242051992000052,3010000,,,,서울특별시 중구 퇴계로18길 5  (남산동2가),,03,폐업,,,,,,,,,,,
N,근린생활시설,아리랑,2006-03-27,201409.502783362,451434.934215734,유통관련업,노래연습장업,,2026-05-06 22:38:02,I,03,폐업,N,N,,,,,,,N,,2006-03-27 11:06:40,,1992-12-31,100-450,서울특별시 중구 신당동 100-6,,,CDFF3242051992000053,3010000,,,,서울특별시 중구 퇴계로 406-2  (신당동),,03,폐업,N,,N,,,,,,,,
,근린생활시설,청춘,2001-03-27,,,유통관련업,노래연습장업,,2026-05-06 22:38:02,I,03,폐업,,,,,0,,,,,,2003-02-11 18:21:03,,1993-01-14,100-845,서울특별시 중구 을지로2가 151-4,,,CDFF3242051993000001,3010000,,,,,,03,폐업,,,,,,,,,,,
,근린생활시설,킴,1998-12-31,198764.134727145,451069.853807055,유통관련업,노래연습장업,,2026-05-06 22:38:02,I,03,폐업,,,,,0,,,,,,2003-02-11 18:21:03,,1993-01-19,100-860,서울특별시 중구 충무로2가 12-19,,,CDFF3242051993000002,3010000,,,,서울특별시 중구 명동8가길 31  (충무로2가),,03,폐업,,,,,,,,,,,
,근린생활시설,충무로,1999-10-19,199285.15096367,451172.750769351,유통관련업,노래연습장업,,2026-05-06 22:38:03,I,03,폐업,,,,,0,,,,,,2003-02-11 18:21:03,,1993-02-24,100-013,서울특별시 중구 충무로3가 30-5,,,CDFF3242051993000004,3010000,,,,,,03,폐업,,,,,,,,,,,
,근린생활시설,중부,2003-01-03,200051.004465807,451405.505304791,유통관련업,노래연습장업,,2026-05-06 22:38:03,I,03,폐업,,,,,0,,0,,,,2003-02-11 18:21:03,,1993-03-30,100-310,서울특별시 중구 오장동 148-24,,,CDFF3242051993000005,3010000,,,,서울특별시 중구 을지로32길 35-30  (오장동),,03,폐업,,,,,,,,,0,0,
,근린생활시설,딩동댕,1999-07-23,201747.364406354,451761.257963991,유통관련업,노래연습장업,,2026-05-06 22:38:03,I,03,폐업,,,,,0,,,,,,2003-02-11 18:21:03,,1993-06-02,100-869,서울특별시 중구 황학동 515-0,,,CDFF3242051993000006,3010000,,,,서울특별시 중구 마장로 98  (황학동),,03,폐업,,,,,,,,,,,
,근린생활시설,스타노래연습장,2001-06-16,,,유통관련업,노래연습장업,,2026-05-06 22:38:03,I,03,폐업,,,,,0,,0,,,,2003-02-11 18:21:03,,1993-06-04,100-848,서울특별시 중구 을지로4가 168-2,,,CDFF3242051993000007,3010000,,,,,,03,폐업,,,,,,,,,0,0,
N,근린생활시설,25시,2007-04-02,197593.689313596,450607.504820726,유통관련업,노래연습장업,,2026-05-06 22:38:03,I,03,폐업,N,N,,,,,,,N,,2007-04-02 14:32:43,,1993-06-29,100-801,서울특별시 중구 남대문로5가 84-1,,,CDFF3242051993000008,3010000,,,,서울특별시 중구 세종대로 10-2  (남대문로5가),,03,폐업,N,,N,,,,,,,,
,근린생활시설,영심이,2001-09-24,,,유통관련업,노래연습장업,,2026-05-06 22:38:03,I,03,폐업,,,,,0,,,,,,2003-02-11 18:21:03,,1993-07-08,100-372,서울특별시 중구 만리동2가 24-2 18통1반,,,CDFF3242051993000009,3010000,,,,서울특별시 중구 만리재로 175-1  (만리동2가),,03,폐업,,,,,,,,,,,
,근린생활시설,진양,2002-04-08,199528.479126357,451130.498839091,유통관련업,노래연습장업,,2026-05-06 22:38:03,I,03,폐업,,,,,0,,,,,,2003-02-11 18:21:03,,1993-07-13,100-863,서울특별시 중구 충무로4가 28-3,,,CDFF3242051993000010,3010000,,,,,,03,폐업,,,,,,,,,,,
N,근린생활시설,만리,2003-05-26,196697.116895888,450217.095147509,유통관련업,노래연습장업,,2026-05-06 22:38:03,I,03,폐업,N,N,,,,,,,N,,2003-05-26 14:18:09,,1993-08-19,100-372,서울특별시 중구 만리동2가 110-1,,,CDFF3242051993000011,3010000,,,,서울특별시 중구 만리재로 175  (만리동2가),,03,폐업,N,,N,,,,,,,,
,근린생활시설,서울,2001-05-09,201947.084297972,451473.964192869,유통관련업,노래연습장업,,2026-05-06 22:38:03,I,03,폐업,,,,,0,,,,,,2003-02-11 18:21:03,,1993-08-30,100-871,서울특별시 중구 황학동 2478-0,,,CDFF3242051993000012,3010000,,,,서울특별시 중구 퇴계로 459  (황학동),,03,폐업,,,,,,,,,,,
,근린생활시설,제일,2002-05-01,199780.053397083,451065.831247269,유통관련업,노래연습장업,,2026-05-06 22:38:03,I,03,폐업,,,,,0,,0,,,,2003-02-11 18:21:03,,1993-09-17,100-015,서울특별시 중구 충무로5가 78-1,,,CDFF3242051993000013,3010000,,,,서울특별시 중구 서애로 2  (충무로5가),,03,폐업,,,,,,,,,0,0,
,근린생활시설,코끼리연습장,2001-12-26,199492.981109179,450994.468193414,유통관련업,노래연습장업,,2026-05-06 22:38:03,I,03,폐업,,,,,0,,0,,,,2003-02-11 18:21:03,,1993-09-18,100-272,서울특별시 중구 필동2가 15-2,,,CDFF3242051993000014,3010000,,,,서울특별시 중구 퇴계로 210  (필동2가),,03,폐업,,,,,,,,,0,0,
N,근린생활시설,리듬노래방,2007-05-22,200424.764906908,450943.348674822,유통관련업,노래연습장업,,2026-05-06 22:38:05,I,03,폐업,N,N,,,,,,,N,,2007-05-22 16:43:39,,1993-09-27,100-391,서울특별시 중구 장충동1가 59-4,,,CDFF3242051993000016,3010000,,,,,,03,폐업,N,,N,,,,,,,,
,근린생활시설,L.A,1998-12-31,201780.956663716,451225.087308189,유통관련업,노래연습장업,,2026-05-06 22:38:05,I,03,폐업,,,,,0,,,,,,2003-02-11 18:21:03,,1993-10-13,100-819,서울특별시 중구 신당동 156-1,,,CDFF3242051993000017,3010000,,,,서울특별시 중구 퇴계로88가길 14  (신당동),,03,폐업,,,,,,,,,,,
N,근린생활시설,귀빈,2006-04-13,201049.304234308,450590.317238887,유통관련업,노래연습장업,,2026-05-06 22:38:06,I,03,폐업,N,N,,,,,,,N,,2006-12-08 16:41:58,,1993-11-04,100-826,서울특별시 중구 신당동 340-119,,,CDFF3242051993000018,3010000,,,,서울특별시 중구 다산로22길 6  (신당동),,03,폐업,N,,N,,,,,,,,
N,근린생활시설,깜보,2003-06-03,200893.0430559,449947.401377686,유통관련업,노래연습장업,,2026-05-06 22:38:07,I,03,폐업,N,N,,,,,,,N,,2003-06-03 17:37:23,,1993-11-04,100-840,서울특별시 중구 신당동 372-434,,,CDFF3242051993000019,3010000,,,,서울특별시 중구 동호로7길 45  (신당동),,03,폐업,N,,N,,,,,,,,
,근린생활시설,프라자,1999-12-20,197229.761422932,450418.159244379,유통관련업,노래연습장업,,2026-05-06 22:38:07,I,03,폐업,,,,,0,,,,,,2003-02-11 18:21:03,,1993-11-12,100-162,서울특별시 중구 봉래동2가 122-11,,,CDFF3242051993000020,3010000,,,,서울특별시 중구 한강대로 405  (봉래동2가),,03,폐업,,,,,,,,,,,
,근린생활시설,광희노래방,2001-02-14,200602.543775249,451358.330266861,유통관련업,노래연습장업,,2026-05-06 22:38:07,I,03,폐업,,,,,0,,0,,,,2003-02-11 18:21:03,,1993-11-12,100-412,서울특별시 중구 광희동2가 13-2,,,CDFF3242051993000021,3010000,,,,서울특별시 중구 퇴계로 323  (광희동2가),,03,폐업,,,,,,,,,0,0,
N,근린생활시설,머무는곳 노래하는곳,2004-01-06,199489.179291924,451106.951844227,유통관련업,노래연습장업,,2026-05-06 22:38:07,I,03,폐업,N,N,,,,,,,N,,2004-01-06 16:52:26,,1993-11-12,100-862,서울특별시 중구 충무로4가 130-3,,,CDFF3242051993000022,3010000,,,,서울특별시 중구 충무로2길 34-1  (충무로4가),,03,폐업,N,,N,,,,,,,,
N,근린생활시설,신세대,2019-04-26,200938.446734637,451068.471586455,유통관련업,노래연습장업,,2026-05-06 22:38:07,I,03,폐업,N,N,,,132,,,,,3,2019-04-26 11:27:37,,1993-11-17,,서울특별시 중구 신당동 236-4,,,CDFF3242051993000023,3010000,,,,서울특별시 중구 다산로29길 51 (신당동),,03,폐업,N,,N,,,,,,,,
N,근린생활시설,캉캉,2005-02-18,198493.311043546,451141.404922909,유통관련업,노래연습장업,,2026-05-06 22:38:08,I,03,폐업,N,N,,,,,,,N,,2005-02-18 12:46:16,,1993-11-20,100-810,서울특별시 중구 명동2가 55-16,,,CDFF3242051993000025,3010000,,,,서울특별시 중구 명동4길 26  (명동2가),,03,폐업,N,,N,,,,,,,,
,근린생활시설,톱,2002-03-13,199265.254258393,451044.894239877,유통관련업,노래연습장업,,2026-05-06 22:38:08,I,03,폐업,,,,,0,,,,,,2003-02-11 18:21:03,,1993-11-25,100-866,서울특별시 중구 필동1가 43-3,,,CDFF3242051993000026,3010000,,,,서울특별시 중구 퇴계로31길 10  (필동1가),,03,폐업,,,,,,,,,,,
,근린생활시설,에이.비.씨,2001-08-31,,,유통관련업,노래연습장업,,2026-05-06 22:38:08,I,03,폐업,,,,,0,,,,,,2003-02-11 18:21:03,,1993-11-25,100-200,서울특별시 중구 삼각동 22-3,,,CDFF3242051993000027,3010000,,,,,,03,폐업,,,,,,,,,,,
N,근린생활시설,크로바,2003-10-30,200512.005279865,451422.357337243,유통관련업,노래연습장업,,2026-05-06 22:38:08,I,03,폐업,N,N,,,,,,,N,,2003-12-11 17:01:55,,1993-12-07,100-411,서울특별시 중구 광희동1가 187-9,,,CDFF3242051993000029,3010000,,,,서울특별시 중구 을지로44길 21  (광희동1가),,03,폐업,N,,N,,,,,,,,
N,근린생활시설,현대노래방,2006-01-24,,,유통관련업,노래연습장업,,2026-05-06 22:38:08,I,03,폐업,N,N,,,,,,,N,,2006-01-24 10:47:31,,1993-12-09,100-815,서울특별시 중구 신당동 44-10 지하1층,,,CDFF3242051993000031,3010000,,,,,,03,폐업,N,,N,,,,,,,,
,근린생활시설,신안,2002-02-26,200944.251654409,450086.420660801,유통관련업,노래연습장업,,2026-05-06 22:38:08,I,03,폐업,,,,,0,,,,,,2003-02-11 18:21:03,,1993-12-23,100-840,서울특별시 중구 신당동 372-37,,,CDFF3242051993000033,3010000,,,,서울특별시 중구 다산로10길 26  (신당동),,03,폐업,,,,,,,,,,,
,,아하노래방,2016-06-20,198606.595092806,451266.280823044,유통관련업,노래연습장업,,2026-05-06 22:38:08,I,03,폐업,,,,,0,,0,,,,2016-06-20 16:41:43,,1993-12-30,100-809,서울특별시 중구 명동2가 33-1,,,CDFF3242051993000034,3010000,,,,서울특별시 중구 명동길 48  (명동2가),,03,폐업,,,,,,,,,0,0,
,,스타,2009-09-25,201508.033038745,451026.785607118,유통관련업,노래연습장업,,2026-05-06 22:38:09,I,03,폐업,,,,,0,,0,,,,2009-09-25 13:32:17,,1994-01-14,,서울특별시 중구 신당동 48-1 지상2층,,,CDFF3242051994000001,3010000,,,,"서울특별시 중구 다산로36길 53  (신당동,지상2층)",,03,폐업,,,,,,,,,0,0,
,근린생활시설,버들피리,2009-02-26,201941.970349728,451543.488647905,유통관련업,노래연습장업,,2026-05-06 22:38:09,I,03,폐업,,,,,0,,,,,,2009-02-26 15:41:59,,1994-02-23,100-870,서울특별시 중구 황학동 845-0,,,CDFF3242051994000002,3010000,,,,서울특별시 중구 난계로11길 18  (황학동),,03,폐업,,,,,,,,,,,
N,근린생활시설,청호,2004-04-09,200859.315320474,451115.129160244,유통관련업,노래연습장업,,2026-05-06 22:38:10,I,03,폐업,N,N,,,,,,,N,,2004-04-09 10:40:41,,1994-03-11,100-890,서울특별시 중구 신당동 304-264,,,CDFF3242051994000003,3010000,,,,서울특별시 중구 청구로 118  (신당동),,03,폐업,N,,N,,,,,,,,
,근린생활시설,행복,2001-10-04,199336.368366291,451158.565119594,유통관련업,노래연습장업,,2026-05-06 22:38:10,I,03,폐업,,,,,0,,,,,,2003-02-11 18:21:03,,1994-03-16,100-013,서울특별시 중구 충무로3가 34-9,,,CDFF3242051994000004,3010000,,,,서울특별시 중구 충무로 18  (충무로3가),,03,폐업,,,,,,,,,,,
,근린생활시설,청궁,2023-11-29,199967.240509532,451588.149979501,유통관련업,노래연습장업,,2026-05-06 22:38:10,I,03,폐업,,,,,32.2,,,1,Y,3,2023-11-29 16:46:25,,1994-03-28,,서울특별시 중구 을지로5가 270-18,,,CDFF3242051994000005,3010000,,,,서울특별시 중구 을지로 202 (을지로5가),,03,폐업,,,,,,,,,,,
,근린생활시설,우리노래방,2001-08-27,200975.963872755,450941.6499198,유통관련업,노래연습장업,,2026-05-06 22:38:10,I,03,폐업,,,,,0,,0,,,,2005-05-20 13:36:08,,1994-04-16,100-833,서울특별시 중구 신당동 403-26,,,CDFF3242051994000007,3010000,,,,서울특별시 중구 청구로 93-3  (신당동),,03,폐업,,,,,,,,,0,0,
N,근린생활시설,준노래연습장,2016-08-01,201301.983549716,451284.696607681,유통관련업,노래연습장업,,2026-05-06 22:38:10,I,03,폐업,N,N,,,,,,,,,2016-08-01 18:32:56,,1994-05-13,,서울특별시 중구 무학동 13-0,,,CDFF3242051994000009,3010000,,,,서울특별시 중구 퇴계로76길 29  (무학동),,03,폐업,N,,N,,,,,,,,
N,근린생활시설,25시노래연습장,2005-10-26,199147.240116001,451462.438530525,유통관련업,노래연습장업,,2026-05-06 22:38:11,I,03,폐업,N,N,,,,,,,N,,2005-10-26 18:04:42,,1994-07-06,100-846,서울특별시 중구 을지로3가 320-12,,,CDFF3242051994000011,3010000,,,,서울특별시 중구 을지로12길 17  (을지로3가),,03,폐업,N,,N,,,,,,,,
,근린생활시설,브이아이피,2003-01-08,200893.939428042,450192.730603877,유통관련업,노래연습장업,,2026-05-06 22:38:11,I,03,폐업,,,,,0,,0,,,,2003-02-11 18:21:03,,1994-08-18,100-827,서울특별시 중구 신당동 368-2,,,CDFF3242051994000012,3010000,,,,서울특별시 중구 동호로 177-1  (신당동),,03,폐업,,,,,,,,,0,0,
N,근린생활시설,쿨노래방,2003-12-29,200907.692423101,450306.640017588,유통관련업,노래연습장업,,2026-05-06 22:38:11,I,03,폐업,N,N,,,,,,,N,,2003-12-29 15:08:20,,1994-11-16,100-841,서울특별시 중구 신당동 369-35,,,CDFF3242051994000013,3010000,,,,서울특별시 중구 다산로 128  (신당동),,03,폐업,N,,N,,,,,,,,
,근린생활시설,왕실,2001-12-10,201686.07376784,451520.650686027,유통관련업,노래연습장업,,2026-05-06 22:38:11,I,03,폐업,,,,,0,,,,,,2003-02-11 18:21:03,,1994-12-01,100-869,서울특별시 중구 황학동 720-0,,,CDFF3242051994000014,3010000,,,,,,03,폐업,,,,,,,,,,,
,근린생활시설,로얄,2000-10-31,199279.173644915,451377.789533632,유통관련업,노래연습장업,,2026-05-06 22:38:11,I,03,폐업,,,,,0,,,,,,2003-02-11 18:21:03,,1994-12-23,100-300,서울특별시 중구 초동 19-2,,,CDFF3242051994000016,3010000,,,,,,03,폐업,,,,,,,,,,,
N,근린생활시설,차차차,2024-04-01,201052.072687355,450913.221971283,유통관련업,노래연습장업,,2026-05-06 22:38:11,I,03,폐업,N,N,,,102.3,,,,,1,2024-04-01 17:57:42,,1995-03-03,,서울특별시 중구 신당동 386-7,,,CDFF3242051995000003,3010000,,,,서울특별시 중구 청구로 87 (신당동),,03,폐업,N,,N,,,,22520778,,,,
,근린생활시설,연가,2000-07-04,199861.838986345,451843.1321277,유통관련업,노래연습장업,,2026-05-06 22:38:11,I,03,폐업,,,,,0,,,,,,2003-02-11 18:21:03,,1995-07-04,100-330,서울특별시 중구 주교동 72-1,,,CDFF3242051995000005,3010000,,,,서울특별시 중구 청계천로 194-2  (주교동),,03,폐업,,,,,,,,,,,
N,근린생활시설,도미솔,2003-07-23,201611.753483258,451509.783084025,유통관련업,노래연습장업,,2026-05-06 22:38:11,I,03,폐업,N,N,,,,,,,N,,2003-08-21 11:54:35,,1995-09-13,100-869,서울특별시 중구 황학동 739-0 지상3층,,,CDFF3242051995000006,3010000,,,,,,03,폐업,N,,N,,,,,,,,
N,근린생활시설,킹,2006-05-16,197963.543422563,450607.420231101,유통관련업,노래연습장업,,2026-05-06 22:38:11,I,03,폐업,N,N,,,,,,,N,,2006-05-16 15:14:47,,1995-09-22,100-806,서울특별시 중구 남창동 168-6,,,CDFF3242051995000007,3010000,,,,서울특별시 중구 퇴계로 42-3  (남창동),,03,폐업,N,,N,,,,,,,,
,근린생활시설,진짜,1999-10-26,,,유통관련업,노래연습장업,,2026-05-06 22:38:11,I,03,폐업,,,,,0,,,,,,2003-02-11 18:21:03,,1995-12-06,100-830,서울특별시 중구 신당동 366-100,,,CDFF3242051995000008,3010000,,,,서울특별시 중구 다산로 66-1  (신당동),,03,폐업,,,,,,,,,,,
N,근린생활시설,호수,2007-03-13,,,유통관련업,노래연습장업,,2026-05-06 22:38:11,I,03,폐업,N,N,,,,,,,N,,2007-03-13 14:26:32,,1995-12-28,100-869,서울특별시 중구 황학동 682-0,,,CDFF3242051995000009,3010000,,,,,,03,폐업,N,,N,,,,,,,,
N,근린생활시설,스타노래연습장,2022-02-17,201675.409021013,451958.495584927,유통관련업,노래연습장업,,2026-05-06 22:38:11,I,03,폐업,N,N,,,141.9,,,1,Y,7,2022-02-17 16:27:36,,1996-01-25,,서울특별시 중구 황학동 1781-0,,,CDFF3242051996000001,3010000,,,,서울특별시 중구 마장로9길 34  (황학동),,03,폐업,N,,N,,,,,,,,
,근린생활시설,영미,2000-10-13,201687.633958366,451919.349435294,유통관련업,노래연습장업,,2026-05-06 22:38:12,I,03,폐업,,,,,0,,,,,,2003-02-11 18:21:03,,1996-02-29,100-871,서울특별시 중구 황학동 2081-0,,,CDFF3242051996000002,3010000,,,,서울특별시 중구 마장로9길 28  (황학동),,03,폐업,,,,,,,,,,,
N,근린생활시설,중앙,2003-09-01,197103.362704072,450814.722084611,유통관련업,노래연습장업,,2026-05-06 22:38:12,I,03,폐업,N,N,,,,,,,N,,2003-09-01 11:49:51,,1996-03-14,100-858,서울특별시 중구 중림동 28-1,,,CDFF3242051996000003,3010000,,,,,,03,폐업,N,,N,,,,,,,,
N,근린생활시설,샘,2004-09-06,197934.214408748,450705.799459987,유통관련업,노래연습장업,,2026-05-06 22:38:12,I,03,폐업,N,N,,,,,,,N,,2004-11-16 09:18:14,,1996-04-13,100-804,서울특별시 중구 남창동 48-8,,,CDFF3242051996000005,3010000,,,,서울특별시 중구 남대문시장4길 31-2  (남창동),,03,폐업,N,,N,,,,,,,,
N,근린생활시설,까치,2006-02-24,,,유통관련업,노래연습장업,,2026-05-06 22:38:12,I,03,폐업,N,N,,,,,,,N,,2006-02-24 11:40:47,,1996-04-13,100-372,서울특별시 중구 만리동2가 23-1,,,CDFF3242051996000006,3010000,,,,서울특별시 중구 만리재로31길 2  (만리동2가),,03,폐업,N,,N,,,,,,,,
,,참새,2001-06-30,199598.919267432,451027.764382279,유통관련업,노래연습장업,,2026-05-06 22:38:12,I,03,폐업,,,,,0,,,,,,2003-02-11 18:21:03,,1996-05-30,100-863,서울특별시 중구 충무로4가 116-10,,,CDFF3242051996000007,3010000,,,,서울특별시 중구 퇴계로 220  (충무로4가),,03,폐업,,,,,,,,,,,
N,근린생활시설,3시간음악시간,2006-05-09,200388.202422788,450860.122820721,유통관련업,노래연습장업,,2026-05-06 22:38:12,I,03,폐업,N,N,,,,,,,N,,2006-05-09 10:07:20,,1996-06-07,100-855,서울특별시 중구 장충동2가 188-3,,,CDFF3242051996000009,3010000,,,,서울특별시 중구 동호로24길 19  (장충동2가),,03,폐업,N,,N,,,,,,,,
N,근린생활시설,별,2008-04-24,201501.488617913,451419.199682443,유통관련업,노래연습장업,,2026-05-06 22:38:12,I,03,폐업,N,N,,,,,,,N,,2008-04-25 10:45:10,,1996-06-21,100-819,서울특별시 중구 신당동 110-10 지상 2층,,,CDFF3242051996000011,3010000,,,,"서울특별시 중구 다산로44길 15  (신당동,지상 2층)",,03,폐업,N,,N,,,,,,,,
,근린생활시설,SBS,2001-07-30,198010.67969702,450612.388864445,유통관련업,노래연습장업,,2026-05-06 22:38:13,I,03,폐업,,,,,0,,0,,,,2003-02-11 18:21:03,,1996-11-28,100-806,서울특별시 중구 남창동 167-5,,,CDFF3242051996000014,3010000,,,,서울특별시 중구 퇴계로6길 10  (남창동),,03,폐업,,,,,,,,,0,0,
N,근린생활시설,동양,2005-10-20,197446.325172007,451215.406399929,유통관련업,노래연습장업,,2026-05-06 22:38:13,I,03,폐업,N,N,,,,,,,N,,2005-10-20 11:55:41,,1997-03-05,100-120,서울특별시 중구 정동 34-7,,,CDFF3242051997000001,3010000,,,,서울특별시 중구 서소문로 89-20  (정동),,03,폐업,N,,N,,,,,,,,
,근린생활시설,명보,2002-02-25,199389.257171219,451326.825886905,유통관련업,노래연습장업,,2026-05-06 22:38:13,I,03,폐업,,,,,0,,0,,,,2003-02-11 18:21:03,,1997-03-22,100-281,서울특별시 중구 인현동1가 97-2,,,CDFF3242051997000002,3010000,,,,서울특별시 중구 마른내로 54-1  (인현동1가),,03,폐업,,,,,,,,,0,0,
N,,발리,2020-11-06,200947.32139638,450404.007849838,유통관련업,노래연습장업,,2026-05-06 22:38:13,I,03,폐업,N,N,,,64.35,,,,Y,,2020-11-06 13:53:36,,1997-04-04,,서울특별시 중구 신당동 369-21,,,CDFF3242051997000003,3010000,,,,서울특별시 중구 다산로 136  (신당동),,03,폐업,N,,N,,,,22372985,,,,
N,근린생활시설,라이브콘,2006-06-02,197663.367918935,450691.40424021,유통관련업,노래연습장업,,2026-05-06 22:38:13,I,03,폐업,N,N,,,,,,,N,,2006-06-02 11:15:51,,1997-04-15,100-800,서울특별시 중구 남대문로5가 17-3 3동,,,CDFF3242051997000004,3010000,,,,"서울특별시 중구 세종대로 22, 3동 (남대문로5가)",,03,폐업,N,,N,,,,,,,,
,근린생활시설,신성,2002-06-26,197972.961919099,450992.650878291,유통관련업,노래연습장업,,2026-05-06 22:38:13,I,03,폐업,,,,,0,,0,,,,2003-02-11 18:21:03,,1997-04-24,100-093,서울특별시 중구 남대문로3가 87-3,,,CDFF3242051997000005,3010000,,,,서울특별시 중구 남대문로 19-1  (남대문로3가),,03,폐업,,,,,,,,,0,0,
N,근린생활시설,25시,2006-04-25,197904.508749923,450628.096873687,유통관련업,노래연습장업,,2026-05-06 22:38:13,I,03,폐업,N,N,,,,,,,N,,2006-04-25 16:32:41,,1997-06-11,100-805,서울특별시 중구 남창동 62-4,,,CDFF3242051997000007,3010000,,,,서울특별시 중구 퇴계로 39-2  (남창동),,03,폐업,N,,N,,,,,,,,
N,근린생활시설,다모아,1999-07-23,197905.659155249,451216.395030151,유통관련업,노래연습장업,,2026-05-06 22:38:13,I,03,폐업,N,N,,,,,,,N,,2004-02-23 14:50:25,,1997-09-24,100-864,서울특별시 중구 태평로2가 68-8,,,CDFF3242051997000009,3010000,,,,서울특별시 중구 세종대로 80-1  (태평로2가),,03,폐업,N,,N,,,,,,,,
,근린생활시설,MCR,2009-06-25,201094.409142844,451855.569604419,유통관련업,노래연습장업,,2026-05-06 22:38:13,I,03,폐업,,,,,0,,,,,,2009-06-25 13:15:15,,1997-10-14,,서울특별시 중구 신당동 213-3,,,CDFF3242051997000010,3010000,,,,서울특별시 중구 마장로1가길 11-8  (신당동),,03,폐업,,,,,,,,,,,
N,근린생활시설,섹스폰,2008-11-27,,,유통관련업,노래연습장업,,2026-05-06 22:38:14,I,03,폐업,N,N,,,,,,,N,,2008-11-27 10:06:53,,1997-10-14,100-824,서울특별시 중구 신당동 294-41,,,CDFF3242051997000011,3010000,,,,,,03,폐업,N,,N,,,,,,,,
N,근린생활시설,스타,2007-07-09,199524.530913749,451295.729538067,유통관련업,노래연습장업,,2026-05-06 22:38:14,I,03,폐업,N,N,,,,,,,N,,2007-07-09 13:23:01,,1997-10-30,100-282,서울특별시 중구 인현동2가 192-17,,,CDFF3242051997000013,3010000,,,,서울특별시 중구 퇴계로41길 47  (인현동2가),,03,폐업,N,,N,,,,22644678,,,,
N,근린생활시설,오케이,2007-06-07,,,유통관련업,노래연습장업,,2026-05-06 22:38:14,I,03,폐업,N,N,,,,,,,N,,2007-06-07 18:09:06,,1997-11-06,100-273,서울특별시 중구 필동3가 25-5,,,CDFF3242051997000014,3010000,,,,,,03,폐업,N,,N,,,,,,,,
N,근린생활시설,월드,2019-06-12,201641.363400185,451210.115520834,유통관련업,노래연습장업,,2026-05-06 22:38:14,I,03,폐업,N,N,,,149.13,,,,,6,2019-06-12 16:35:11,,1997-12-24,,서울특별시 중구 신당동 52-11,,,CDFF3242051997000015,3010000,,,,서울특별시 중구 퇴계로88길 63 (신당동),,03,폐업,N,,N,,,,,,,,
N,근린생활시설,오디션,2007-08-09,199466.317788539,451108.71319358,유통관련업,노래연습장업,,2026-05-06 22:38:14,I,03,폐업,N,N,,,,,,,N,,2007-08-09 10:20:56,,1997-12-26,100-862,서울특별시 중구 충무로4가 134-2,,,CDFF3242051997000016,3010000,,,,,,03,폐업,N,,N,,,,22852489,,,,
N,근린생활시설,팀204,2004-06-01,201121.306096947,451706.52701165,유통관련업,노래연습장업,,2026-05-06 22:38:14,I,03,폐업,N,N,,,,,,,N,,2004-06-01 15:55:07,,1998-03-14,100-886,서울특별시 중구 신당동 204-48,,,CDFF3242051998000002,3010000,,,,서울특별시 중구 마장로 30  (신당동),,03,폐업,N,,N,,,,22524242,,,,
N,근린생활시설,씨티노래방,2007-04-03,198065.845616529,450787.39677054,유통관련업,노래연습장업,,2026-05-06 22:38:14,I,03,폐업,N,N,,,,,,,N,,2007-04-03 10:57:47,,1998-04-06,100-804,서울특별시 중구 남창동 9-15,,,CDFF3242051998000004,3010000,,,,서울특별시 중구 퇴계로 61  (남창동),,03,폐업,N,,N,,,,,,,,
N,근린생활시설,앗싸,2009-08-19,201567.192348576,451460.57702689,유통관련업,노래연습장업,,2026-05-06 22:38:14,I,03,폐업,N,N,,,103,,,,,,2009-08-19 10:26:14,,1998-04-08,,서울특별시 중구 신당동 120-9,,,CDFF3242051998000005,3010000,,,,서울특별시 중구 퇴계로 422-1  (신당동),,03,폐업,N,,N,,,,,,,,
,근린생활시설,한일,1999-12-27,,,유통관련업,노래연습장업,,2026-05-06 22:38:14,I,03,폐업,,,,,0,,,,,,2003-02-11 18:21:03,,1998-05-04,100-872,서울특별시 중구 회현동1가 4-1,,,CDFF3242051998000006,3010000,,,,,,03,폐업,,,,,,,,,,,
,근린생활시설,초원,2000-08-05,197491.849792547,450601.839417971,유통관련업,노래연습장업,,2026-05-06 22:38:14,I,03,폐업,,,,,0,,,,,,2003-02-11 18:21:03,,1998-05-08,100-800,서울특별시 중구 남대문로5가 63-23,,,CDFF3242051998000007,3010000,,,,서울특별시 중구 세종대로 3  (남대문로5가),,03,폐업,,,,,,,,,,,
N,근린생활시설,성우,2009-01-09,201586.281698407,451430.970587358,유통관련업,노래연습장업,,2026-05-06 22:38:15,I,03,폐업,N,N,,,54.26,,,,N,,2009-01-09 16:07:31,,1998-05-25,100-819,서울특별시 중구 신당동 120-26,,,CDFF3242051998000009,3010000,,,,서울특별시 중구 다산로44길 33  (신당동),,03,폐업,N,,N,,,,22323707,,,,
N,근린생활시설,월드컵,2006-09-08,201590.358991805,451451.649536726,유통관련업,노래연습장업,,2026-05-06 22:38:15,I,03,폐업,N,N,,,,,,,N,,2006-09-08 15:12:39,,1998-05-29,100-819,서울특별시 중구 신당동 130-10,,,CDFF3242051998000010,3010000,,,,서울특별시 중구 퇴계로84길 5  (신당동),,03,폐업,N,,N,,,,22319040,,,,
,근린생활시설,라이브,1998-12-31,201204.11466592,451408.586453892,유통관련업,노래연습장업,,2026-05-06 22:38:15,I,03,폐업,,,,,0,,,,,,2003-02-11 18:21:03,,1998-06-24,100-823,서울특별시 중구 신당동 247-14,,,CDFF3242051998000011,3010000,,,,서울특별시 중구 퇴계로 386-1  (신당동),,03,폐업,,,,,,,,,,,
N,근린생활시설,전국노래자랑,2004-11-16,197954.086341527,450907.364737357,유통관련업,노래연습장업,,2026-05-06 22:38:15,I,03,폐업,N,N,,,,,,,N,,2004-11-16 09:04:52,,1998-07-01,100-094,서울특별시 중구 남대문로4가 3-4,,,CDFF3242051998000012,3010000,,,,,,03,폐업,N,,N,,,,,,,,
N,근린생활시설,데몰리션노래연습장,2020-04-24,199650.818851282,451009.585158532,유통관련업,노래연습장업,,2026-05-06 22:38:15,I,03,폐업,N,N,,,141,,,,,,2020-04-24 18:00:34,,1998-08-10,,서울특별시 중구 필동2가 55-0,,,CDFF3242051998000013,3010000,,,,서울특별시 중구 퇴계로42길 7  (필동2가),,03,폐업,N,,N,,,,22785953,,,,
N,,타워,2005-09-27,200613.510297669,451817.515366883,유통관련업,노래연습장업,,2026-05-06 22:38:28,I,03,폐업,N,N,,,106.68,,,2,N,7,2005-09-27 15:48:39,,2004-04-01,100-850,서울특별시 중구 을지로6가 17-2 프레야타운 지하1층 S007호,,,CDFF3242052004000002,3010000,,,,"서울특별시 중구 장충단로13길 20  (을지로6가,프레야타운 지하1층 S007호)",,03,폐업,N,,N,,,,22692251,,,1,
N,,에쿠스,2023-05-31,201918.161963316,451514.935561748,유통관련업,노래연습장업,,2026-05-06 22:38:28,I,03,폐업,N,N,,,170.9,,,,,7,2023-05-31 17:28:35,,2004-10-13,,서울특별시 중구 황학동 2519 (지하1층),,,CDFF3242052004000008,3010000,,,,"서울특별시 중구 퇴계로 449-23 (황학동,(지하1층))",,03,폐업,N,,N,,,,,,,,
N,,남산 노래연습장,2021-02-15,198050.130597169,450598.037458553,유통관련업,노래연습장업,,2026-05-06 22:38:28,I,03,폐업,N,N,,,121.81,,,1,Y,5,2022-05-03 15:33:32,,2004-12-17,,서울특별시 중구 회현동1가 176 지하1층,,,CDFF3242052004000010,3010000,,,,"서울특별시 중구 퇴계로4길 25 (회현동1가,지하1층)",,03,폐업,N,,N,,,,,,,,
N,,아쿠아,2005-11-16,200488.771189305,451524.878308043,유통관련업,노래연습장업,,2026-05-06 22:38:28,I,03,폐업,N,N,,,,,,1,N,15,2005-11-16 15:20:51,,2005-04-07,100-196,서울특별시 중구 을지로6가 23 지하1층,,,CDFF3242052005000001,3010000,,,,"서울특별시 중구 을지로 254  (을지로6가,지하1층)",,03,폐업,N,,N,,,,22799999,,,,
N,,황소,2009-06-02,199342.444580223,451137.087964962,유통관련업,노래연습장업,,2026-05-06 22:38:28,I,03,폐업,N,N,,,109.02,,3,,,4,2009-06-02 10:41:48,,2005-09-07,,서울특별시 중구 충무로3가 36-4 지상3층,,,CDFF3242052005000004,3010000,,,,"서울특별시 중구 충무로2길 2  (충무로3가,지상3층)",,03,폐업,N,,N,,,,,,,,
N,,떡볶이,2013-08-28,201216.130815537,451269.358648562,유통관련업,노래연습장업,,2026-05-06 22:38:28,I,03,폐업,N,N,,,172.33,,1,4,N,6,2013-08-29 09:36:52,,2005-11-14,,서울특별시 중구 신당동 241-6,,,CDFF3242052005000005,3010000,,,,서울특별시 중구 다산로35길 19  (신당동),,03,폐업,N,,N,,,,22311104,,,,
N,,황제,2012-09-03,198149.837723773,450736.472534574,유통관련업,노래연습장업,,2026-05-06 22:38:28,I,03,폐업,N,N,,,122.31,,,,N,7,2012-09-03 10:26:25,,2005-12-01,100-874,서울특별시 중구 회현동1가 184,,,CDFF3242052005000006,3010000,,,,서울특별시 중구 퇴계로8길 10  (회현동1가),,03,폐업,N,,N,,,,,,,1,
N,,용비어천가,2011-04-18,200607.349059464,451684.628634882,유통관련업,노래연습장업,,2026-05-06 22:38:28,I,03,폐업,N,N,,,47.84,,3,4,,4,2011-04-18 17:04:50,,2006-04-13,,서울특별시 중구 을지로6가 18-40,,,CDFF3242052006000002,3010000,,,,서울특별시 중구 장충단로 249-24  (을지로6가),,03,폐업,N,,N,,,,,,,,
N,,현대,2008-05-27,,,유통관련업,노래연습장업,,2026-05-06 22:38:28,I,03,폐업,N,N,,,75.67,,,2,N,5,2008-05-27 15:52:09,,2006-04-14,100-815,서울특별시 중구 신당동 44-11 외 7필지,,,CDFF3242052006000003,3010000,,,,,,03,폐업,N,,N,,,,22311593,,,1,
N,,아쿠아,2010-06-09,200488.771189305,451524.878308043,유통관련업,노래연습장업,,2026-05-06 22:38:29,I,03,폐업,N,N,,,92.55,,,,,4,2010-06-09 16:38:32,,2006-07-11,,서울특별시 중구 을지로6가 23 지하2층,,,CDFF3242052006000006,3010000,,,,"서울특별시 중구 을지로 254  (을지로6가,지하2층)",,03,폐업,N,,N,,,,,,,2,
,근린생활시설,채플린,2018-10-11,200513.43508997,451633.099004875,유통관련업,노래연습장업,,2026-05-06 22:38:29,I,03,폐업,,,,,211.71,,,,,7,2018-10-11 16:12:16,,2006-12-07,,서울특별시 중구 을지로6가 18-66 지상 4층,,,CDFF3242052006000008,3010000,,,상업지역,"서울특별시 중구 을지로41길 28 (을지로6가,지상 4층)",,03,폐업,,,,기타,,,02-2264-6383,,,,
,,OK 노래연습장,2020-09-22,201590.358991805,451451.649536726,유통관련업,노래연습장업,,2026-05-06 22:38:29,I,03,폐업,,,,,49.9,,,,,,2020-09-22 15:23:56,,2007-01-09,,서울특별시 중구 신당동 130-10 지하 1층,,,CDFF3242052007000001,3010000,,,상업지역,"서울특별시 중구 퇴계로84길 5  (신당동,지하 1층)",,03,폐업,,,,기타,,,22313382,,,,
,,실로암,2021-05-20,197156.145532304,450606.976833455,유통관련업,노래연습장업,,2026-05-06 22:38:29,I,03,폐업,,,,,30.96,,,,,7,2021-05-20 09:48:05,,2007-06-29,,서울특별시 중구 중림동 128-104 지상 3층,,,CDFF3242052007000002,3010000,,,일반상업지역,"서울특별시 중구 중림로 49 (중림동,지상 3층)",,03,폐업,,,,,,,02-3147-2980,,,,
,근린생활시설,럭셔리,2017-04-14,199994.148286986,451871.658487352,유통관련업,노래연습장업,,2026-05-06 22:38:29,I,03,폐업,,,,,99,,,2,Y,4,2017-04-14 15:22:57,,2007-08-03,,서울특별시 중구 주교동 24-1 지상 3층,,,CDFF3242052007000004,3010000,,,상업지역,"서울특별시 중구 청계천로 208 (주교동,지상 3층)",,03,폐업,,,,기타,,,,,,,
,,큐노래연습장,2021-07-02,200786.965349893,450318.003821582,유통관련업,노래연습장업,,2026-05-06 22:38:29,I,03,폐업,,Y,,,130.9,,,3,Y,6,2021-07-02 15:42:45,,2007-11-23,,서울특별시 중구 신당동 355-15 지하 1층,,,CDFF3242052007000006,3010000,,,일반상업지역,"서울특별시 중구 동호로 193-6 (신당동,지하 1층)",,03,폐업,,,,기타,,,,,,,
,,리듬 노래연습장,2014-07-07,200424.764906908,450943.348674822,유통관련업,노래연습장업,,2026-05-06 22:38:29,I,03,폐업,,,,,73.15,,,,,,2014-07-07 14:19:52,,2007-12-21,,서울특별시 중구 장충동1가 59-4 지상 2층,,,CDFF3242052007000008,3010000,,,,"서울특별시 중구 장충단로 177, 2층 (장충동1가)",,03,폐업,,,,,,,22648279,,,,
,,전국노래자랑 노래연습장,2020-12-03,199408.704733636,450968.796572417,유통관련업,노래연습장업,,2026-05-06 22:38:29,I,03,폐업,,,,,76.03,,,,,5,2020-12-03 14:58:59,,2008-01-02,,서울특별시 중구 필동2가 7-3 지하 1층,,,CDFF3242052008000001,3010000,,,,"서울특별시 중구 퇴계로 200, 지하1층 (필동2가)",04625,03,폐업,,,,,,,,,,,
,,퀸,2012-02-23,201262.196640351,451300.416976196,유통관련업,노래연습장업,,2026-05-06 22:38:29,I,03,폐업,,,,,147.86,,,,,,2012-02-27 11:24:32,,2008-01-18,,서울특별시 중구 무학동 41 지하 1층,,,CDFF3242052008000002,3010000,,,,"서울특별시 중구 다산로39길 11-9  (무학동,지하 1층)",,03,폐업,,,,,,,22317872,,,,
,,물결,2017-06-21,201122.570982746,451623.769078061,유통관련업,노래연습장업,,2026-05-06 22:38:29,I,03,폐업,,,,,199.7,,,,,,2017-06-21 16:03:15,,2008-04-01,,서울특별시 중구 신당동 251-77 지상 2층,,,CDFF3242052008000003,3010000,,,,"서울특별시 중구 퇴계로73가길 34  (신당동,지상 2층)",,03,폐업,,,,,,,,,,,
,,라이브 노래연습장,2010-09-02,198511.414257246,451155.719661173,유통관련업,노래연습장업,,2026-05-06 22:38:29,I,03,폐업,,,,,121.06,,,,,,2010-09-02 13:57:23,,2008-07-23,,서울특별시 중구 명동2가 54-32 지상 2층,,,CDFF3242052008000005,3010000,,,,"서울특별시 중구 명동4길 23  (명동2가,지상 2층)",,03,폐업,,,,,,,,,,,
,,미처날뛸 창2,2020-10-27,199666.235499147,451009.369604318,유통관련업,노래연습장업,,2026-05-06 22:38:29,I,03,폐업,,,,,68.82,,,,,5,2021-08-27 13:25:34,,2008-11-14,,서울특별시 중구 필동2가 58-1 2층,,,CDFF3242052008000006,3010000,,,,"서울특별시 중구 퇴계로44길 8-10 (필동2가,2층)",,03,폐업,,,,,,,,,,,
,,캐슬 노래연습장,2010-03-12,201493.81751023,451443.482518591,유통관련업,노래연습장업,,2026-05-06 22:38:30,I,03,폐업,,,,,,,,,,,2010-03-12 17:23:55,,2008-11-20,,서울특별시 중구 신당동 110-7 지하 1층,,,CDFF3242052008000007,3010000,,,,"서울특별시 중구 퇴계로 414  (신당동,지하 1층)",,03,폐업,,,,,,,,,,,
,근린생활시설,아시아,2009-07-16,199325.013411554,451250.997023543,유통관련업,노래연습장업,,2026-05-06 22:38:30,I,03,폐업,,,,,39.67,,,,,,2009-07-16 16:17:39,,2009-04-02,,서울특별시 중구 초동 40-4 2층,,,CDFF3242052009000003,3010000,,,일반상업지역,"서울특별시 중구 충무로 26-1  (초동,2층)",,03,폐업,,,,,,,22757599,,,,
,근린생활시설,필 노래연습장,2019-03-21,197597.047336082,450595.116844507,유통관련업,노래연습장업,,2026-05-06 22:38:30,I,03,폐업,,,,,83,,,,,,2019-03-21 10:57:11,,2009-04-08,100-801,서울특별시 중구 남대문로5가 84-20 지상 3층,,,CDFF3242052009000004,3010000,,,중심상업지역,"서울특별시 중구 세종대로2길 6  (남대문로5가,지상 3층)",,03,폐업,,,,,,,,,,,
,,M net 노래연습장,2014-01-23,200907.692423101,450306.640017588,유통관련업,노래연습장업,,2026-05-06 22:38:30,I,03,폐업,,,,,132.6,,,,Y,,2014-01-24 16:45:24,,2010-10-25,,서울특별시 중구 신당동 369-35 지하1층,,,CDFF3242052010000004,3010000,,,,"서울특별시 중구 다산로 128  (신당동,지하1층)",,03,폐업,,,,,,,,,,,
,,에이스노래연습장,2011-12-19,200613.510297669,451817.515366883,유통관련업,노래연습장업,,2026-05-06 22:38:30,I,03,폐업,,,,,144,,,,,,2011-12-21 10:14:08,,2011-09-30,,서울특별시 중구 을지로6가 17-2 케레스타 2층,,,CDFF3242052011000003,3010000,,,,"서울특별시 중구 장충단로13길 20  (을지로6가,케레스타 2층)",,03,폐업,,,,,,,22666466,,,,
,,퀸노래연습장,2023-06-14,201262.196640351,451300.416976196,유통관련업,노래연습장업,,2026-05-06 22:38:30,I,03,폐업,,,,,147.86,,,,Y,,2023-06-14 16:41:21,,2012-04-06,,서울특별시 중구 무학동 41,,,CDFF3242052012000002,3010000,,,,서울특별시 중구 다산로39길 11-9 (무학동),04611,03,폐업,,,,,,,22317372,,,,
,,케이팝노래연습장,2016-11-04,200961.609231754,450536.320940394,유통관련업,노래연습장업,,2026-05-06 22:38:30,I,03,폐업,,,,,198.15,,,,Y,,2016-11-04 16:31:20,,2012-08-13,,서울특별시 중구 신당동 370-69,,,CDFF3242052012000004,3010000,,,,서울특별시 중구 다산로 149 (신당동),04607,03,폐업,,,,,,,22322800,,,,
,,엠플러스노래연습장,2017-07-19,198467.126665171,451240.860896184,유통관련업,노래연습장업,,2026-05-06 22:38:31,I,03,폐업,,,,,102.48,,,2,Y,8,2017-07-19 15:46:14,,2013-11-06,,서울특별시 중구 명동2가 55-5 3층,,,CDFF3242052013000001,3010000,,,,"서울특별시 중구 명동4길 2, 3층 (명동2가)",04536,03,폐업,,,,,,,02-3789-6819,,,,
,,탑코인 노래연습장,2023-04-03,200809.411043139,450318.80879106,유통관련업,노래연습장업,,2026-05-06 22:38:31,I,03,폐업,,,,,105.7,,,12,Y,12,2023-04-04 15:07:09,,2015-10-08,,서울특별시 중구 신당동 360-2 지하1층,,,CDFF3242052015000003,3010000,,,,"서울특별시 중구 동호로 193, 지하1층 (신당동)",04598,03,폐업,,,,,,,,,,,
,,이브노래연습장,2020-02-17,200907.692423101,450306.640017588,유통관련업,노래연습장업,,2026-05-06 22:38:31,I,03,폐업,Y,Y,,,132.6,,,1,Y,6,2020-02-17 17:53:13,,2016-12-26,,서울특별시 중구 신당동 369-35 지하1층,,,CDFF3242052016000003,3010000,,,,"서울특별시 중구 다산로 128, 지하1층 (신당동)",04590,03,폐업,,,,,,,,,,1,
,,썬 노래연습장,2018-10-11,201525.161121474,451401.193490914,유통관련업,노래연습장업,,2026-05-06 22:38:31,I,03,폐업,Y,Y,,,130.51,,,,,6,2018-10-11 16:12:42,,2017-04-17,,서울특별시 중구 신당동 121-1,,,CDFF3242052017000001,3010000,,,,서울특별시 중구 다산로44길 20 (신당동),04577,03,폐업,,,,,,,22353373,,,,
,,신내 노래연습장,1999-08-31,208560.759625644,455826.847497291,유통관련업,노래연습장업,,2026-05-06 22:38:04,I,03,폐업,,,,,0,,,,,,2003-04-18 17:03:26,,1994-08-24,131-868,서울특별시 중랑구 신내동 472-1,,,CDFF3242051994000017,3060000,,,,서울특별시 중랑구 봉화산로56길 87  (신내동),,03,폐업,,,,,,,,,,,
,,사계절 노래연습장,2001-04-16,,,유통관련업,노래연습장업,,2026-05-06 22:38:05,I,03,폐업,,,,,0,,,,,,2003-04-18 17:03:26,,1994-09-05,131-827,서울특별시 중랑구 면목동 661-63,,,CDFF3242051994000018,3060000,,,,,,03,폐업,,,,,,,,,,,
,,하모니노래연습장,2002-04-02,206711.097913283,454620.769366564,유통관련업,노래연습장업,,2026-05-06 22:38:05,I,03,폐업,,,,,0,,0,,,,2003-04-18 17:03:26,,1994-09-17,131-861,서울특별시 중랑구 상봉동 129-86,,,CDFF3242051994000019,3060000,,,,서울특별시 중랑구 망우로 216  (상봉동),,03,폐업,,,,,,,,,0,0,
,,만남,2011-04-27,206717.441952751,454325.417156165,유통관련업,노래연습장업,,2026-05-06 22:38:06,I,03,폐업,,,,,0,,0,,,,2011-04-27 16:53:14,,1994-11-28,131-823,서울특별시 중랑구 면목동 182-130,,,CDFF3242051994000021,3060000,,,,서울특별시 중랑구 동일로109길 61  (면목동),,03,폐업,,,,,,,,,0,0,
,,에프원노래연습장,2012-12-26,208608.523141255,455289.134255653,유통관련업,노래연습장업,,2026-05-06 22:38:07,I,03,폐업,,,,,109.16,,0,2,Y,,2012-12-26 15:04:17,,1995-01-12,,서울특별시 중랑구 망우동 488-1,,,CDFF3242051995000001,3060000,,,,서울특별시 중랑구 용마산로117길 41  (망우동),,03,폐업,,,,,,,,,0,0,
,,스타 노래연습장,2001-08-08,206810.711624991,453943.415358175,유통관련업,노래연습장업,,2026-05-06 22:38:07,I,03,폐업,,,,,0,,,,,,2003-04-18 17:03:26,,1995-08-18,131-820,서울특별시 중랑구 면목동 177-15,,,CDFF3242051995000006,3060000,,,,서울특별시 중랑구 동일로99길 33  (면목동),,03,폐업,,,,,,,22075885,,,,
,,열린 노래연습장,1999-07-27,206487.770751779,454468.352322619,유통관련업,노래연습장업,,2026-05-06 22:38:08,I,03,폐업,,,,,0,,,,,,2003-04-18 17:03:26,,1995-10-06,131-861,서울특별시 중랑구 상봉동 136-25,,,CDFF3242051995000007,3060000,,,,서울특별시 중랑구 중랑천로12길 24  (상봉동),,03,폐업,,,,,,,22078812,,,,
N,,별 노래연습장,2003-06-17,206860.00552481,453754.52941695,유통관련업,노래연습장업,,2026-05-06 22:38:08,I,03,폐업,N,N,,,,,,,N,,2003-06-17 17:37:55,,1995-12-09,131-822,서울특별시 중랑구 면목동 175-11 12,,,CDFF3242051995000008,3060000,,,,"서울특별시 중랑구 겸재로10길 3  (면목동,12)",,03,폐업,N,,N,,,,,,,,
,,런던파크 노래연습장,2000-02-14,206871.131075903,455500.499705087,유통관련업,노래연습장업,,2026-05-06 22:38:08,I,03,폐업,,,,,0,,,,,,2003-04-18 17:03:26,,1995-12-14,131-881,서울특별시 중랑구 중화동 305-45,,,CDFF3242051995000009,3060000,,,,서울특별시 중랑구 봉화산로 39  (중화동),,03,폐업,,,,,,,,,,,
,,새서울 노래연습장,1999-11-11,206492.665028692,454382.416306872,유통관련업,노래연습장업,,2026-05-06 22:38:08,I,03,폐업,,,,,0,,0,,,,2003-04-18 17:03:26,,1996-02-22,131-823,서울특별시 중랑구 면목동 186-151,,,CDFF3242051996000001,3060000,,,,서울특별시 중랑구 중랑천로10길 22  (면목동),,03,폐업,,,,,,,,,0,0,
N,,또또노래연습장,2003-07-25,206681.064109756,456873.318730658,유통관련업,노래연습장업,,2026-05-06 22:38:08,I,03,폐업,N,N,,,,,,,N,,2004-01-07 12:02:45,,1996-04-10,131-851,서울특별시 중랑구 묵동 234-52,,,CDFF3242051996000003,3060000,,,,서울특별시 중랑구 동일로 939  (묵동),,03,폐업,N,,N,,,,,,,,
N,,에이스 노래연습장,2018-10-01,206809.094299831,454593.781622318,유통관련업,노래연습장업,,2026-05-06 22:38:08,I,03,폐업,N,N,,,94.05,,2,,,,2018-10-01 14:23:46,,1996-06-27,131-861,서울특별시 중랑구 상봉동 129-26 (2층),,,CDFF3242051996000005,3060000,,,,"서울특별시 중랑구 망우로36길 14  (상봉동,(2층))",,03,폐업,N,,N,,,,,,,,
N,근린생활시설,부라보노래연습장,2007-01-10,206701.081081521,454570.644341917,유통관련업,노래연습장업,,2026-05-06 22:38:08,I,03,폐업,N,N,,,66.11,,2,1,Y,,2007-01-10 14:15:07,,1996-08-20,131-861,서울특별시 중랑구 상봉동 129-66 지상2층,,,CDFF3242051996000006,3060000,,,일반주거지역,"서울특별시 중랑구 망우로32길 11  (상봉동,지상2층)",,03,폐업,N,,N,주택가주변,,,22091964,,3,1,
N,,팡팡노래연습장,2020-01-08,207690.415711104,455276.799243998,유통관련업,노래연습장업,,2026-05-06 22:38:09,I,03,폐업,N,N,,,176.48,,,,,5,2020-01-09 14:53:29,,1996-10-28,,서울특별시 중랑구 상봉동 268-5,,,CDFF3242051996000008,3060000,,,,서울특별시 중랑구 상봉중앙로1길 78 (상봉동),,03,폐업,N,,N,,,,,,,,
,,MT노래방,2020-01-16,208439.530681347,453970.488038893,유통관련업,노래연습장업,,2026-05-06 22:38:10,I,03,폐업,,,,,0,,0,,,,2020-01-16 17:31:23,,1996-12-11,131-811,서울특별시 중랑구 면목동 19-4,,,CDFF3242051996000010,3060000,,,,서울특별시 중랑구 용마산로 410  (면목동),,03,폐업,,,,,,,,,0,0,
,,늘푸른연습장,2000-07-03,208663.451595455,456169.220843508,유통관련업,노래연습장업,,2026-05-06 22:38:10,I,03,폐업,,,,,0,,0,,,,2003-04-18 17:03:26,,1997-02-15,131-866,서울특별시 중랑구 신내동 393-5,,,CDFF3242051997000001,3060000,,,,서울특별시 중랑구 봉화산로 236  (신내동),,03,폐업,,,,,,,22095545,,0,0,
,,팡파레노래연습장,2000-02-29,206917.83316062,457023.152883521,유통관련업,노래연습장업,,2026-05-06 22:38:10,I,03,폐업,,,,,0,,0,,,,2003-04-18 17:03:26,,1997-04-02,131-848,서울특별시 중랑구 묵동 300-1,,,CDFF3242051997000002,3060000,,,,서울특별시 중랑구 공릉로 56  (묵동),,03,폐업,,,,,,,,,0,0,
,,명성노래방,2001-09-18,207463.759438885,452101.45277602,유통관련업,노래연습장업,,2026-05-06 22:38:10,I,03,폐업,,,,,0,,0,,,,2003-04-18 17:03:26,,1997-08-13,131-829,서울특별시 중랑구 면목동 393-51,,,CDFF3242051997000004,3060000,,,,서울특별시 중랑구 답십리로 403  (면목동),,03,폐업,,,,,,,,,0,0,
,,꾸러기 노래연습장,2001-01-31,206815.38898871,454637.619748302,유통관련업,노래연습장업,,2026-05-06 22:38:10,I,03,폐업,,,,,0,,,,,,2003-04-18 17:03:26,,1997-08-26,131-861,서울특별시 중랑구 상봉동 128-44,,,CDFF3242051997000005,3060000,,,,서울특별시 중랑구 망우로36길 11  (상봉동),,03,폐업,,,,,,,,,,,
,,스카이노래연습장,2018-07-02,206833.203493928,455178.793195339,유통관련업,노래연습장업,,2026-05-06 22:38:11,I,03,폐업,,,,,100,,,,,7,2018-07-02 22:33:47,,1997-12-11,,서울특별시 중랑구 중화동 302-75,,,CDFF3242051997000010,3060000,,,,서울특별시 중랑구 중랑역로 62 (중화동),,03,폐업,,,,,,,,,,1,
N,근린생활시설,25시노래연습장,2011-11-07,,,유통관련업,노래연습장업,,2026-05-06 22:38:11,I,03,폐업,N,N,,,153.39,,5,4,N,9,2011-11-08 11:15:13,,1998-01-22,131-803,서울특별시 중랑구 망우동 340-18 지하,,,CDFF3242051998000001,3060000,,,일반주거지역,"서울특별시 중랑구 용마산로118길 14  (망우동,지하)",,03,폐업,N,,N,,,,,,6,1,
,,팡팡 노래연습장,2000-11-16,206448.314200373,454078.749529697,유통관련업,노래연습장업,,2026-05-06 22:38:11,I,03,폐업,,,,,0,,,,,,2003-04-18 17:03:26,,1998-08-20,131-824,서울특별시 중랑구 면목동 192-70,,,CDFF3242051998000004,3060000,,,,서울특별시 중랑구 봉우재로 2  (면목동),,03,폐업,,,,,,,,,,,
N,,엑스포 노래연습장,2005-06-15,206594.751652573,456685.231431413,유통관련업,노래연습장업,,2026-05-06 22:38:11,I,03,폐업,N,N,,,,,,,N,,2005-06-15 18:07:11,,1998-09-24,131-851,서울특별시 중랑구 묵동 237-125,,,CDFF3242051998000005,3060000,,,,서울특별시 중랑구 중랑역로 213-1  (묵동),,03,폐업,N,,N,,,,,,,,
N,,따봉노래연습장,2018-10-19,207562.458844463,454002.437933163,유통관련업,노래연습장업,,2026-05-06 22:38:11,I,03,폐업,N,N,,,66,,,1,Y,4,2018-10-19 13:42:10,,1999-04-16,,서울특별시 중랑구 면목동 120-22 2층,,,CDFF3242051999000004,3060000,,,,서울특별시 중랑구 겸재로 169 (면목동),02146,03,폐업,N,,N,,,,,,,,
,,코러스노래방,2002-03-05,206696.281677722,454585.428040874,유통관련업,노래연습장업,,2026-05-06 22:38:11,I,03,폐업,,,,,0,,0,,,,2003-04-18 17:03:26,,1999-06-08,131-861,서울특별시 중랑구 상봉동 129-11,,,CDFF3242051999000006,3060000,,,,서울특별시 중랑구 망우로32길 7  (상봉동),,03,폐업,,,,,,,,,0,0,
N,,토마토노래연습장,2023-12-07,206931.473752031,455226.87204724,유통관련업,노래연습장업,,2026-05-06 22:38:12,I,03,폐업,N,N,,,100,,,1,Y,4,2023-12-07 11:28:27,,1999-06-14,,서울특별시 중랑구 중화동 301-86,,,CDFF3242051999000007,3060000,,,,서울특별시 중랑구 동일로129길 7 (중화동),,03,폐업,N,,N,,,,,,4,1,
,,우리노래방,2016-04-19,207729.175659582,453342.232542102,유통관련업,노래연습장업,,2026-05-06 22:38:12,I,03,폐업,,,,,0,,0,,,,2016-04-19 17:51:43,,1999-06-21,131-831,서울특별시 중랑구 면목동 497-7,,,CDFF3242051999000008,3060000,,,,서울특별시 중랑구 면목로 341  (면목동),,03,폐업,,,,,,,,,0,0,
,,21C노래방,2002-08-13,206967.40241226,455094.095344492,유통관련업,노래연습장업,,2026-05-06 22:38:12,I,03,폐업,,,,,0,,0,,,,2003-04-18 17:03:26,,1999-07-03,131-880,서울특별시 중랑구 중화동 301-28,,,CDFF3242051999000010,3060000,,,,서울특별시 중랑구 동일로 759  (중화동),,03,폐업,,,,,,,,,0,0,
,,소리노래방,2000-10-04,,,유통관련업,노래연습장업,,2026-05-06 22:38:12,I,03,폐업,,,,,0,,0,,,,2003-04-18 17:03:26,,1999-09-09,131-833,서울특별시 중랑구 면목동 1084-9,,,CDFF3242051999000015,3060000,,,,서울특별시 중랑구 용마산로 320-1  (면목동),,03,폐업,,,,,,,,,0,0,
N,,판테온노래연습장,2003-10-01,206659.973725483,454602.592730634,유통관련업,노래연습장업,,2026-05-06 22:38:13,I,03,폐업,N,N,,,,,,,N,,2003-10-01 18:04:43,,1999-12-30,131-861,서울특별시 중랑구 상봉동 130-0,,,CDFF3242051999000021,3060000,,,,서울특별시 중랑구 망우로 212  (상봉동),,03,폐업,N,,N,,,,22081980,,,,
N,,신아노래연습실,2011-03-28,208295.099818379,456014.999180519,유통관련업,노래연습장업,,2026-05-06 22:38:13,I,03,폐업,N,N,,,191.28,,,,,,2011-03-28 16:28:27,,1999-12-30,,"서울특별시 중랑구 신내동 666 619,620호",,,CDFF3242051999000022,3060000,,,,"서울특별시 중랑구 봉화산로 194  (신내동,619,620호)",,03,폐업,N,,N,,,,34230333,,,,
N,,뮤즈노래방,2004-01-29,209508.281405411,455300.504574835,유통관련업,노래연습장업,,2026-05-06 22:38:13,I,03,폐업,N,N,,,,,,,N,,2004-01-29 09:47:39,,2000-01-13,131-802,서울특별시 중랑구 망우동 573-0,,,CDFF3242052000000001,3060000,,,,,,03,폐업,N,,N,,,,,,,,
,근린생활시설,새천년노래연습장,2019-09-06,206871.131075903,455500.499705087,유통관련업,노래연습장업,,2026-05-06 22:38:13,I,03,폐업,,,,,228.96,,,,,7,2019-09-06 10:41:43,,2000-04-17,,서울특별시 중랑구 중화동 305-45,,,CDFF3242052000000004,3060000,,,,서울특별시 중랑구 봉화산로 39 (중화동),02017,03,폐업,,,,기타,,,,,5,1,
,,무쏘노래연습장,2022-02-04,206607.440064595,454286.635021068,유통관련업,노래연습장업,,2026-05-06 22:38:13,I,03,폐업,,,,,104.44,,0,,,4,2022-02-04 16:11:57,,2000-09-05,,서울특별시 중랑구 면목동 182-35,,,CDFF3242052000000005,3060000,,,,서울특별시 중랑구 동일로109길 83 (면목동),,03,폐업,,,,,,,,,0,0,
N,근린생활시설,한양노래연습장,2020-04-21,206613.241003787,456967.920081592,유통관련업,노래연습장업,,2026-05-06 22:38:14,I,03,폐업,N,N,,,137.31,,4,,N,,2020-04-21 14:25:00,,2001-01-16,131-851,서울특별시 중랑구 묵동 234-15 지하,,,CDFF3242052001000001,3060000,,,일반주거지역,"서울특별시 중랑구 중랑역로 244  (묵동,지하)",,03,폐업,N,,N,기타,,,,,5,1,
,,시네마노래연습장,2002-08-22,207785.163886948,454948.667169479,유통관련업,노래연습장업,,2026-05-06 22:38:14,I,03,폐업,,,,,0,,0,,,,2003-04-18 17:03:26,,2001-04-06,131-858,서울특별시 중랑구 상봉동 92-2 지층 2호,,,CDFF3242052001000004,3060000,,,,"서울특별시 중랑구 망우로 328  (상봉동,지층 2호)",,03,폐업,,,,,,,,,0,0,
N,,테크노 노래연습장,2019-12-30,206699.417508254,454450.179550184,유통관련업,노래연습장업,,2026-05-06 22:38:14,I,03,폐업,N,N,,,79.32,,,,,4,2019-12-30 13:52:14,,2001-06-08,,서울특별시 중랑구 면목동 185-9,,,CDFF3242052001000008,3060000,,,,서울특별시 중랑구 중랑천로10길 66 (면목동),02125,03,폐업,N,,N,,,,,,,1,
,,빵빠레노래연습장,2014-03-19,206718.808214791,456678.191104532,유통관련업,노래연습장업,,2026-05-06 22:38:14,I,03,폐업,,,,,0,,,,,,2014-03-19 11:33:35,,2001-07-02,131-851,서울특별시 중랑구 묵동 238-12,,,CDFF3242052001000011,3060000,,,,서울특별시 중랑구 동일로 917-4  (묵동),,03,폐업,,,,,,,,,,,
N,,아싸노래연습장,2005-07-18,206297.016274369,454775.360554006,유통관련업,노래연습장업,,2026-05-06 22:38:15,I,03,폐업,N,N,,,,,,,N,,2005-07-18 15:44:13,,2001-08-01,131-878,서울특별시 중랑구 중화동 324-9,,,CDFF3242052001000012,3060000,,,,서울특별시 중랑구 중랑천로 111-1  (중화동),,03,폐업,N,,N,,,,22079996,,,,
N,,영노래연습장,2006-03-02,207350.972280361,452734.46922948,유통관련업,노래연습장업,,2026-05-06 22:38:15,I,03,폐업,N,N,,,,,,,N,,2006-03-02 16:31:24,,2001-08-03,131-827,서울특별시 중랑구 면목동 668-60,,,CDFF3242052001000013,3060000,,,,서울특별시 중랑구 사가정로50길 98  (면목동),,03,폐업,N,,N,,,,,,,,
,,MVP노래연습장,2010-01-04,207655.291092379,454993.657588592,유통관련업,노래연습장업,,2026-05-06 22:38:15,I,03,폐업,,,,,0,,0,,,,2010-01-04 17:44:49,,2001-08-20,,서울특별시 중랑구 상봉동 99-10,,,CDFF3242052001000014,3060000,,,,서울특별시 중랑구 망우로 315  (상봉동),,03,폐업,,,,,,,22070830,,0,0,
N,,월드컵노래연습장,2003-10-23,,,유통관련업,노래연습장업,,2026-05-06 22:38:15,I,03,폐업,N,N,,,,,,,N,,2003-10-23 11:49:47,,2001-08-27,131-866,서울특별시 중랑구 신내동 541-2,,,CDFF3242052001000015,3060000,,,,,,03,폐업,N,,N,,,,,,,,
N,,황제노래연습장,2008-02-14,206718.808214791,456678.191104532,유통관련업,노래연습장업,,2026-05-06 22:38:17,I,03,폐업,N,N,,,,,,,N,,2008-02-14 09:55:37,,2001-09-28,131-851,서울특별시 중랑구 묵동 238-12,,,CDFF3242052001000019,3060000,,,,서울특별시 중랑구 동일로 917-4  (묵동),,03,폐업,N,,N,,,,,,,,
N,근린생활시설,명성노래연습장,2004-08-31,207463.759438885,452101.45277602,유통관련업,노래연습장업,,2026-05-06 22:38:19,I,03,폐업,N,N,,,,,,,N,,2004-08-31 19:31:17,,2001-10-23,131-829,서울특별시 중랑구 면목동 393-51,,,CDFF3242052001000023,3060000,,,근린상업지역,서울특별시 중랑구 답십리로 403  (면목동),,03,폐업,N,,N,,,,,,,,
N,,하옥노래연습장,2006-12-01,208281.138263657,453731.807589003,유통관련업,노래연습장업,,2026-05-06 22:38:20,I,03,폐업,N,N,,,,,,,N,,2006-12-01 13:34:00,,2001-10-27,131-814,서울특별시 중랑구 면목동 67-2,,,CDFF3242052001000024,3060000,,전체이용가,,서울특별시 중랑구 용마산로 381  (면목동),,03,폐업,N,,N,,,,22084224,,,,
N,,와와노래연습장,2019-02-25,206678.212185389,456372.652149467,유통관련업,노래연습장업,,2026-05-06 22:38:20,I,03,폐업,N,N,,,97.5,,,0,,4,2019-02-25 17:01:12,,2001-11-07,,서울특별시 중랑구 묵동 244-117,,,CDFF3242052001000027,3060000,,,,서울특별시 중랑구 동일로157길 25 (묵동),,03,폐업,N,,N,,,,,,,,
N,,포인트노래연습장,2007-01-19,208172.817072963,454822.951740457,유통관련업,노래연습장업,,2026-05-06 22:38:21,I,03,폐업,N,N,,,,,,,N,,2007-01-19 09:55:35,,2001-12-11,131-809,서울특별시 중랑구 망우동 506-8,,,CDFF3242052001000033,3060000,,,,서울특별시 중랑구 상봉로 110  (망우동),,03,폐업,N,,N,,,,,,,,
N,근린생활시설,즐거운노래연습장,2018-09-07,206604.835791303,456604.18448646,유통관련업,노래연습장업,,2026-05-06 22:38:21,I,03,폐업,N,N,,,110.1,,,1,Y,5,2018-09-07 09:40:53,,2001-12-12,,서울특별시 중랑구 묵동 240-1 지하,,,CDFF3242052001000034,3060000,,,일반주거지역,"서울특별시 중랑구 중랑역로 205 (묵동,지하)",,03,폐업,N,,N,기타,,,,,6,1,
N,,자기연출노래연습장,2007-04-18,206673.28517937,455876.125311368,유통관련업,노래연습장업,,2026-05-06 22:38:21,I,03,폐업,N,N,,,,,,,N,,2007-04-18 16:13:34,,2001-12-18,131-853,서울특별시 중랑구 묵동 249-104,,,CDFF3242052001000038,3060000,,,,서울특별시 중랑구 동일로143길 38  (묵동),,03,폐업,N,,N,,,,,,,,
,,월드컵노래연습장,2002-10-16,207683.608993998,453071.827543665,유통관련업,노래연습장업,,2026-05-06 22:38:22,I,03,폐업,,,,,0,,0,,,,2003-04-18 17:03:26,,2001-12-31,131-828,서울특별시 중랑구 면목동 634-5,,,CDFF3242052001000040,3060000,,,,서울특별시 중랑구 면목로 311  (면목동),,03,폐업,,,,,,,,,0,0,
N,,두리노래연습장,2005-01-03,207827.820897716,453162.872239929,유통관련업,노래연습장업,,2026-05-06 22:38:22,I,03,폐업,N,N,,,,,,1,Y,7,2010-03-02 09:47:14,,2002-01-18,,서울특별시 중랑구 면목동 472-18,,,CDFF3242052002000001,3060000,,,,서울특별시 중랑구 사가정로 401  (면목동),,03,폐업,N,,N,,,,,,,,
,,미리내노래연습장,2024-07-11,207719.910252035,453466.416715663,유통관련업,노래연습장업,,2026-05-06 22:38:22,I,03,폐업,,,,,0,,,,,5,2024-07-11 11:32:03,,2002-02-05,,서울특별시 중랑구 면목동 498-5,,,CDFF3242052002000004,3060000,,,,서울특별시 중랑구 면목로 353 (면목동),,03,폐업,,,,,,,02-434-3359,,,,
N,근린생활시설,팔도노래연습장,2021-09-10,207723.491871313,453445.631006932,유통관련업,노래연습장업,,2026-05-06 22:38:22,I,03,폐업,N,N,,,176.23,,2,2,Y,9,2021-09-10 11:34:53,,2002-02-19,,서울특별시 중랑구 면목동 498-18 2층,,,CDFF3242052002000006,3060000,,,,"서울특별시 중랑구 면목로 351 (면목동,2층)",,03,폐업,N,,N,,,,,,2,,
N,,킹노래연습장,2007-04-09,207717.514624933,453864.574120806,유통관련업,노래연습장업,,2026-05-06 22:38:22,I,03,폐업,N,N,,,,,,,N,,2007-04-09 16:16:38,,2002-03-12,131-815,서울특별시 중랑구 면목동 359-15,,,CDFF3242052002000008,3060000,,,,서울특별시 중랑구 면목로 394  (면목동),,03,폐업,N,,N,,,,22085682,,,,
N,근린생활시설,엣지노래연습장,2019-08-23,206657.247125169,454460.520169562,유통관련업,노래연습장업,,2026-05-06 22:38:23,I,03,폐업,N,N,,,86.24,,,0,,4,2019-08-23 17:05:43,,2002-03-22,,서울특별시 중랑구 상봉동 130-157,,,CDFF3242052002000014,3060000,,,근린상업지역,서울특별시 중랑구 중랑천로10길 57 (상봉동),,03,폐업,N,,N,기타,,,22096131,,,1,
N,,뉴슈팅노래연습장,2021-08-18,207807.657649212,454906.600906178,유통관련업,노래연습장업,,2026-05-06 22:38:23,I,03,폐업,Y,Y,,,158.63,,2,,,10,2021-08-18 18:00:15,,2002-04-04,,서울특별시 중랑구 상봉동 89-1 지상2층,,,CDFF3242052002000016,3060000,,,,"서울특별시 중랑구 망우로50길 15 (상봉동,지상2층)",,03,폐업,N,,Y,,,,,,,,
,,힐링노래연습장,2025-06-30,207870.434093971,454807.934645678,유통관련업,노래연습장업,,2026-05-06 22:38:23,I,03,폐업,,,,,126.75,,0,,,5,2025-06-30 11:15:25,,2002-05-07,,서울특별시 중랑구 상봉동 88-49,,,CDFF3242052002000026,3060000,,,,서울특별시 중랑구 봉우재로33길 86 (상봉동),02151,03,폐업,,,,,,,,,0,0,
N,,쉼터노래연습장,2006-02-21,206740.907167416,454334.486378883,유통관련업,노래연습장업,,2026-05-06 22:38:24,I,03,폐업,N,N,,,,,,,N,,2006-02-21 17:30:34,,2002-05-22,131-823,서울특별시 중랑구 면목동 182-1,,,CDFF3242052002000031,3060000,,,,서울특별시 중랑구 동일로109길 55  (면목동),,03,폐업,N,,N,,,,22087172,,,,
,,SBS노래연습장,2025-03-31,208753.865760281,454841.528027962,유통관련업,노래연습장업,,2026-05-06 22:38:24,I,03,폐업,,,,,0,,0,,,7,2025-03-31 14:50:44,,2002-06-22,,서울특별시 중랑구 망우동 465-14,,,CDFF3242052002000039,3060000,,,,서울특별시 중랑구 용마산로 501 (망우동),,03,폐업,,,,,,,02-433-0920,,0,0,
N,,드림파크노래연습장,2003-08-11,207775.957125987,454896.851904329,유통관련업,노래연습장업,,2026-05-06 22:38:24,I,03,폐업,N,N,,,,,,3,N,,2003-08-11 18:14:10,,2002-07-16,131-859,서울특별시 중랑구 상봉동 90-1,,,CDFF3242052002000047,3060000,,,,서울특별시 중랑구 망우로50길 18  (상봉동),,03,폐업,N,,N,,,,,,,,
,,작은별노래연습장,2023-01-31,206924.157942024,455259.589126207,유통관련업,노래연습장업,,2026-05-06 22:38:25,I,03,폐업,,,,,0,,0,8,Y,9,2023-01-31 13:46:40,,2002-07-22,,서울특별시 중랑구 중화동 303-18,,,CDFF3242052002000049,3060000,,,,서울특별시 중랑구 동일로129길 10 (중화동),,03,폐업,,,,,,,,,0,1,
N,,즐거운노래연습장,2008-03-19,207573.631574391,452951.544619497,유통관련업,노래연습장업,,2026-05-06 22:38:25,I,03,폐업,N,N,,,,,,,N,,2008-03-19 11:40:25,,2002-07-31,131-828,서울특별시 중랑구 면목동 626-8,,,CDFF3242052002000050,3060000,,,,서울특별시 중랑구 면목로 294  (면목동),,03,폐업,N,,N,,,,22477714,,,,
N,,뉴월드노래연습장,2011-07-21,207737.683296773,454894.914201783,유통관련업,노래연습장업,,2026-05-06 22:38:25,I,03,폐업,N,N,,,,,,,,,2011-07-21 11:40:14,,2002-08-23,,서울특별시 중랑구 상봉동 90-31 지하1층,,,CDFF3242052002000054,3060000,,,,"서울특별시 중랑구 면목로96길 48  (상봉동,지하1층)",,03,폐업,N,,N,,,,,,,,
N,,쎄븐 노래연습장,2016-01-11,208400.589110415,455124.633124068,유통관련업,노래연습장업,,2026-05-06 22:38:26,I,03,폐업,N,N,,,226.74,,,,,7,2016-01-11 17:57:33,,2002-09-03,,"서울특별시 중랑구 망우동 490-3 5,6,32호",,,CDFF3242052002000061,3060000,,,,"서울특별시 중랑구 망우로 390 (망우동,5,6,32호)",,03,폐업,N,,N,,,,,,,1,
,,궁전노래연습장,2011-05-06,206835.946918058,453802.449165095,유통관련업,노래연습장업,,2026-05-06 22:38:26,I,03,폐업,,,,,0,,0,,,,2011-05-06 09:57:13,,2002-09-16,,서울특별시 중랑구 면목동 177-50,,,CDFF3242052002000065,3060000,,,,,,03,폐업,,,,,,,,,0,0,
N,,앵무새노래연습장,2018-07-27,,,유통관련업,노래연습장업,,2026-05-06 22:38:26,I,03,폐업,N,N,,,,,,2,,5,2018-07-27 11:08:17,,2002-09-27,,서울특별시 중랑구 면목동 166-43,,,CDFF3242052002000067,3060000,,,,서울특별시 중랑구 사가정로 335 (면목동),,03,폐업,N,,N,,,,,,,,
,,O.K 노래연습장,2023-03-14,207759.745765074,453611.571364996,유통관련업,노래연습장업,,2026-05-06 22:38:27,I,03,폐업,,,,,198,,0,0,,7,2023-03-14 13:52:06,,2002-10-17,,서울특별시 중랑구 면목동 412-3,,,CDFF3242052002000080,3060000,,,,서울특별시 중랑구 면목로 368 (면목동),,03,폐업,,,,,,,,,0,0,
,,테마노래연습장,2018-06-04,208457.071353064,456153.414908527,유통관련업,노래연습장업,,2026-05-06 22:38:27,I,03,폐업,,,,,0,,0,2,Y,7,2018-06-04 19:06:00,,2002-10-18,,서울특별시 중랑구 신내동 613-10 낙원빌딩,,,CDFF3242052002000081,3060000,,,,"서울특별시 중랑구 봉화산로 215  (신내동,낙원빌딩)",,03,폐업,,,,,,,34217866,,0,0,
,,로타리노래연습장,2023-09-26,206962.753099032,454339.675120425,유통관련업,노래연습장업,,2026-05-06 22:38:27,I,03,폐업,,,,,67,,0,4,Y,4,2023-09-26 17:11:50,,2002-10-24,,서울특별시 중랑구 면목동 183-39,,,CDFF3242052002000083,3060000,,,,서울특별시 중랑구 봉우재로 59 (면목동),,03,폐업,,,,,,,,,0,0,
N,,차차차노래연습장,2007-07-30,206919.109075157,455450.74541337,유통관련업,노래연습장업,,2026-05-06 22:38:27,I,03,폐업,N,N,,,,,,,N,,2007-07-30 15:00:24,,2002-10-25,131-881,서울특별시 중랑구 중화동 303-1,,,CDFF3242052002000084,3060000,,,,서울특별시 중랑구 동일로 795  (중화동),,03,폐업,N,,N,,,,22081835,,,,
N,,로데오노래연습장,2005-08-04,207774.677437173,453273.943220367,유통관련업,노래연습장업,,2026-05-06 22:38:27,I,03,폐업,N,N,,,118,,,,Y,,2005-09-07 09:12:38,,2002-10-29,131-813,서울특별시 중랑구 면목동 459-12,,,CDFF3242052002000086,3060000,,,,서울특별시 중랑구 면목로 334  (면목동),,03,폐업,N,,N,,,,,,,,
,,마돈나노래연습장,2013-11-21,208430.677480744,453944.188797295,유통관련업,노래연습장업,,2026-05-06 22:38:28,I,03,폐업,,,,,181,,0,5,Y,,2013-11-21 09:50:31,,2002-11-15,,서울특별시 중랑구 면목동 51-1,,,CDFF3242052002000095,3060000,,,,서울특별시 중랑구 용마산로 408  (면목동),,03,폐업,,,,,,,,,0,0,
N,근린생활시설,약속노래연습장,2008-04-03,207863.641124297,454696.129429337,유통관련업,노래연습장업,,2026-05-06 22:38:28,I,03,폐업,N,N,,,112.02,,4,,N,,2008-04-03 16:50:52,,2002-12-12,131-859,서울특별시 중랑구 상봉동 87-30 (지하),,,CDFF3242052002000103,3060000,,,준주거지역,"서울특별시 중랑구 봉우재로43길 21  (상봉동,(지하))",,03,폐업,N,,N,기타,,,,,5,1,
,,스카이노래연습장,2023-11-21,208470.998048948,454057.771605911,유통관련업,노래연습장업,,2026-05-06 22:38:28,I,03,폐업,,,,,203.28,,0,2,Y,7,2023-11-21 15:50:28,,2002-12-13,,서울특별시 중랑구 면목동 19-72,,,CDFF3242052002000106,3060000,,,,서울특별시 중랑구 용마산로 418 (면목동),,03,폐업,,,,,,,,,0,0,
N,,악쓰는하마노래연습장,2007-04-04,206688.19700605,454522.710167583,유통관련업,노래연습장업,,2026-05-06 22:38:28,I,03,폐업,N,N,,,,,,,N,,2007-04-04 15:05:10,,2002-12-20,131-861,서울특별시 중랑구 상봉동 130-5,,,CDFF3242052002000108,3060000,,,,서울특별시 중랑구 망우로32길 20  (상봉동),,03,폐업,N,,N,,,,22085399,,,1,
,,로또 노래연습장,2019-07-09,206891.774000756,454397.499830149,유통관련업,노래연습장업,,2026-05-06 22:38:28,I,03,폐업,,,,,125.72,,0,0,,5,2019-07-09 23:32:18,,2002-12-24,,서울특별시 중랑구 면목동 183-100,,,CDFF3242052002000109,3060000,,,,서울특별시 중랑구 동일로109길 21 (면목동),,03,폐업,,,,,,,,,0,0,
N,,스타노래연습장,2019-01-02,208235.327579195,454200.383581749,유통관련업,노래연습장업,,2026-05-06 22:38:28,I,03,폐업,N,N,,,100,,2,1,Y,5,2019-01-02 15:52:11,,2002-12-26,,서울특별시 중랑구 망우동 525-5,,,CDFF3242052002000110,3060000,,,,서울특별시 중랑구 겸재로 237 (망우동),,03,폐업,N,,N,,,,,,,,
N,,팡팡노래연습장,2006-03-09,208491.078951671,453957.066935753,유통관련업,노래연습장업,,2026-05-06 22:38:28,I,03,폐업,N,N,,,,,,,N,,2006-03-09 18:21:36,,2003-01-02,131-811,서울특별시 중랑구 면목동 14-52,,,CDFF3242052003000002,3060000,,,,서울특별시 중랑구 용마산로94가길 29  (면목동),,03,폐업,N,,N,,,,22075647,,,1,
N,,앵콜노래연습장,2025-08-21,207125.647889445,452207.568736101,유통관련업,노래연습장업,,2026-05-06 22:38:29,I,03,폐업,N,N,,,82.5,,,2,,4,2025-09-02 09:14:40,,2003-01-02,,서울특별시 중랑구 면목동 383-14,,,CDFF3242052003000003,3060000,,,,서울특별시 중랑구 답십리로77길 11 (면목동),02246,03,폐업,N,,N,,,,02-2209-8075,,,1,
N,,동네노래연습장,2005-02-18,206845.435021985,456975.612272216,유통관련업,노래연습장업,,2026-05-06 22:38:29,I,03,폐업,N,N,,,,,,,N,,2005-02-23 14:18:04,,2003-01-07,131-848,서울특별시 중랑구 묵동 164-2,,,CDFF3242052003000005,3060000,,,,,,03,폐업,N,,N,,,,,,,,
N,근린생활시설,로또노래연습장,2025-09-16,206777.237166986,455769.21428823,유통관련업,노래연습장업,,2026-05-06 22:38:29,I,03,폐업,N,N,,,129,,5,,,6,2025-09-17 09:19:44,,2003-01-07,,서울특별시 중랑구 중화동 307-63 (지하),,,CDFF3242052003000006,3060000,,,일반주거지역,"서울특별시 중랑구 중랑역로 122 (중화동,(지하))",,03,폐업,N,,N,기타,,,,,6,1,
N,근린생활시설,친구와벗노래연습장,2017-12-08,207069.717144773,454514.390536806,유통관련업,노래연습장업,,2026-05-06 22:38:29,I,03,폐업,N,N,,,89.1,,2,,,4,2017-12-08 17:44:54,,2003-01-09,,서울특별시 중랑구 상봉동 126-0,,,CDFF3242052003000007,3060000,,,,서울특별시 중랑구 동일로114길 10 (상봉동),,03,폐업,N,,N,,,,22080441,,4,1,
,,옥소리노래연습장,2019-07-09,208763.633323278,455001.293579751,유통관련업,노래연습장업,,2026-05-06 22:38:29,I,03,폐업,,,,,179.69,,0,,,7,2019-07-09 23:35:57,,2003-01-20,,서울특별시 중랑구 망우동 465-1,,,CDFF3242052003000008,3060000,,,,서울특별시 중랑구 용마산로 519 (망우동),,03,폐업,,,,,,,,,0,1,
N,근린생활시설,파라솔노래연습장,2023-06-28,207196.812066047,452955.98208017,유통관련업,노래연습장업,,2026-05-06 22:38:29,I,03,폐업,N,N,,,218.5,,1,0,,6,2023-06-28 16:48:39,,2003-01-28,,서울특별시 중랑구 면목동 1522 면목두산아파트,,,CDFF3242052003000009,3060000,,,근린상업지역,"서울특별시 중랑구 사가정로42길 70, 면목두산아파트 상가동 108~115호 (면목동)",02240,03,폐업,N,,N,,,,,,,,
,,타타타 노래연습장,1999-07-27,208264.133937348,455115.821921217,유통관련업,노래연습장업,,2026-05-06 22:37:55,I,03,폐업,,,,,0,,,,,,2003-04-18 17:03:26,,1992-09-16,131-810,서울특별시 중랑구 망우동 563-14,,,CDFF3242051992000001,3060000,,,,서울특별시 중랑구 망우로 378-2  (망우동),,03,폐업,,,,,,,22085263,,,,
N,,코리아노래연습장,2024-02-26,207655.085431385,453188.811207034,유통관련업,노래연습장업,,2026-05-06 22:37:57,I,03,폐업,N,N,,,83.64,,,,,5,2024-02-26 13:27:15,,1992-09-26,,서울특별시 중랑구 면목동 604-29,,,CDFF3242051992000007,3060000,,,,서울특별시 중랑구 사가정로 385 (면목동),,03,폐업,N,,N,,,,22073424,,,,
,,스타노래연습장,2020-02-17,206776.508263484,455498.018941802,유통관련업,노래연습장업,,2026-05-06 22:37:57,I,03,폐업,,,,,0,,0,,,,2020-02-17 11:56:53,,1992-10-08,131-881,서울특별시 중랑구 중화동 311-90,,,CDFF3242051992000009,3060000,,,,서울특별시 중랑구 중랑역로 93  (중화동),,03,폐업,,,,,,,,,0,0,
,,산울림,2002-01-03,206740.95977172,454517.575326381,유통관련업,노래연습장업,,2026-05-06 22:37:57,I,03,폐업,,,,,0,,,,,,2003-04-18 17:03:26,,1992-10-27,131-861,서울특별시 중랑구 상봉동 129-9,,,CDFF3242051992000012,3060000,,,,서울특별시 중랑구 망우로32길 23  (상봉동),,03,폐업,,,,,,,,,,,
,,24시노래연습실,2000-10-19,207872.98605111,454657.418585694,유통관련업,노래연습장업,,2026-05-06 22:37:57,I,03,폐업,,,,,0,,0,,,,2003-04-18 17:03:26,,1992-10-28,131-859,서울특별시 중랑구 상봉동 87-48,,,CDFF3242051992000013,3060000,,,,서울특별시 중랑구 봉우재로43길 13  (상봉동),,03,폐업,,,,,,,,,0,0,
,,스카이노래연습장,2019-02-07,207811.343330712,453172.013153927,유통관련업,노래연습장업,,2026-05-06 22:37:57,I,03,폐업,,,,,0,,0,,,,2019-02-07 15:28:09,,1992-10-28,131-813,서울특별시 중랑구 면목동 472-44,,,CDFF3242051992000014,3060000,,,,서울특별시 중랑구 사가정로 399  (면목동),,03,폐업,,,,,,,22091804,,0,0,
,근린생활시설,동일노래연습장,2002-02-21,206492.087474895,454508.605124002,유통관련업,노래연습장업,,2026-05-06 22:37:58,I,03,폐업,,,,,0,,4,,,,2003-04-18 17:03:26,,1992-10-31,131-861,서울특별시 중랑구 상봉동 136-50 205호,,,CDFF3242051992000015,3060000,,,,"서울특별시 중랑구 망우로30길 8,  205호 (상봉동)",,03,폐업,,,,,,,,,5,1,
N,,라이브노래연습장,2007-08-06,207779.988755763,453126.60202146,유통관련업,노래연습장업,,2026-05-06 22:37:58,I,03,폐업,N,N,,,,,,,N,,2007-08-06 13:26:33,,1992-10-31,131-828,서울특별시 중랑구 면목동 611-2,,,CDFF3242051992000016,3060000,,,,,,03,폐업,N,,N,,,,,,,,
,,럭키,1999-07-27,208089.238735098,454651.568026655,유통관련업,노래연습장업,,2026-05-06 22:37:58,I,03,폐업,,,,,0,,,,,,2003-04-18 17:03:26,,1992-10-31,131-859,서울특별시 중랑구 상봉동 84-28,,,CDFF3242051992000017,3060000,,,,서울특별시 중랑구 봉우재로 175  (상봉동),,03,폐업,,,,,,,,,,,
N,,킹노래연습장,2007-01-29,209177.682798072,455333.044481669,유통관련업,노래연습장업,,2026-05-06 22:37:58,I,03,폐업,N,N,,,,,,,N,,2007-01-29 16:10:25,,1992-11-03,131-802,서울특별시 중랑구 망우동 207-1,,,CDFF3242051992000018,3060000,,,,서울특별시 중랑구 망우로 474  (망우동),,03,폐업,N,,N,,,,22080265,,,,
,,태릉,1999-07-27,206826.69219219,456060.261130323,유통관련업,노래연습장업,,2026-05-06 22:37:58,I,03,폐업,,,,,0,,,,,,2003-04-18 17:03:26,,1992-11-03,131-853,서울특별시 중랑구 묵동 245-8,,,CDFF3242051992000019,3060000,,,,서울특별시 중랑구 동일로 855  (묵동),,03,폐업,,,,,,,,,,,
,,도레미노래연습장,2002-01-25,207418.221668514,454906.592570063,유통관련업,노래연습장업,,2026-05-06 22:37:58,I,03,폐업,,,,,0,,0,,,,2003-04-18 17:03:26,,1992-11-03,131-857,서울특별시 중랑구 상봉동 100-17,,,CDFF3242051992000020,3060000,,,,서울특별시 중랑구 망우로 291  (상봉동),,03,폐업,,,,,,,,,0,0,
,,유피,1999-08-04,207747.046458217,453107.130727702,유통관련업,노래연습장업,,2026-05-06 22:37:58,I,03,폐업,,,,,0,,,,,,2003-04-18 17:03:26,,1992-11-03,131-828,서울특별시 중랑구 면목동 611-3,,,CDFF3242051992000021,3060000,,,,서울특별시 중랑구 면목로 318  (면목동),,03,폐업,,,,,,,,,,,
Y,근린생활시설,우주노래연습장,2007-04-02,208440.664979376,454085.806353608,유통관련업,노래연습장업,,2026-05-06 22:37:59,I,03,폐업,N,N,,,82.24,,5,2,Y,,2007-04-02 13:11:04,,1992-11-14,131-811,서울특별시 중랑구 면목동 20-11 (지상2층),,,CDFF3242051992000023,3060000,1,,일반주거지역,"서울특별시 중랑구 용마산로 419  (면목동,(지상2층))",,03,폐업,N,,Y,주택가주변,,,22091210,,6,1,
,,남산,2000-09-23,206853.677298002,454035.472492011,유통관련업,노래연습장업,,2026-05-06 22:38:00,I,03,폐업,,,,,0,,,,,,2003-04-18 17:03:26,,1993-08-24,131-820,서울특별시 중랑구 면목동 179-80,,,CDFF3242051993000007,3060000,,,,서울특별시 중랑구 겸재로9길 50  (면목동),,03,폐업,,,,,,,,,,,
N,근린생활시설,고래고래노래연습장,2016-01-25,,,유통관련업,노래연습장업,,2026-05-06 22:38:00,I,03,폐업,N,N,,,168.7,,4,,N,,2016-01-26 09:18:12,,1993-08-24,131-822,서울특별시 중랑구 면목동 166-52 지하,,,CDFF3242051993000008,3060000,,,일반주거지역,"서울특별시 중랑구 사가정로 347  (면목동,지하)",,03,폐업,N,,N,주택가주변,,,,,5,1,
,,소리새,1999-08-10,207362.32944733,454827.961318709,유통관련업,노래연습장업,,2026-05-06 22:38:00,I,03,폐업,,,,,0,,,,,,2003-04-18 17:03:26,,1993-08-24,131-860,서울특별시 중랑구 상봉동 115-13,,,CDFF3242051993000009,3060000,,,,서울특별시 중랑구 망우로 284  (상봉동),,03,폐업,,,,,,,,,,,
N,,꾀꼬리,2006-02-17,207862.320930816,454123.272871845,유통관련업,노래연습장업,,2026-05-06 22:38:00,I,03,폐업,N,N,,,,,,,N,,2006-02-17 11:18:15,,1993-08-24,131-816,서울특별시 중랑구 면목동 103-7,,,CDFF3242051993000012,3060000,,,,서울특별시 중랑구 면목로74길 40  (면목동),,03,폐업,N,,N,,,,22081112,,,,
,,갈채 노래연습장,1999-07-27,207806.233968949,453134.735166062,유통관련업,노래연습장업,,2026-05-06 22:38:00,I,03,폐업,,,,,0,,,,,,2003-04-18 17:03:26,,1993-08-25,131-828,서울특별시 중랑구 면목동 612-64,,,CDFF3242051993000013,3060000,,,,서울특별시 중랑구 사가정로 402  (면목동),,03,폐업,,,,,,,,,,,
N,,하하,2004-11-29,208618.751364023,454388.284410787,유통관련업,노래연습장업,,2026-05-06 22:38:01,I,03,폐업,N,N,,,,,,,N,,2004-12-01 15:55:27,,1993-08-26,131-806,서울특별시 중랑구 망우동 444-27,,,CDFF3242051993000015,3060000,,,,서울특별시 중랑구 용마산로 456  (망우동),,03,폐업,N,,N,,,,,,,,
,,가고파,2000-06-23,207526.064490545,452792.493200149,유통관련업,노래연습장업,,2026-05-06 22:38:01,I,03,폐업,,,,,0,,,,,,2003-04-18 17:03:26,,1993-08-26,131-827,서울특별시 중랑구 면목동 354-2,,,CDFF3242051993000017,3060000,,,,서울특별시 중랑구 면목로 276  (면목동),,03,폐업,,,,,,,22082186,,,,
,,쎄븐,2000-01-06,206575.643651164,454964.527384782,유통관련업,노래연습장업,,2026-05-06 22:38:01,I,03,폐업,,,,,0,,,,,,2003-04-18 17:03:26,,1993-08-27,131-880,서울특별시 중랑구 중화동 318-100,,,CDFF3242051993000018,3060000,,,,서울특별시 중랑구 중랑천로30길 62  (중화동),,03,폐업,,,,,,,,,,,
,,빵빠레,1999-10-20,207191.577896212,454571.907360894,유통관련업,노래연습장업,,2026-05-06 22:38:01,I,03,폐업,,,,,0,,,,,,2003-04-18 17:03:26,,1993-11-25,131-860,서울특별시 중랑구 상봉동 122-25,,,CDFF3242051993000021,3060000,,,,서울특별시 중랑구 동일로114길 34  (상봉동),,03,폐업,,,,,,,,,,,
N,,크로바,2007-06-14,207316.853506233,452134.332757901,유통관련업,노래연습장업,,2026-05-06 22:38:01,I,03,폐업,N,N,,,,,,,N,,2007-06-14 17:20:30,,1993-11-25,131-829,서울특별시 중랑구 면목동 392-41,,,CDFF3242051993000022,3060000,,,,서울특별시 중랑구 면목로 206  (면목동),,03,폐업,N,,N,,,,,,,,
,,밴노래방,2020-04-23,208492.128113395,454206.630354098,유통관련업,노래연습장업,,2026-05-06 22:38:01,I,03,폐업,,,,,240,,3,,,5,2020-04-23 13:40:21,,1993-12-10,,서울특별시 중랑구 면목동 22-2,,,CDFF3242051993000024,3060000,,,,서울특별시 중랑구 겸재로 264 (면목동),02200,03,폐업,,,,,,,22077357,,4,1,
N,,킹노래연습장,2007-06-25,,,유통관련업,노래연습장업,,2026-05-06 22:38:02,I,03,폐업,N,N,,,,,,,N,,2007-06-25 13:47:00,,1993-12-17,131-826,서울특별시 중랑구 면목동 639-19,,,CDFF3242051993000026,3060000,,,,,,03,폐업,N,,N,,,,22071466,,,,
N,,와와 노래연습장,2021-12-31,207082.862199779,453583.60335093,유통관련업,노래연습장업,,2026-05-06 22:38:02,I,03,폐업,N,N,,,,,,2,Y,6,2021-12-31 11:48:29,,1993-12-20,,서울특별시 중랑구 면목동 160-1,,,CDFF3242051993000028,3060000,,,,서울특별시 중랑구 동일로96길 20 (면목동),,03,폐업,N,,N,,,,22091006,,,,
,,앵콜,2000-11-16,206432.395921225,454173.81901706,유통관련업,노래연습장업,,2026-05-06 22:38:02,I,03,폐업,,,,,0,,,,,,2003-04-18 17:03:26,,1993-12-20,131-824,서울특별시 중랑구 면목동 191-91,,,CDFF3242051993000030,3060000,,,,서울특별시 중랑구 중랑천로 52  (면목동),,03,폐업,,,,,,,22085486,,,,
,,당신의노래방,2000-10-31,208153.686495999,453249.86064188,유통관련업,노래연습장업,,2026-05-06 22:38:02,I,03,폐업,,,,,0,,0,,,,2003-04-18 17:03:26,,1993-12-20,131-813,서울특별시 중랑구 면목동 468-47,,,CDFF3242051993000031,3060000,,,,서울특별시 중랑구 용마산로 331  (면목동),,03,폐업,,,,,,,,,0,0,
,,스타,2020-04-22,208736.900268573,454786.286739852,유통관련업,노래연습장업,,2026-05-06 22:38:02,I,03,폐업,,,,,0,,,,,6,2020-04-22 14:01:36,,1993-12-20,,서울특별시 중랑구 망우동 458-1,,,CDFF3242051993000032,3060000,,,,서울특별시 중랑구 용마산로 497 (망우동),,03,폐업,,,,,,,,,,,
N,,SBS노래연습장,2020-10-29,206915.388487602,455874.275622052,유통관련업,노래연습장업,,2026-05-06 22:38:02,I,03,폐업,N,N,,,149.91,,,2,Y,6,2020-10-29 17:33:42,,1993-12-29,,서울특별시 중랑구 중화동 283-1 지하1층,,,CDFF3242051993000033,3060000,,,,"서울특별시 중랑구 동일로 836 (중화동,지하1층)",,03,폐업,N,,N,,,,,,,1,
,,가족 노래연습장,2001-01-02,207713.752111203,454553.180642799,유통관련업,노래연습장업,,2026-05-06 22:38:02,I,03,폐업,,,,,0,,,,,,2003-04-18 17:03:26,,1994-01-25,131-859,서울특별시 중랑구 상봉동 106-6,,,CDFF3242051994000001,3060000,,,,서울특별시 중랑구 봉우재로 137  (상봉동),,03,폐업,,,,,,,,,,,
,,만남 노래연습장,1999-08-09,,,유통관련업,노래연습장업,,2026-05-06 22:38:02,I,03,폐업,,,,,0,,,,,,2003-04-18 17:03:26,,1994-02-02,131-848,서울특별시 중랑구 묵동 168-24,,,CDFF3242051994000004,3060000,,,,,,03,폐업,,,,,,,,,,,
N,근린생활시설,필노래연습장,2010-12-27,209442.055533533,455428.524803817,유통관련업,노래연습장업,,2026-05-06 22:38:03,I,03,폐업,N,N,,,84.24,,4,,,,2010-12-27 17:20:57,,1994-02-28,,서울특별시 중랑구 망우동 136-22 (지하),,,CDFF3242051994000005,3060000,,,일반주거지역,"서울특별시 중랑구 용마산로118길 127  (망우동,(지하))",,03,폐업,N,,N,주택가주변,,,,,5,1,
N,,까치노래연습장,2007-05-07,208042.753697441,453914.446102649,유통관련업,노래연습장업,,2026-05-06 22:38:03,I,03,폐업,N,N,,,,,,,N,,2007-05-07 17:28:27,,1994-03-10,131-815,서울특별시 중랑구 면목동 70-140,,,CDFF3242051994000007,3060000,,,,서울특별시 중랑구 겸재로54길 37  (면목동),,03,폐업,N,,N,,,,,,,,
,,세븐스타 노래연습장,2001-11-26,206657.247125169,454460.520169562,유통관련업,노래연습장업,,2026-05-06 22:38:03,I,03,폐업,,,,,0,,,,,,2003-04-18 17:03:26,,1994-03-15,131-861,서울특별시 중랑구 상봉동 130-157,,,CDFF3242051994000008,3060000,,,,서울특별시 중랑구 중랑천로10길 57  (상봉동),,03,폐업,,,,,,,22098966,,,,
,,스타 노래연습장,1999-07-27,,,유통관련업,노래연습장업,,2026-05-06 22:38:03,I,03,폐업,,,,,0,,,,,,2003-04-18 17:03:26,,1994-03-15,131-852,서울특별시 중랑구 묵동 239-52,,,CDFF3242051994000009,3060000,,,,,,03,폐업,,,,,,,,,,,
,,대박 노래연습장,2022-02-21,207800.445017282,453318.113238712,유통관련업,노래연습장업,,2026-05-06 22:38:29,I,03,폐업,,,,,156.64,,0,0,,7,2022-02-21 16:50:35,,2003-02-04,,서울특별시 중랑구 면목동 459-1,,,CDFF3242052003000011,3060000,,,,서울특별시 중랑구 면목로48길 8 (면목동),,03,폐업,,,,,,,22070152,,0,1,
N,,굿데이CD노래연습장,2006-06-02,207683.608993998,453071.827543665,유통관련업,노래연습장업,,2026-05-06 22:38:29,I,03,폐업,N,N,,,,,,,N,,2006-06-02 12:50:29,,2003-02-04,131-828,서울특별시 중랑구 면목동 634-5,,,CDFF3242052003000012,3060000,,,,서울특별시 중랑구 면목로 311  (면목동),,03,폐업,N,,N,,,,,,,,
N,,만석탈렌트 노래연습장,2007-10-15,206926.551563822,457265.672362086,유통관련업,노래연습장업,,2026-05-06 22:38:29,I,03,폐업,N,N,,,,,,,N,,2007-10-15 14:36:50,,2003-02-24,131-847,서울특별시 중랑구 묵동 159-28,,,CDFF3242052003000017,3060000,,,,서울특별시 중랑구 공릉로 82  (묵동),,03,폐업,N,,N,,,,,,,,
N,근린생활시설,로데오음악홀노래연습장,2010-05-12,208146.931864571,454577.533439083,유통관련업,노래연습장업,,2026-05-06 22:38:29,I,03,폐업,N,N,,,118.6,,6,,,5,2010-05-12 15:39:33,,2003-03-05,,서울특별시 중랑구 면목동 89-32 2층,,,CDFF3242052003000018,3060000,,,일반주거지역,"서울특별시 중랑구 상봉로 85  (면목동,2층)",,03,폐업,N,,N,주택가주변,,,,,7,1,
N,,두산노래연습장,2007-05-23,207294.076019995,453011.654286917,유통관련업,노래연습장업,,2026-05-06 22:38:29,I,03,폐업,N,N,,,,,,3,N,,2007-05-23 10:52:57,,2003-03-10,131-827,서울특별시 중랑구 면목동 657-56,,,CDFF3242052003000019,3060000,,,,서울특별시 중랑구 사가정로42길 37  (면목동),,03,폐업,N,,N,,,,,,,,
N,,쟁반노래연습장,2014-08-20,209200.036845418,455420.126983755,유통관련업,노래연습장업,,2026-05-06 22:38:30,I,03,폐업,N,N,,,103.77,,,2,Y,,2014-08-20 10:00:14,,2003-03-12,,서울특별시 중랑구 망우동 147-21 지층 좌측,,,CDFF3242052003000022,3060000,,,,"서울특별시 중랑구 용마산로118길 80  (망우동,지층 좌측)",,03,폐업,N,,N,,,,22076104,,,,
,,신바람노래연습장,2023-03-07,207478.98321109,454664.91573249,유통관련업,노래연습장업,,2026-05-06 22:38:30,I,03,폐업,,,,,0,,0,0,,7,2023-03-07 14:23:53,,2003-03-13,,서울특별시 중랑구 상봉동 108-22,,,CDFF3242052003000023,3060000,,,,서울특별시 중랑구 면목로91길 9 (상봉동),,03,폐업,,,,,,,02-496-9940,,0,0,
,,스피드노래연습장,2018-07-27,207725.114339993,453068.565012116,유통관련업,노래연습장업,,2026-05-06 22:38:30,I,03,폐업,,,,,281,,0,,,11,2018-07-27 18:06:22,,2003-03-20,,서울특별시 중랑구 면목동 617-7,,,CDFF3242052003000026,3060000,,,,서울특별시 중랑구 면목로 314 (면목동),02249,03,폐업,,,,,,,,,0,0,
,,궁전노래연습장,2010-06-22,206823.872242078,456078.392085455,유통관련업,노래연습장업,,2026-05-06 22:38:30,I,03,폐업,,,,,0,,0,,,,2010-06-22 10:08:21,,2003-03-25,,서울특별시 중랑구 묵동 245-7,,,CDFF3242052003000028,3060000,,,,서울특별시 중랑구 동일로 859  (묵동),,03,폐업,,,,,,,,,0,0,
N,근린생활시설,메가노래연습장,2021-06-09,206568.814496717,454488.86852163,유통관련업,노래연습장업,,2026-05-06 22:38:30,I,03,폐업,N,N,,,164.94,,4,0,,5,2021-06-09 15:16:37,,2003-04-07,,서울특별시 중랑구 상봉동 130-72 (지하),,,CDFF3242052003000033,3060000,,,일반주거지역,"서울특별시 중랑구 중랑천로12길 40 (상봉동,(지하))",,03,폐업,N,,N,기타,,,,,5,1,
N,,우리노래연습장,2021-01-18,206806.082717516,457062.242123061,유통관련업,노래연습장업,,2026-05-06 22:38:30,I,03,폐업,N,N,,,,,,,,7,2021-01-19 10:09:49,,2003-04-07,,서울특별시 중랑구 묵동 163-1,,,CDFF3242052003000034,3060000,,,,서울특별시 중랑구 숙선옹주로 3 (묵동),,03,폐업,N,,N,,,,02-973-3242,,,,
N,,아이칸스노래연습장,2003-10-02,208508.136740226,455974.025798176,유통관련업,노래연습장업,,2026-05-06 22:38:30,I,03,폐업,N,N,,,,,1,,N,,2003-10-04 18:10:02,,2003-05-28,131-866,서울특별시 중랑구 신내동 797 동성7차아파트 1층상가 106호,,,CDFF3242052003000040,3060000,,,,"서울특별시 중랑구 신내로14길 21  (신내동,동성7차아파트 1층상가 106호)",,03,폐업,N,,N,,,,34231495,,,,
Y,근린생활시설,스카이노래연습장,2008-10-01,206882.954067277,456658.592752196,유통관련업,노래연습장업,,2026-05-06 22:38:31,I,03,폐업,Y,N,,,175.22,,5,3,Y,7,2008-10-01 15:21:34,,2003-08-16,131-848,서울특별시 중랑구 묵동 173-7 도림빌딩5층,,40,CDFF3242052003000044,3060000,1,,일반주거지역,"서울특별시 중랑구 공릉로2길 13  (묵동,도림빌딩5층)",,03,폐업,Y,,Y,,,,,,5,,
N,근린생활시설,오렌지노래연습장,2022-10-06,207869.976552472,454047.456001865,유통관련업,노래연습장업,,2026-05-06 22:38:31,I,03,폐업,Y,N,,,137.26,,3,1,,6,2022-10-13 16:17:18,,2003-09-16,,서울특별시 중랑구 면목동 105-36 2층,,40,CDFF3242052003000046,3060000,1,,,서울특별시 중랑구 겸재로 200 (면목동),02197,03,폐업,Y,,Y,,,,,,3,,
N,근린생활시설,궁노래연습장,2018-09-11,208269.433219878,457021.162035231,유통관련업,노래연습장업,,2026-05-06 22:38:31,I,03,폐업,N,N,,,323.78,,,1,Y,12,2018-09-11 13:12:58,,2003-12-19,,서울특별시 중랑구 신내동 644 엘리어트하우스 지101호,,,CDFF3242052003000051,3060000,,,,"서울특별시 중랑구 신내로 193 (신내동,엘리어트하우스 지101호)",,03,폐업,N,,N,,,,34230303,,7,1,
N,근린생활시설,송대관네박자 노래연습장,2021-01-25,206769.417237883,455515.127718486,유통관련업,노래연습장업,,2026-05-06 22:38:31,I,03,폐업,N,N,,,339.71,,6,,,10,2021-01-26 13:25:44,,2004-04-28,,서울특별시 중랑구 중화동 311-7,,,CDFF3242052004000008,3060000,,,,서울특별시 중랑구 중랑역로 95 (중화동),,03,폐업,N,,N,,,,,,7,1,
N,근린생활시설,동양 노래연습장,2015-11-09,206862.805885993,457025.523249776,유통관련업,노래연습장업,,2026-05-06 22:38:32,I,03,폐업,Y,N,,,75.04,,2,,,5,2015-11-09 15:19:10,,2004-05-11,,서울특별시 중랑구 묵동 163-29,,,CDFF3242052004000010,3060000,,,,"서울특별시 중랑구 숙선옹주로 11, 2층 (묵동)",02032,03,폐업,N,,N,,,,,,2,0,
N,근린생활시설,엣지코인노래연습장,2018-11-26,207668.271662181,453956.051816986,유통관련업,노래연습장업,,2026-05-06 22:38:32,I,03,폐업,Y,N,,,104.13,,2,16,Y,16,2018-11-26 15:40:01,,2004-05-12,,서울특별시 중랑구 면목동 115-2,,,CDFF3242052004000013,3060000,1,,,서울특별시 중랑구 면목로 403 (면목동),,03,폐업,N,,N,,,,,,3,1,
N,근린생활시설,도레미노래연습장,2020-07-30,207651.224114999,453137.793531482,유통관련업,노래연습장업,,2026-05-06 22:38:32,I,03,폐업,Y,Y,,,104.78,,4,,,6,2020-07-30 11:11:53,,2004-07-09,,서울특별시 중랑구 면목동 636-4,,,CDFF3242052004000021,3060000,1,,,서울특별시 중랑구 사가정로 386 (면목동),,03,폐업,N,,N,,,,,,5,1,
Y,근린생활시설,파티파티 노래연습장,2022-01-05,207770.196158942,453059.327474458,유통관련업,노래연습장업,,2026-05-06 22:38:32,I,03,폐업,Y,Y,,,166.01,,5,1,Y,7,2022-01-06 16:21:19,,2004-08-20,,서울특별시 중랑구 면목동 618-1,,,CDFF3242052004000026,3060000,1,,,서울특별시 중랑구 면목로42길 14 (면목동),,03,폐업,Y,,Y,,,,,,6,1,
Y,근린생활시설,F-1 노래연습장,2007-01-18,208077.816215948,454649.502052657,유통관련업,노래연습장업,,2026-05-06 22:38:33,I,03,폐업,Y,Y,,,85.92,,5,1,Y,5,2007-01-18 11:19:05,,2005-01-06,131-859,서울특별시 중랑구 상봉동 84-29,,,CDFF3242052005000001,3060000,1,,,서울특별시 중랑구 봉우재로 173-1  (상봉동),,03,폐업,Y,,Y,,,,,,6,1,
Y,근린생활시설,SK 노래연습장,2013-07-11,206912.324143881,453824.465075518,유통관련업,노래연습장업,,2026-05-06 22:38:33,I,03,폐업,Y,Y,,,143.54,,3,2,Y,7,2013-07-11 12:11:49,,2005-04-29,,서울특별시 중랑구 면목동 176-68,,40,CDFF3242052005000003,3060000,1,,,서울특별시 중랑구 겸재로13길 3 (면목동),,03,폐업,Y,,Y,,,,,,4,1,
N,,아싸노래연습장,2012-08-24,206297.016274369,454775.360554006,유통관련업,노래연습장업,,2026-05-06 22:38:33,I,03,폐업,Y,Y,,,136.06,,,,N,7,2012-08-24 15:37:35,,2005-09-07,131-878,서울특별시 중랑구 중화동 324-9,,30,CDFF3242052005000010,3060000,1,,,서울특별시 중랑구 중랑천로 111-1  (중화동),,03,폐업,Y,,N,,,,02-2207-9996,,,1,
,근린생활시설,해오름 노래연습장,2009-12-24,208296.869486596,454936.47238558,유통관련업,노래연습장업,,2026-05-06 22:38:33,I,03,폐업,,,,,116.05,,10,,,,2009-12-24 14:12:52,,2005-12-26,,서울특별시 중랑구 망우동 508-11 외3필지,,,CDFF3242052005000018,3060000,,,일반상업지역,"서울특별시 중랑구 봉우재로57길 47  (망우동,외3필지)",,03,폐업,,,,주택가주변,,,,,13,3,
Y,근린생활시설,콘서트 노래연습장,2020-10-29,208486.022686248,453946.462004426,유통관련업,노래연습장업,,2026-05-06 22:38:33,I,03,폐업,Y,Y,,,94.91,,2,1,Y,4,2020-10-29 11:06:32,,2006-04-04,,서울특별시 중랑구 면목동 14-13 (2층),,40,CDFF3242052006000003,3060000,1,,일반주거지역,"서울특별시 중랑구 용마산로94가길 31 (면목동,(2층))",,03,폐업,Y,,Y,주택가주변,,,,,,,
,,사가정노래연습장,2020-11-30,207708.434592968,453190.864383804,유통관련업,노래연습장업,,2026-05-06 22:38:34,I,03,폐업,,,,,180.22,,7,2,Y,4,2020-11-30 14:12:25,,2006-12-11,,서울특별시 중랑구 면목동 496-4 (7층),,,CDFF3242052006000009,3060000,,,,"서울특별시 중랑구 사가정로 389 (면목동,(7층))",,03,폐업,,,,,,,02-434-2661,,,,
N,근린생활시설,소리새노래연습장,2022-08-29,206906.29924387,455263.239395084,유통관련업,노래연습장업,,2026-05-06 22:38:34,I,03,폐업,Y,Y,,,216.48,,3,2,Y,8,2022-08-29 17:17:57,,2007-02-26,,서울특별시 중랑구 중화동 303-19 3층,,,CDFF3242052007000002,3060000,,,,"서울특별시 중랑구 동일로129길 12 (중화동,3층)",,03,폐업,Y,,Y,,,,22085566,,,,
N,근린생활시설,첼시노래연습장,2010-10-27,206704.527158109,454672.471517755,유통관련업,노래연습장업,,2026-05-06 22:38:34,I,03,폐업,N,N,,,127.87,,2,,,5,2010-10-27 14:12:13,,2007-09-07,,서울특별시 중랑구 중화동 208-32 2층,,,CDFF3242052007000007,3060000,,,,"서울특별시 중랑구 망우로 217  (중화동,2층)",,03,폐업,Y,,Y,,,,,,,,
N,근린생활시설,궁전노래연습장,2018-07-02,208827.028317555,455349.143550112,유통관련업,노래연습장업,,2026-05-06 22:38:34,I,03,폐업,Y,Y,,,141.9,,,,,8,2018-07-02 22:48:59,,2007-10-25,,서울특별시 중랑구 망우동 358-6 지하1층,,,CDFF3242052007000008,3060000,,,,"서울특별시 중랑구 용마산로 554 (망우동,지하1층)",,03,폐업,Y,,N,,,,,,,1,
Y,,짱노래연습장,2008-12-18,207856.286801,453154.053892313,유통관련업,노래연습장업,,2026-05-06 22:38:34,I,03,폐업,Y,Y,,,76.96,,,,N,5,2008-12-18 17:13:41,,2007-12-21,131-813,서울특별시 중랑구 면목동 472-55 지하1층,,,CDFF3242052007000009,3060000,1,,,"서울특별시 중랑구 사가정로 405  (면목동,지하1층)",,03,폐업,Y,,Y,,,,,,,1,
N,,훼미리노래연습장,2021-08-19,206745.3156041,454434.614373964,유통관련업,노래연습장업,,2026-05-06 22:38:34,I,03,폐업,Y,N,,,113.08,,,,,5,2021-08-19 10:49:05,,2008-01-16,,서울특별시 중랑구 면목동 184-13 지하1층,,,CDFF3242052008000003,3060000,,,,서울특별시 중랑구 망우로32길 37 (면목동),02124,03,폐업,N,,N,,,,,,,,
N,,미소노래연습장,2023-03-03,206882.379857079,456078.709603397,유통관련업,노래연습장업,,2026-05-06 22:38:34,I,03,폐업,N,N,,,164.69,,,1,,8,2025-04-17 14:21:01,,2008-05-08,,서울특별시 중랑구 묵동 181-8 지하1층,,,CDFF3242052008000009,3060000,,,,"서울특별시 중랑구 동일로 858 (묵동,지하1층)",,03,폐업,N,,N,,,,,,,,
N,,먹고을엠케이노래연습장,2017-07-11,208887.642488452,455735.01396974,유통관련업,노래연습장업,,2026-05-06 22:38:34,I,03,폐업,N,N,,,198.95,,2,1,Y,7,2017-07-11 11:52:37,,2008-05-19,,서울특별시 중랑구 신내동 430-7 지상2층,,,CDFF3242052008000011,3060000,,,,"서울특별시 중랑구 용마산로125길 108-8 (신내동,지상2층)",,03,폐업,N,,N,,,,,,,,
N,,예스노래연습장,2021-10-05,206723.262017513,455124.809250397,유통관련업,노래연습장업,,2026-05-06 22:38:35,I,03,폐업,N,N,,,133.04,,,1,Y,7,2021-10-05 16:24:58,,2008-09-12,,서울특별시 중랑구 중화동 315-10 지상3층,,,CDFF3242052008000018,3060000,,,,"서울특별시 중랑구 중랑역로 51 (중화동,지상3층)",,03,폐업,N,,N,,,,,,,,
,,킴스노래연습장,2024-04-05,209478.477207992,455426.993994292,유통관련업,노래연습장업,,2026-05-06 22:38:35,I,03,폐업,,,,,85.25,,,0,,4,2024-04-05 15:08:53,,2009-06-01,,서울특별시 중랑구 망우동 136-26,,,CDFF3242052009000006,3060000,,,,"서울특별시 중랑구 양원역로 5, 지하1층 (망우동)",02064,03,폐업,,,,,,,,,,,
,유통시설,가고파노래연습장,2012-11-23,207362.32944733,454827.961318709,유통관련업,노래연습장업,,2026-05-06 22:38:35,I,03,폐업,Y,Y,,,105.2,,,1,Y,5,2012-11-23 12:23:54,,2009-09-22,,서울특별시 중랑구 상봉동 115-13 지하1층,,,CDFF3242052009000007,3060000,,,,"서울특별시 중랑구 망우로 284  (상봉동,지하1층)",,03,폐업,,,,,,,,,5,1,
,근린생활시설,썸동전노래연습장,2021-09-27,209083.646196172,455380.068728154,유통관련업,노래연습장업,,2026-05-06 22:38:36,I,03,폐업,,,,,136.45,,,16,Y,18,2021-09-27 16:56:36,,2015-11-25,,서울특별시 중랑구 망우동 209-8,,,CDFF3242052015000005,3060000,,,일반주거지역,"서울특별시 중랑구 망우로 463, 지하1층 (망우동)",02066,03,폐업,,,,,,,,,,,
,근린생활시설,K스타 노래연습장,2021-12-03,207733.920478367,453087.52613467,유통관련업,노래연습장업,,2026-05-06 22:38:36,I,03,폐업,Y,Y,,,164.56,,,20,Y,20,2021-12-03 16:53:34,,2016-06-17,,서울특별시 중랑구 면목동 617-1,,,CDFF3242052016000002,3060000,,,,"서울특별시 중랑구 면목로 316 (면목동, 김현규치과)",02249,03,폐업,Y,,,,,,,,,1,
Y,근린생활시설,골든코인노래연습장,2022-05-10,206688.859729693,454500.088208701,유통관련업,노래연습장업,,2026-05-06 22:38:36,I,03,폐업,Y,Y,,,132,,2,16,Y,16,2022-05-10 16:17:28,,2016-11-21,,서울특별시 중랑구 상봉동 130-7,,40,CDFF3242052016000006,3060000,1,,,서울특별시 중랑구 망우로32길 24 (상봉동),02120,03,폐업,Y,,,,,,,,,,
Y,,룰루랄라 동전노래연습장,2022-07-20,206733.895956499,454624.142022419,유통관련업,노래연습장업,,2026-05-06 22:38:36,I,03,폐업,Y,Y,,,104.4,,1,0,,5,2022-07-20 11:16:16,,2016-12-08,,서울특별시 중랑구 상봉동 129-2 지하1층,,75,CDFF3242052016000007,3060000,2,,,서울특별시 중랑구 망우로 218 (상봉동),02121,03,폐업,Y,,,,,,,,,,
Y,근린생활시설,최가코인노래연습장,2019-11-05,207338.399972592,454873.867196519,유통관련업,노래연습장업,,2026-05-06 22:38:36,I,03,폐업,Y,Y,,,63.21,,1,9,Y,9,2019-11-05 12:57:18,,2017-01-31,,서울특별시 중랑구 상봉동 116-4,,75,CDFF3242052017000002,3060000,1,,,"서울특별시 중랑구 망우로 283 (상봉동, Dice빌딩)",02098,03,폐업,Y,,,기타,,,,,,,
,,탑코인노래연습장,2020-11-05,208434.063037302,455903.470269644,유통관련업,노래연습장업,,2026-05-06 22:38:37,I,03,폐업,,,,,163.81,,3,19,Y,19,2020-11-05 17:30:43,,2017-10-25,,서울특별시 중랑구 신내동 565-9,,,CDFF3242052017000008,3060000,,,일반주거지역,서울특별시 중랑구 봉화산로52길 58 (신내동),02069,03,폐업,,,,,,,,,,,
,,쇼미(SHOW ME)노래연습장,2025-07-31,206672.016694836,454573.869136344,유통관련업,노래연습장업,,2026-05-06 22:38:37,I,03,폐업,,,,,100.13,,2,8,Y,14,2025-07-31 13:26:00,,2017-10-27,,서울특별시 중랑구 상봉동 130-128,,,CDFF3242052017000009,3060000,,,,"서울특별시 중랑구 망우로32길 8, 2층 (상봉동)",02120,03,폐업,,,,,,,,,,,
,,커플노래연습장,2022-04-11,207759.193444531,454943.982853578,유통관련업,노래연습장업,,2026-05-06 22:38:37,I,03,폐업,,,,,122.43,,1,,,7,2022-04-11 17:37:04,,2020-03-17,,서울특별시 중랑구 상봉동 91-1,,,CDFF3242052020000003,3060000,,,,"서울특별시 중랑구 망우로 326, 1층 (상봉동)",02149,03,폐업,,,,,,,02-433-4337,,,,
Y,,미디어스코프 주식회사,2024-09-23,208076.386740844,455017.528646426,유통관련업,노래연습장업,,2026-05-06 22:38:37,I,03,폐업,,,,,,,,,,1,2024-09-23 09:14:50,,2022-09-13,,서울특별시 중랑구 상봉동 501 상봉 듀오트리스,,,CDFF3242052022000005,3060000,,,,"서울특별시 중랑구 상봉로 131, 지하2층 (상봉동, 상봉 듀오트리스)",02150,03,폐업,,,,,,,070-7755-0398,,,,
,,오렌지노래연습장,2023-05-31,207869.976552472,454047.456001865,유통관련업,노래연습장업,,2026-05-06 22:38:37,I,03,폐업,,,,,137.26,,,,,6,2023-05-31 09:29:39,,2022-10-20,,서울특별시 중랑구 면목동 105-36,,,CDFF3242052022000006,3060000,,,,서울특별시 중랑구 겸재로 200 (면목동),02197,03,폐업,,,,,,,,,,,
