사업장명,폐업일자,좌표X,좌표Y,데이터갱신시점,데이터갱신구분,상세영업상태코드,상세영업상태명,최종수정시점,인허가취소일자,인허가일자,소재지우편번호,지번주소,관리번호,개방자치단체코드,도로명주소,도로명우편번호,영업상태구분코드,영업상태명,판매점영업면적,휴업시작일자,휴업종료일자,소재지전화번호
지에스(GS)25 강동아이파크,2022-06-02,214664.448707872,449988.903849666,2026-05-03 22:31:23,I,03,폐업,2022-06-02 14:34:11,,2020-05-06,,서울특별시 강동구 상일제1동 131번지 고덕센트럴아이파크아파트(상가A동) 108호,PHMH320203240033087500015,3240000,"서울특별시 강동구 고덕로80길 123, 고덕센트럴아이파크아파트(상가A동) 108호 (상일제1동)",05276,03,폐업,,,,
지에스25(GS25) 강동성일점,2024-04-01,211203.682231648,447387.325955188,2026-05-03 22:31:03,I,03,폐업,2024-04-01 15:35:21,,2020-05-07,,서울특별시 강동구 성내동 543번지 화양빌딩,PHMH320203240033087500016,3240000,"서울특별시 강동구 성내로13길 14 (성내동, 화양빌딩)",05396,03,폐업,57,,,
씨유 고덕베네루체점,2023-05-26,214746.842743747,449675.19797727,2026-05-03 22:31:25,I,03,폐업,2023-05-26 18:59:12,,2020-05-12,,서울특별시 강동구 상일제1동 187번지 고덕롯데캐슬베네루체아파트(상가B동) 104호,PHMH320203240033087500018,3240000,"서울특별시 강동구 구천면로 636, 고덕롯데캐슬베네루체아파트(상가B동) 1층 104호 (상일제1동)",05281,03,폐업,,,,
씨유 고덕센트럴점,2022-10-12,214664.448707872,449988.903849666,2026-05-03 22:31:23,I,03,폐업,2022-10-13 09:29:52,,2020-05-20,,서울특별시 강동구 상일제1동 131번지 고덕센트럴아이파크아파트(상가A동),PHMH320203240033087500019,3240000,"서울특별시 강동구 고덕로80길 123, 고덕센트럴아이파크아파트(상가A동) 1층 104호 (상일제1동)",05276,03,폐업,41,,,
지에스25(GS25)강동펠리스점,2022-02-17,212366.840633987,450251.758832252,2026-05-03 22:31:04,I,03,폐업,2022-02-17 15:00:51,,2020-06-10,,서울특별시 강동구 암사동 413번지 3호 프라이어팰리스,PHMH320203240033087500025,3240000,"서울특별시 강동구 고덕로 140, 프라이어팰리스 119-2, 120-1호 (암사동)",05256,03,폐업,,,,
GS(지에스)25 고덕아르테온,2022-01-07,214844.691529811,450341.891483543,2026-05-03 22:31:25,I,03,폐업,2022-01-07 16:42:50,,2020-06-23,,서울특별시 강동구 상일제1동 121번지 고덕아르테온아파트(상가2동) 101-2호,PHMH320203240033087500026,3240000,"서울특별시 강동구 고덕로 380, 고덕아르테온아파트(상가2동) 101-2호 (상일제1동)",05274,03,폐업,,,,
지에스(GS)25 강일MK,2024-06-03,215361.163713829,452213.416817557,2026-05-03 22:31:04,I,03,폐업,2024-06-04 10:41:10,,2020-08-31,,,PHMH320203240033087500031,3240000,"서울특별시 강동구 아리수로93나길 50, MK프라자 (강일동)",05201,03,폐업,,,,
롯데씨브이에스711 길동드림힐점,2024-09-23,211996.200294662,448413.6296306,2026-05-03 22:31:24,I,03,폐업,2024-09-23 15:39:51,,2020-09-01,,서울특별시 강동구 길동 385-4 이스트드림힐아파트 101호,PHMH320203240033087500032,3240000,"서울특별시 강동구 양재대로111길 54, 1층 101호 (길동, 이스트드림힐아파트)",05354,03,폐업,,,,1577-9621
지에스25(GS25) 강동제일점,2023-04-28,210818.367448819,448303.423508307,2026-05-03 22:31:04,I,03,폐업,2023-05-01 09:48:00,,2020-09-03,,,PHMH320203240033087500033,3240000,"서울특별시 강동구 올림픽로 622, 케이디빌딩 (성내동)",05378,03,폐업,,,,
주식회사 코리아세븐 성내본점,2024-10-29,211583.956740628,447395.344536037,2026-05-03 22:31:25,I,03,폐업,2024-10-31 11:26:48,,2020-09-08,,서울특별시 강동구 성내동 423-13 석영빌딩,PHMH320203240033087500034,3240000,"서울특별시 강동구 양재대로91길 77, 석영빌딩 1층 (성내동)",05403,03,폐업,,,,
CU암사 미소점,2023-12-07,211010.165038418,449733.629674685,2026-05-03 22:31:05,I,03,폐업,2023-12-07 17:43:21,,2020-09-17,,서울특별시 강동구 암사동 515-9,PHMH320203240033087500035,3240000,"서울특별시 강동구 올림픽로93길 34, 1층 (암사동)",05242,03,폐업,,,,02-481-8112
씨유 그라시움점,2021-08-02,214299.644266879,450637.954760292,2026-05-03 22:31:05,I,03,폐업,2021-08-02 13:15:52,,2020-09-22,,,PHMH320203240033087500036,3240000,"서울특별시 강동구 고덕로 353, 고덕그라시움(제1상가) (고덕동)",05224,03,폐업,146,,,
롯데씨브이에스711 암사그랜드점,2023-09-19,211596.740903313,449890.775370089,2026-05-03 22:31:20,I,03,폐업,2023-09-20 15:56:03,,2020-10-19,,서울특별시 강동구 암사동 493-14 중앙하이츠아파트,PHMH320203240033087500037,3240000,"서울특별시 강동구 올림픽로98가길 47, 1층 (암사동, 중앙하이츠아파트)",05262,03,폐업,,,,1577-9621
지에스(GS)25 강일성산,2023-06-19,215257.766510608,452195.587817951,2026-05-03 22:31:06,I,03,폐업,2023-06-20 10:54:51,,2020-10-19,,서울특별시 강동구 강일동 76-11 성산타워,PHMH320203240033087500039,3240000,"서울특별시 강동구 아리수로93나길 26, 성산타워 1층 106호 (강일동)",05201,03,폐업,33,,,
(주)코리아세븐 천호본점,2021-12-28,212423.986160212,449453.109217658,2026-05-03 22:31:22,I,03,폐업,2021-12-28 14:30:56,,2020-11-05,,서울특별시 강동구 천호동 33-15 이투에스빌딩,PHMH320203240033087500042,3240000,"서울특별시 강동구 상암로41길 26, 이투에스빌딩 (천호동)",05307,03,폐업,,,,
씨유 강동프라자점,2025-07-08,213032.617501745,448138.110024822,2026-05-03 22:31:06,I,03,폐업,2025-07-14 11:18:15,,2020-11-19,,서울특별시 강동구 둔촌동 603 프라자상가,PHMH320203240033087500044,3240000,"서울특별시 강동구 천호대로 1238, 프라자상가 1층 101호,102호 (둔촌동)",05359,03,폐업,,,,
지에스25(GS25) 둔촌신성점,2022-08-09,212630.450265239,447314.730725632,2026-05-03 22:31:06,I,03,폐업,2022-08-09 16:17:48,,2020-12-10,,서울특별시 강동구 둔촌동 134-6 진황빌딩,PHMH320203240033087500046,3240000,"서울특별시 강동구 진황도로 206, 진황빌딩 1층 (둔촌동)",05370,03,폐업,,,,
지에스(GS)25 메가스퀘어점,2021-10-29,214956.131343654,450617.923583608,2026-05-03 22:31:06,I,03,폐업,2021-10-29 15:55:07,,2020-12-17,,서울특별시 강동구 고덕동 210-1 고덕센트럴푸르지오,PHMH320203240033087500047,3240000,"서울특별시 강동구 고덕로 399, 메가스퀘어동 1층 144호 (고덕동, 고덕센트럴푸르지오)",05222,03,폐업,,,,
씨유 굽은 다리점,2025-06-27,212481.813207436,449096.195019948,2026-05-03 22:31:07,I,03,폐업,2025-07-03 17:26:47,,2021-01-21,,서울특별시 강동구 천호동 45-2 삼정빌딩,PHMH320213240033087500001,3240000,"서울특별시 강동구 양재대로 1549, 삼정빌딩 1층 105호 (천호동)",05315,03,폐업,,,,
씨유 성내베스트점,2023-06-14,211319.861231283,447856.207464043,2026-05-03 22:31:07,I,03,폐업,2023-06-16 14:11:53,,2021-02-02,,,PHMH320213240033087500002,3240000,"서울특별시 강동구 풍성로37가길 45 (성내동, 엠엔에스빌)",05383,03,폐업,,,,
씨유 명일한영점,2024-01-24,213593.025266557,449494.636453783,2026-05-03 22:31:07,I,03,폐업,2024-01-24 16:11:19,,2021-02-02,,,PHMH320213240033087500003,3240000,"서울특별시 강동구 동남로65길 25, 1층 (명일동)",05271,03,폐업,,,,
씨유 강동구청점,2022-06-10,210839.281153832,447458.387605645,2026-05-03 22:31:07,I,03,폐업,2022-06-16 11:34:53,,2021-02-04,,서울특별시 강동구 성내동 551 강동빌딩,PHMH320213240033087500004,3240000,"서울특별시 강동구 성내로 28, 강동빌딩 107호 (성내동)",05399,03,폐업,,,,02-476-6562
세븐일레븐 길동해그린점,2025-04-18,212841.775861271,448597.31815926,2026-05-03 22:31:23,I,03,폐업,2025-04-18 15:46:32,,2021-02-10,,서울특별시 강동구 길동 97,PHMH320213240033087500005,3240000,"서울특별시 강동구 명일로19길 12, 1층 (길동)",05344,03,폐업,,,,
GS25 성내삼성점,2015-07-02,211175.679976434,447710.722889074,2026-05-03 22:30:32,I,03,폐업,2015-07-03 10:25:35,,2012-11-08,134-842,서울특별시 강동구 성내동 276번지 2호,PHMH320123240033087500033,3240000,서울특별시 강동구 풍성로 135 (성내동),,03,폐업,,,,02-475-8335
GS25 성내풍성점,2020-07-31,211653.261617831,447501.227591423,2026-05-03 22:30:32,I,03,폐업,2020-07-31 11:47:52,,2012-11-08,134-845,서울특별시 강동구 성내동 419번지,PHMH320123240033087500035,3240000,서울특별시 강동구 풍성로52길 1 (성내동),05403,03,폐업,,,,02-482-6324
GS25 둔촌행복점,2018-08-02,211771.710672137,447039.126728729,2026-05-03 22:30:32,I,03,폐업,2018-08-02 10:08:54,,2012-11-08,134-846,서울특별시 강동구 성내동 439번지,PHMH320123240033087500036,3240000,서울특별시 강동구 양재대로87길 19 (성내동),05405,03,폐업,,,,
GS25성내행복점,2022-03-25,210910.016545262,448080.228401587,2026-05-03 22:30:32,I,03,폐업,2022-03-25 16:01:54,,2012-11-09,134-841,서울특별시 강동구 성내동 132번지 5호,PHMH320123240033087500037,3240000,서울특별시 강동구 천호옛길 65 (성내동),05385,03,폐업,,,,02-487-2360
씨스페이스 암사점,2013-10-02,211505.948162184,449621.479460904,2026-05-03 22:30:32,I,03,폐업,2015-05-08 10:31:42,,2012-11-09,134-859,서울특별시 강동구 암사동 491번지 11호,PHMH320123240033087500038,3240000,서울특별시 강동구 상암로 69 (암사동),,03,폐업,,,,
GS25 암사우성점,2021-03-29,212192.105432173,449835.972332782,2026-05-03 22:30:32,I,03,폐업,2021-03-29 13:17:19,,2012-11-09,134-854,서울특별시 강동구 암사동 422번지 13호,PHMH320123240033087500039,3240000,서울특별시 강동구 구천면로 361 (암사동),05258,03,폐업,,,,
미니스톱 성내명성점,2016-03-31,211616.13336369,447245.285999321,2026-05-03 22:30:32,I,03,폐업,2016-04-01 16:33:46,,2012-11-09,134-890,서울특별시 강동구 성내동 426번지 24호,PHMH320123240033087500040,3240000,서울특별시 강동구 양재대로89길 62 (성내동),05403,03,폐업,,,,02-488-1635
세븐일레븐 성내만복점,2014-06-13,211766.178811256,447846.278456083,2026-05-03 22:30:32,I,03,폐업,2015-05-08 10:37:35,,2012-11-09,134-843,서울특별시 강동구 성내동 385번지 16호,PHMH320123240033087500042,3240000,서울특별시 강동구 천호대로174길 50 (성내동),,03,폐업,,,,02-475-5003
한국미니스톱 성내승리점,2013-06-13,211989.638486453,447560.66325558,2026-05-03 22:30:32,I,03,폐업,2015-05-08 10:38:55,,2012-11-09,134-843,서울특별시 강동구 성내동 397번지 15호,PHMH320123240033087500043,3240000,서울특별시 강동구 풍성로57길 28 (성내동),,03,폐업,,,,
미니스톱 길동드림힐,2013-05-31,211996.200294662,448413.6296306,2026-05-03 22:30:32,I,03,폐업,2015-05-08 10:41:26,,2012-11-09,134-813,서울특별시 강동구 길동 385번지 4호,PHMH320123240033087500045,3240000,서울특별시 강동구 양재대로111길 54 (길동),,03,폐업,,,,02-486-8606
GS25 천호삼성점,2018-05-04,211801.872665882,448447.506524584,2026-05-03 22:30:33,I,03,폐업,2018-05-04 14:38:27,,2012-11-09,134-864,서울특별시 강동구 천호동 169번지 13호,PHMH320123240033087500048,3240000,서울특별시 강동구 성안로25길 21 (천호동),05338,03,폐업,,,,02-487-4222
GS25 암사시장점,2017-02-10,211384.01908433,449752.652397384,2026-05-03 22:30:33,I,03,폐업,2017-02-10 17:42:53,,2012-11-09,134-859,서울특별시 강동구 암사동 496번지 11호,PHMH320123240033087500049,3240000,서울특별시 강동구 올림픽로98길 50 (암사동),05264,03,폐업,,,,
GS25 명일,2013-07-12,212844.648356841,449817.965666305,2026-05-03 22:30:33,I,03,폐업,2015-05-08 10:48:43,,2012-11-09,134-830,서울특별시 강동구 명일동 315번지 13호,PHMH320123240033087500051,3240000,서울특별시 강동구 구천면로 427 (명일동),,03,폐업,,,,
씨유 성내샛별공원점,2023-06-09,211102.767553638,447173.564110178,2026-05-03 22:30:33,I,03,폐업,2023-06-14 17:39:00,,2012-11-09,134-848,서울특별시 강동구 성내동 464번지 11호,PHMH320123240033087500052,3240000,서울특별시 강동구 성내로14길 30 (성내동),05400,03,폐업,,,,02-485-3164
GS25 성내동원점,2016-02-01,210931.41794176,447299.759349525,2026-05-03 22:30:33,I,03,폐업,2016-02-01 16:28:25,,2012-11-09,134-851,서울특별시 강동구 성내동 560번지 4호,PHMH320123240033087500053,3240000,서울특별시 강동구 성안로3길 104 (성내동),05399,03,폐업,,,,02-482-8777
GS25 강일뉴타운점,2016-03-03,215262.790485979,451525.890729024,2026-05-03 22:30:33,I,03,폐업,2016-03-03 10:23:54,,2012-11-09,134-100,서울특별시 강동구 강일동 675번지,PHMH320123240033087500054,3240000,서울특별시 강동구 아리수로93길 33 (강일동),05211,03,폐업,,,,02-442-7756
미니스톱 성내영파점,2014-09-02,210670.369892293,447779.714780142,2026-05-03 22:30:33,I,03,폐업,2015-05-08 10:54:13,,2012-11-12,134-851,서울특별시 강동구 성내동 322번지 6호,PHMH320123240033087500055,3240000,서울특별시 강동구 올림픽로 568 (성내동),,03,폐업,,,,
GS25 고덕점,2021-05-17,213582.214076458,450874.52246226,2026-05-03 22:30:33,I,03,폐업,2021-05-18 16:58:45,,2012-11-12,134-806,서울특별시 강동구 고덕동 503번지,PHMH320123240033087500056,3240000,서울특별시 강동구 동남로81길 44 (고덕동),05226,03,폐업,,,,02-429-4153
GS25 강동성심점,2015-05-22,211901.245613315,448311.195671788,2026-05-03 22:30:33,I,03,폐업,2015-05-22 16:02:00,,2012-11-12,134-814,서울특별시 강동구 길동 416번지 6호,PHMH320123240033087500057,3240000,서울특별시 강동구 성안로 156 (길동),,03,폐업,,,,02-484-0715
GS25 암사스타점,2013-09-03,211427.930128081,450148.402451798,2026-05-03 22:30:33,I,03,폐업,2015-05-08 10:59:40,,2012-11-12,134-857,서울특별시 강동구 암사동 466번지 9호,PHMH320123240033087500058,3240000,서울특별시 강동구 고덕로10길 25 (암사동),,03,폐업,,,,
한국미니스톱(길동현대점),2017-03-29,212951.223206807,448267.732445978,2026-05-03 22:30:33,I,03,폐업,2017-03-29 14:02:40,,2012-11-12,134-010,서울특별시 강동구 길동 470번지,PHMH320123240033087500060,3240000,서울특별시 강동구 천호대로 1231 (길동),05349,03,폐업,,,,02-478-5858
미니스톱 성내메디컬점,2015-12-30,211997.374303563,447998.814231451,2026-05-03 22:30:33,I,03,폐업,2015-12-30 14:07:47,,2012-11-12,134-843,서울특별시 강동구 성내동 378번지,PHMH320123240033087500062,3240000,서울특별시 강동구 천호대로 1128 (성내동),05373,03,폐업,,,,02-489-0530
GS25 강동파크점,2013-09-24,211532.353686299,448182.588454494,2026-05-03 22:30:33,I,03,폐업,2015-05-08 11:08:29,,2012-11-12,134-841,서울특별시 강동구 성내동 164번지 1호,PHMH320123240033087500064,3240000,서울특별시 강동구 천호대로 1078 (성내동),,03,폐업,,,,02-479-3525
지에스25 강동케이티앤지점,2014-03-28,212525.834042249,449021.915555431,2026-05-03 22:30:33,I,03,폐업,2015-05-08 11:09:47,,2012-11-12,134-810,서울특별시 강동구 길동 335번지 5호,PHMH320123240033087500065,3240000,서울특별시 강동구 양재대로 1544 (길동),,03,폐업,,,,
GS25 암사광나루점,2017-06-14,211161.286678064,450203.741209731,2026-05-03 22:30:33,I,03,폐업,2017-06-14 12:55:27,,2012-11-12,134-702,서울특별시 강동구 암사동 508번지,PHMH320123240033087500066,3240000,서울특별시 강동구 상암로3길 81 (암사동),05240,03,폐업,,,,02-442-9406
지에스(GS)강동명일역점,2023-08-31,212639.467698142,449956.327858881,2026-05-03 22:31:07,I,03,폐업,2023-08-31 14:53:52,,2021-02-16,,,PHMH320213240033087500006,3240000,"서울특별시 강동구 양재대로 1637, 1층 (명일동)",05257,03,폐업,,,,
세븐일레븐 길동점,2025-05-07,212768.960555317,448302.377594077,2026-05-03 22:31:07,I,03,폐업,2025-05-07 10:43:45,,2021-02-17,,서울특별시 강동구 길동 144-7 한림빌딩,PHMH320213240033087500007,3240000,"서울특별시 강동구 천호대로193길 40, 한림빌딩 101호 (길동)",05350,03,폐업,,,,
(주)코리아세븐 성내2호점,2022-04-05,211408.519666032,447589.706238873,2026-05-03 22:31:22,I,03,폐업,2022-04-06 10:03:55,,2021-02-26,,,PHMH320213240033087500008,3240000,서울특별시 강동구 풍성로 162 (성내동),05395,03,폐업,,,,02-487-7236
씨유 강일리버스트점,2024-02-20,215278.711932608,452052.025388385,2026-05-03 22:31:07,I,03,폐업,2024-02-20 16:33:33,,2021-03-25,,,PHMH320213240033087500011,3240000,"서울특별시 강동구 아리수로93가길 70, 상가동 104,105호 (강일동, 강동리버스트7단지)",05415,03,폐업,,,,
씨유고덕자이점 (CU),2025-11-19,215010.763627235,450026.852395313,2026-05-03 22:31:07,I,03,폐업,2025-11-19 15:30:55,,2021-04-27,,,PHMH320213240033087500014,3240000,"서울특별시 강동구 상일로 55, 115호 (상일동)",05275,03,폐업,,,,
씨유 리엔파크본점,2023-02-07,215927.688523964,450172.909915831,2026-05-03 22:31:08,I,03,폐업,2023-02-07 16:10:07,,2021-05-25,,서울특별시 강동구 상일제1동 36-3 강동리엔파크11단지,PHMH320213240033087500018,3240000,"서울특별시 강동구 고덕로98길 101, 상가동 103호 (상일제1동, 강동리엔파크11단지)",05416,03,폐업,49,,,
지에스GS25 천호역점,2022-06-24,210830.134427385,448618.9907646,2026-05-03 22:31:08,I,03,폐업,2022-06-24 16:28:18,,2021-06-01,,,PHMH320213240033087500019,3240000,"서울특별시 강동구 올림픽로 651, 예경빌딩 1층 (천호동)",05248,03,폐업,,,,
씨유(CU) 강동 한솔점,2025-09-09,212300.266865149,449908.396216471,2026-05-03 22:31:08,I,03,폐업,2025-09-11 16:00:58,,2021-06-10,,,PHMH320213240033087500020,3240000,"서울특별시 강동구 암사길 102, 1층 (암사동)",05258,03,폐업,,,,
지에스25 성내한일점,2025-02-18,210960.413495191,448403.019701076,2026-05-03 22:31:08,I,03,폐업,2025-02-21 16:13:10,,2021-07-12,,서울특별시 강동구 성내동 48-1,PHMH320213240033087500026,3240000,"서울특별시 강동구 천호대로 1016, 한일빌딩 1층 (성내동)",05378,03,폐업,,,,
씨유 그라시움점,2023-04-14,214299.644266879,450637.954760292,2026-05-03 22:31:08,I,03,폐업,2023-04-14 17:02:09,,2021-08-02,,서울특별시 강동구 고덕동 693 고덕그라시움(제1상가) 제C101호 일부,PHMH320213240033087500029,3240000,"서울특별시 강동구 고덕로 353, 고덕그라시움(제1상가) 제C101호 (고덕동)",05224,03,폐업,,,,02-441-4561
GS25 강일타운점,2024-02-27,215502.593610945,451912.595090289,2026-05-03 22:31:08,I,03,폐업,2024-02-27 16:27:07,,2021-08-03,,,PHMH320213240033087500030,3240000,"서울특별시 강동구 아리수로97길 68, 1층 (강일동, 강일리버파크2단지아파트)",05208,03,폐업,,,,
씨유 고덕아르테온1상가점,2022-06-09,214844.691529811,450341.891483543,2026-05-03 22:31:09,I,03,폐업,2022-06-10 14:14:48,,2021-08-23,,서울특별시 강동구 상일동 520 고덕아르테온(근린생활시설-1),PHMH320213240033087500032,3240000,"서울특별시 강동구 고덕로 390, 고덕아르테온(근린생활시설-1) 1층 115호 (상일동)",05274,03,폐업,55,,,
GS25 천호해리점,2024-03-27,212101.356553854,449490.975146225,2026-05-03 22:31:09,I,03,폐업,2024-03-27 14:36:39,,2021-09-23,,서울특별시 강동구 천호동 231-32,PHMH320213240033087500035,3240000,"서울특별시 강동구 상암로27나길 4, 1층 (천호동)",05309,03,폐업,,,,
씨유 강동상일역점,2022-05-06,214695.292858761,450632.624020783,2026-05-03 22:31:09,I,03,폐업,2022-05-06 17:36:23,,2021-10-05,,서울특별시 강동구 고덕동 694 고덕그라시움(제4상가),PHMH320213240033087500038,3240000,"서울특별시 강동구 고덕로 385, 고덕그라시움(제4상가) 102호 (고덕동)",05223,03,폐업,,,,
GS25 암사광나루점,2022-08-22,211161.286678064,450203.741209731,2026-05-03 22:31:09,I,03,폐업,2022-08-23 13:34:04,,2021-10-25,,서울특별시 강동구 암사동 508 삼성광나루아파트,PHMH320213240033087500041,3240000,"서울특별시 강동구 상암로3길 81, 삼성광나루아파트 상가동 106호 (암사동)",05240,03,폐업,,,,
GS25 강동파크점,2025-07-01,211532.353686299,448182.588454494,2026-05-03 22:31:10,I,03,폐업,2025-07-03 17:32:10,,2021-11-03,,서울특별시 강동구 성내동 164-1 씨제이나인파크,PHMH320213240033087500043,3240000,"서울특별시 강동구 천호대로 1078, 104호 (성내동, 씨제이나인파크)",05380,03,폐업,,,,02-479-3525
세븐일레븐 천호역 한강청년주택점,2023-06-26,210747.029242186,448585.11433031,2026-05-03 22:31:22,I,03,폐업,2023-06-28 10:28:11,,2021-11-24,,서울특별시 강동구 천호동 458-3 천호역 한강 청년주택,PHMH320213240033087500046,3240000,"서울특별시 강동구 천호대로 989, 104호 (천호동, 천호역 한강 청년주택)",05248,03,폐업,,,,
GS25 강동베스트점,2024-08-14,212049.339857994,447849.56068073,2026-05-03 22:31:10,I,03,폐업,2024-08-19 09:45:16,,2022-01-10,,서울특별시 강동구 성내동 380-14,PHMH320223240033087500001,3240000,"서울특별시 강동구 양재대로103길 13, 102호 (성내동)",05375,03,폐업,,,,
세븐일레븐 암사역점,2022-01-28,211103.943724663,449661.011941643,2026-05-03 22:31:10,I,03,폐업,2022-01-28 10:26:56,,2022-01-26,,서울특별시 강동구 암사동 513-1,PHMH320223240033087500004,3240000,"서울특별시 강동구 올림픽로93길 9, 1층 (암사동)",05242,03,폐업,,,,
지에스25 강일14단지점,2023-12-07,215898.113091143,449933.236825398,2026-05-03 22:31:10,I,03,폐업,2023-12-07 16:38:15,,2022-01-27,,서울특별시 강동구 상일동 28 강동리엔파크14단지,PHMH320223240033087500005,3240000,"서울특별시 강동구 고덕로98길 160, 상가동 103,104호 (상일동, 강동리엔파크14단지)",05286,03,폐업,,,,
미니스톱 강동타운점,2022-10-27,212029.948380775,449916.683700689,2026-05-03 22:31:10,I,03,폐업,2022-10-28 15:06:14,,2022-02-09,,서울특별시 강동구 암사동 475-32,PHMH320223240033087500007,3240000,서울특별시 강동구 구천면로57길 35(암사동),05259,03,폐업,,,,
지에스25 강동팰리스점,2025-05-28,212366.840633987,450251.758832252,2026-05-03 22:31:10,I,03,폐업,2025-05-29 15:10:47,,2022-02-17,,서울특별시 강동구 암사동 413-3 프라이어팰리스,PHMH320223240033087500008,3240000,"서울특별시 강동구 고덕로 140, 프라이어팰리스 상가동 1층 119-2호,120-1호 (암사동)",05256,03,폐업,,,,
지에스(GS)25 암사해리점,2023-04-26,211945.001329731,449768.648765431,2026-05-03 22:31:12,I,03,폐업,2023-05-01 09:47:47,,2022-03-28,,서울특별시 강동구 암사동 486-47,PHMH320223240033087500012,3240000,서울특별시 강동구 구천면로53길 21(암사동),05259,03,폐업,,,,
(주)코리아세븐 천호중앙본점,2025-06-27,212398.829616396,448902.753612642,2026-05-03 22:31:22,I,03,폐업,2025-06-30 14:13:16,,2022-04-01,,서울특별시 강동구 천호동 51-1 거송빌딩,PHMH320223240033087500014,3240000,"서울특별시 강동구 양재대로121길 7, 거송빌딩 1층 2호 (천호동)",05316,03,폐업,,,,
GS25 길동우성점,2013-11-20,212485.186602827,448448.530576361,2026-05-03 22:30:33,I,03,폐업,2015-05-08 11:12:17,,2012-11-12,134-880,서울특별시 강동구 길동 392번지 5호,PHMH320123240033087500067,3240000,서울특별시 강동구 양재대로116길 30 (길동),,03,폐업,,,,
세븐일레븐 암사현대점,2023-05-12,211203.483758424,450040.12185354,2026-05-03 22:30:34,I,03,폐업,2023-05-17 10:21:54,,2012-11-12,134-877,서울특별시 강동구 암사동 503번지,PHMH320123240033087500068,3240000,서울특별시 강동구 상암로5길 49 (암사동),05241,03,폐업,,,,
지에스25 상일동역점,2017-10-31,214844.691529811,450341.891483543,2026-05-03 22:30:34,I,03,폐업,2017-10-31 19:06:51,,2012-11-12,134-793,서울특별시 강동구 상일제1동 121번지,PHMH320123240033087500069,3240000,서울특별시 강동구 고덕로 390 (상일제1동),05274,03,폐업,,,,02-426-2511
씨유 천호1호점,2020-08-04,212005.55476779,449259.924158624,2026-05-03 22:30:34,I,03,폐업,2020-08-05 13:30:34,,2012-11-12,134-866,서울특별시 강동구 천호동 225번지 16호,PHMH320123240033087500070,3240000,서울특별시 강동구 구천면로42길 47 (천호동),05310,03,폐업,,,,02-474-9024
CU 성내포레스점,2019-04-23,210760.383783042,447862.625276914,2026-05-03 22:30:34,I,03,폐업,2019-04-23 16:44:36,,2012-11-13,134-030,서울특별시 강동구 성내동 111번지 64호,PHMH320123240033087500073,3240000,서울특별시 강동구 풍성로 91 (성내동),05385,03,폐업,,,,02-488-4943
GS25 성내유토빌점,2013-09-05,211770.879281522,446810.814080816,2026-05-03 22:30:34,I,03,폐업,2015-05-08 11:39:21,,2012-11-13,134-846,서울특별시 강동구 성내동 440번지 3호,PHMH320123240033087500076,3240000,서울특별시 강동구 양재대로89가길 69 (성내동),,03,폐업,,,,02-475-6300
GS25 성내파크,2013-09-05,211597.17085676,446992.790071505,2026-05-03 22:30:34,I,03,폐업,2015-05-08 11:40:25,,2012-11-13,134-846,서울특별시 강동구 성내동 437번지 26호,PHMH320123240033087500077,3240000,서울특별시 강동구 강동대로53길 49 (성내동),,03,폐업,,,,
Gs25 둔촌타워점,2013-05-16,212577.040818432,447411.826077751,2026-05-03 22:30:34,I,03,폐업,2015-05-08 11:41:40,,2012-11-13,134-822,서울특별시 강동구 둔촌동 556번지,PHMH320123240033087500078,3240000,서울특별시 강동구 명일로 110 (둔촌동),,03,폐업,,,,02-476-7143
세븐일레븐천호본점,2020-10-28,212423.986160212,449453.109217658,2026-05-03 22:30:35,I,03,폐업,2020-10-29 10:16:12,,2012-11-13,134-861,서울특별시 강동구 천호동 33번지 15호,PHMH320123240033087500080,3240000,서울특별시 강동구 상암로41길 26 (천호동),05307,03,폐업,,,,02-488-1039
GS25,2019-10-04,212192.951747404,451089.401102358,2026-05-03 22:30:35,I,03,폐업,2019-10-04 17:11:45,,2012-11-13,134-852,서울특별시 강동구 암사동 54번지,PHMH320123240033087500082,3240000,서울특별시 강동구 아리수로25나길 33-57 (암사동),05207,03,폐업,,,,02-441-6323
세븐일레븐 길동우성점,2016-12-20,212768.960555317,448302.377594077,2026-05-03 22:30:36,I,03,폐업,2016-12-20 11:07:55,,2012-11-13,134-809,서울특별시 강동구 길동 144번지 7호,PHMH320123240033087500083,3240000,서울특별시 강동구 천호대로193길 40 (길동),05350,03,폐업,,,,
GS25 명일중앙점,2021-04-08,212740.433120313,449511.725419163,2026-05-03 22:30:36,I,03,폐업,2021-04-09 09:14:43,,2012-11-13,134-830,서울특별시 강동구 명일동 337번지 30호,PHMH320123240033087500085,3240000,서울특별시 강동구 양재대로134길 25 (명일동),05294,03,폐업,,,,02-426-6748
씨유 강동구청점,2021-02-04,210839.281153832,447458.387605645,2026-05-03 22:30:36,I,03,폐업,2021-02-04 13:39:19,,2012-11-13,134-851,서울특별시 강동구 성내동 551번지,PHMH320123240033087500086,3240000,서울특별시 강동구 성내로 28 (성내동),05399,03,폐업,,,,02-476-6562
씨유 성내호원점,2023-10-19,211511.600296781,447145.735180144,2026-05-03 22:30:38,I,03,폐업,2023-10-20 11:45:21,,2012-11-14,134-890,서울특별시 강동구 성내동 433번지 9호,PHMH320123240033087500089,3240000,서울특별시 강동구 양재대로87길 76 (성내동),05406,03,폐업,,,,070-8851-8717
씨유 길동역점,2013-06-17,212241.599163626,448298.45939367,2026-05-03 22:30:38,I,03,폐업,2015-05-08 12:40:05,,2012-11-14,134-814,서울특별시 강동구 길동 412번지 8호,PHMH320123240033087500090,3240000,서울특별시 강동구 양재대로 1465 (길동),,03,폐업,,,,02-488-8717
씨유 명일주공점,2014-03-18,213262.059722309,449527.440852499,2026-05-03 22:30:38,I,03,폐업,2015-05-08 12:41:39,,2012-11-14,134-788,서울특별시 강동구 명일동 257번지,PHMH320123240033087500091,3240000,서울특별시 강동구 상암로 251 (명일동),,03,폐업,,,,
씨유 암사중앙점,2024-07-05,211301.791271787,449882.290243396,2026-05-03 22:30:38,I,03,폐업,2024-07-08 10:03:42,,2012-11-14,134-859,서울특별시 강동구 암사동 501번지 12호,PHMH320123240033087500092,3240000,서울특별시 강동구 올림픽로98길 10 (암사동),05264,03,폐업,,,,02-442-1914
세븐일레븐 광나루진달래점,2016-12-27,210480.767564873,449242.025030395,2026-05-03 22:31:24,I,03,폐업,2016-12-27 16:08:15,,2012-11-14,134-021,서울특별시 강동구 천호동 483번지 1호,PHMH320123240033087500094,3240000,,,03,폐업,,,,02-471-1667
씨유 성내둔촌점,2017-07-28,211766.055560778,446907.632018709,2026-05-03 22:30:39,I,03,폐업,2017-07-28 16:59:50,,2012-11-14,134-846,서울특별시 강동구 성내동 440번지 22호,PHMH320123240033087500095,3240000,서울특별시 강동구 양재대로85길 15 (성내동),05408,03,폐업,,,,02-474-3164
씨유 천호로데오점,2013-08-30,211148.708405112,448411.95234808,2026-05-03 22:30:39,I,03,폐업,2015-05-08 12:55:29,,2012-11-14,134-864,서울특별시 강동구 천호동 453번지 15호,PHMH320123240033087500096,3240000,서울특별시 강동구 천호대로 1033 (천호동),,03,폐업,,,,02-488-0587
지에스25 천호후레쉬,2019-10-28,212061.473791818,448846.765322979,2026-05-03 22:30:40,I,03,폐업,2019-10-28 17:22:48,,2012-11-15,134-864,서울특별시 강동구 천호동 112번지 5호,PHMH320123240033087500097,3240000,서울특별시 강동구 천중로35길 11 (천호동),05317,03,폐업,,,,02-475-2177
GS25 암사현대점,2014-06-30,212128.748651197,450405.144983099,2026-05-03 22:30:40,I,03,폐업,2015-05-08 12:58:33,,2012-11-15,134-764,서울특별시 강동구 암사동 400번지 5호,PHMH320123240033087500098,3240000,서울특별시 강동구 고덕로27길 28 (암사동),,03,폐업,,,,02-426-8549
씨유 강동역점,2018-03-05,211661.387960885,448108.985035781,2026-05-03 22:30:40,I,03,폐업,2018-03-05 17:04:54,,2012-11-15,134-841,서울특별시 강동구 성내동 194번지,PHMH320123240033087500101,3240000,서울특별시 강동구 천호대로 1092 (성내동),05381,03,폐업,,,,070-4132-4508
씨유 길동그레너스1호점,2013-05-29,211865.631863483,448134.343948346,2026-05-03 22:30:40,I,03,폐업,2015-05-08 13:02:58,,2012-11-16,134-814,서울특별시 강동구 길동 445번지 3호,PHMH320123240033087500102,3240000,서울특별시 강동구 천호대로 1111 (길동),,03,폐업,,,,
씨유 길동삼익점,2014-06-02,212641.888432538,449169.29774494,2026-05-03 22:30:40,I,03,폐업,2015-05-08 13:03:58,,2012-11-16,134-810,서울특별시 강동구 길동 321번지 8호,PHMH320123240033087500103,3240000,서울특별시 강동구 양재대로128길 20 (길동),,03,폐업,,,,
씨유 고덕신동아점,2025-07-08,213371.152528482,450173.900732264,2026-05-03 22:31:12,I,03,폐업,2025-07-14 11:18:24,,2022-04-19,,서울특별시 강동구 명일동 44 신동아아파트,PHMH320223240033087500015,3240000,"서울특별시 강동구 고덕로62길 48, 신동아아파트 상가 108호 109호 (명일동)",05268,03,폐업,,,,
씨유 고덕아르테온 1상가점,2024-10-04,214844.691529811,450341.891483543,2026-05-03 22:31:12,I,03,폐업,2024-10-07 11:27:48,,2022-06-14,,서울특별시 강동구 상일동 520 고덕아르테온(근린생활시설-1),PHMH320223240033087500021,3240000,"서울특별시 강동구 고덕로 390, 고덕아르테온(근린생활시설-1) 1층 115호 (상일동)",05274,03,폐업,,,,
씨유(CU) 둔촌2동점,2022-12-08,212472.666276371,447753.430651682,2026-05-03 22:31:13,I,03,폐업,2022-12-09 11:10:24,,2022-06-17,,서울특별시 강동구 둔촌동 448-2 새얀빌,PHMH320223240033087500023,3240000,"서울특별시 강동구 진황도로 159, 1층 (둔촌동, 새얀빌)",05365,03,폐업,,,,
(주)코리아세븐 강동둔촌대로점,2024-10-29,212439.247912126,447928.446899677,2026-05-03 22:31:25,I,03,폐업,2024-10-31 11:26:39,,2022-06-21,,서울특별시 강동구 둔촌동 66 남산빌딩,PHMH320223240033087500024,3240000,"서울특별시 강동구 천호대로 1172, 남산빌딩 1층 (둔촌동)",05361,03,폐업,,,,
세븐일레븐 강동초교점,2024-10-29,211502.948557835,449333.632712926,2026-05-03 22:31:13,I,03,폐업,2024-10-31 11:26:09,,2022-07-04,,서울특별시 강동구 천호동 302-20,PHMH320223240033087500026,3240000,"서울특별시 강동구 천중로17길 30, 1층 (천호동)",05321,03,폐업,,,,
(주)코리아세븐 암사구천면로점,2025-08-13,212192.105432173,449835.972332782,2026-05-03 22:31:20,I,03,폐업,2025-08-18 10:32:20,,2022-07-14,,서울특별시 강동구 암사동 422-13 암사 THE Nest,PHMH320223240033087500030,3240000,"서울특별시 강동구 구천면로 361, 외 5필지 1층 102호 (암사동, 암사 THE Nest)",05258,03,폐업,,,,
씨유(CU)강일재화점,2024-09-09,215523.83400078,451292.229481831,2026-05-03 22:31:13,I,03,폐업,2024-09-09 14:57:59,,2022-07-22,,서울특별시 강동구 강일동 684 강일리버파크6단지아파트,PHMH320223240033087500031,3240000,"서울특별시 강동구 아리수로94길 19, 상가동 101호 (강일동, 강일리버파크6단지아파트)",05213,03,폐업,,,,
(주)코리아세븐 성내타운점,2023-07-14,210841.640205029,447916.895308327,2026-05-03 22:31:20,I,03,폐업,2023-07-17 16:59:14,,2022-08-05,,서울특별시 강동구 성내동 119-11,PHMH320223240033087500034,3240000,"서울특별시 강동구 천호옛길 48, 조일빌딩 1층 (성내동)",05386,03,폐업,,,,
(주)코리아세븐 강동천일초교점,2023-11-21,211611.576908963,449037.664772428,2026-05-03 22:31:21,I,03,폐업,2023-11-21 17:00:40,,2022-08-16,,서울특별시 강동구 천호동 275-7,PHMH320223240033087500036,3240000,서울특별시 강동구 구천면로 262(천호동),05330,03,폐업,,,,
씨유(CU) 고덕센트럴점,2023-12-06,214664.448707872,449988.903849666,2026-05-03 22:31:13,I,03,폐업,2023-12-07 10:47:34,,2022-10-24,,서울특별시 강동구 상일동 513 고덕센트럴 IPARK,PHMH320223240033087500041,3240000,"서울특별시 강동구 고덕로80길 99, 2상가동 1층 104호 (상일동, 고덕센트럴 IPARK)",05276,03,폐업,,,,
지에스(GS)25 암사신암점,2025-01-17,211519.511092942,450262.161599358,2026-05-03 22:31:13,I,03,폐업,2025-01-17 14:56:56,,2022-11-25,,서울특별시 강동구 암사동 460 탑27,PHMH320223240033087500044,3240000,"서울특별시 강동구 고덕로 54, 1층 103,104호 (암사동, 탑27)",05252,03,폐업,,,,
보훈병원상조회,2024-04-08,212987.201084796,447504.948775288,2026-05-03 22:31:13,I,03,폐업,2024-04-08 16:36:23,,2022-11-30,,서울특별시 강동구 둔촌동 6-2 중앙보훈병원,PHMH320223240033087500045,3240000,"서울특별시 강동구 진황도로61길 53, 중앙보훈병원 (둔촌동)",05368,03,폐업,,,,
(주)코리아세븐 고덕비즈밸리점,2025-04-18,214217.210501845,451533.597732426,2026-05-03 22:31:22,I,03,폐업,2025-04-18 15:16:41,,2022-12-07,,서울특별시 강동구 고덕동 102-8 강일비즈파크뷰,PHMH320223240033087500047,3240000,"서울특별시 강동구 고덕비즈밸리로2가길 6, 강일비즈파크뷰 제101-1호 (고덕동)",05203,03,폐업,,,,
(주)코리아세븐 둔촌푸르지오점,2024-11-06,212708.332707221,447996.910452901,2026-05-03 22:31:21,I,03,폐업,2024-11-08 11:10:38,,2022-12-27,,서울특별시 강동구 둔촌동 50-1,PHMH320223240033087500049,3240000,"서울특별시 강동구 명일로 171, 1층 (둔촌동)",05361,03,폐업,59,,,
세븐일레븐 천호이편한점,2023-10-24,210880.873802867,449088.38900118,2026-05-03 22:31:14,I,03,폐업,2023-10-27 11:15:14,,2023-02-17,,서울특별시 강동구 천호동 335-8,PHMH320233240033087500005,3240000,서울특별시 강동구 올림픽로79길 23(천호동),05245,03,폐업,,,,
지에스(GS)25 고덕현대점,2024-10-31,213378.433989403,450482.305334964,2026-05-03 22:31:15,I,03,폐업,2024-11-01 16:39:09,,2023-03-20,,서울특별시 강동구 고덕동 312 현대아파트,PHMH320233240033087500010,3240000,"서울특별시 강동구 고덕로61길 35, 현대아파트 102,103호 (고덕동)",05234,03,폐업,50,,,
(주)코리아세븐 길동명일로점,2023-11-21,212947.010683318,448888.871539547,2026-05-03 22:31:25,I,03,폐업,2023-11-21 17:00:48,,2023-04-04,,서울특별시 강동구 길동 79-5,PHMH320233240033087500013,3240000,"서울특별시 강동구 명일로 263, 1층 (길동)",05301,03,폐업,38,,,
씨유(CU) 그라시움점,2025-04-28,214299.644266879,450637.954760292,2026-05-03 22:31:15,I,03,폐업,2025-04-28 10:39:25,,2023-04-14,,서울특별시 강동구 고덕동 693 고덕그라시움(제1상가),PHMH320233240033087500014,3240000,"서울특별시 강동구 고덕로 353, 고덕그라시움(제1상가) 씨101호 (고덕동)",05224,03,폐업,,,,
지에스(GS)25 강동제일점,2023-09-14,210818.367448819,448303.423508307,2026-05-03 22:31:24,I,03,폐업,2023-09-14 16:14:14,,2023-04-28,,서울특별시 강동구 성내동 78-10 케이디빌딩,PHMH320233240033087500016,3240000,"서울특별시 강동구 올림픽로 622, 케이디빌딩 (성내동)",05378,03,폐업,,,,
지에스(GS)25 고덕파크점,2025-06-11,213676.418576339,451029.854926958,2026-05-03 22:31:20,I,03,폐업,2025-06-12 14:53:22,,2023-07-19,,서울특별시 강동구 고덕동 528-5,PHMH320233240033087500029,3240000,서울특별시 강동구 동남로85길 20 (고덕동),05226,03,폐업,,,,
지에스(GS)25 암사보은점,2024-08-30,212084.384686929,450187.748018335,2026-05-03 22:31:16,I,03,폐업,2024-08-30 14:14:27,,2023-08-01,,서울특별시 강동구 암사동 439-2,PHMH320233240033087500031,3240000,서울특별시 강동구 고덕로28길 10-7 (암사동),05255,03,폐업,,,,
지에스(GS)25 강동제일점,2024-02-29,210818.367448819,448303.423508307,2026-05-03 22:31:25,I,03,폐업,2024-03-04 10:37:20,,2023-09-14,,서울특별시 강동구 성내동 78-10 케이디빌딩,PHMH320233240033087500034,3240000,"서울특별시 강동구 올림픽로 622, 케이디빌딩 1층 (성내동)",05378,03,폐업,,,,
세븐일레븐 한강광나루2호점,2025-03-26,210268.695726798,448900.642250513,2026-05-03 22:31:21,I,03,폐업,2025-03-27 15:17:52,,2023-10-13,,서울특별시 강동구 천호동 481-6,PHMH320233240033087500037,3240000,서울특별시 강동구 한강남자전거길 3581 (천호동),05250,03,폐업,,,,
세븐일레븐 강동상일여고점,2025-07-01,215166.192744526,449766.710085022,2026-05-03 22:30:40,I,03,폐업,2025-07-03 17:57:11,,2012-11-16,134-837,서울특별시 강동구 상일제1동 249번지,PHMH320123240033087500104,3240000,서울특별시 강동구 상일로7길 6 (상일제1동),05282,03,폐업,,,,070-4101-0888
(주)코리아세븐 천호브라운스톤점,2021-12-24,211334.386337341,449613.80607879,2026-05-03 22:31:24,I,03,폐업,2021-12-24 11:05:41,,2012-11-19,134-867,서울특별시 강동구 천호동 288번지 29호,PHMH320123240033087500105,3240000,서울특별시 강동구 올림픽로92길 61 (천호동),05318,03,폐업,,,,02-470-5037
(주)코리아세븐 길동4호점,2022-04-05,212844.984848164,448347.71493714,2026-05-03 22:31:24,I,03,폐업,2022-04-06 10:03:19,,2012-11-19,134-809,서울특별시 강동구 길동 142번지 2호,PHMH320123240033087500109,3240000,서울특별시 강동구 명일로 210 (길동),05349,03,폐업,,,,02-484-8315
(주)코리아세븐 천호쌍용점,2023-11-01,210845.844797087,448679.382603258,2026-05-03 22:31:24,I,03,폐업,2023-11-02 14:01:48,,2012-11-19,134-874,서울특별시 강동구 천호동 432번지 10호,PHMH320123240033087500110,3240000,서울특별시 강동구 올림픽로 659 (천호동),05248,03,폐업,,,,
(주)코리아세븐 천호5호점,2022-04-25,212376.206725401,448791.071403727,2026-05-03 22:31:22,I,03,폐업,2022-04-25 15:03:20,,2012-11-19,134-862,서울특별시 강동구 천호동 51번지 7호,PHMH320123240033087500112,3240000,서울특별시 강동구 양재대로 1517 (천호동),05316,03,폐업,,,,02-482-7298
(주)코리아세븐 성내2호점,2014-06-25,211408.519666032,447589.706238873,2026-05-03 22:31:22,I,03,폐업,2015-05-08 16:59:29,,2012-11-19,134-850,서울특별시 강동구 성내동 518번지,PHMH320123240033087500114,3240000,서울특별시 강동구 풍성로 162 (성내동),,03,폐업,,,,
(주)코리아세븐 강동성내점,2025-08-13,210669.722533894,447616.778408859,2026-05-03 22:31:22,I,03,폐업,2025-08-18 10:43:15,,2012-11-19,134-851,서울특별시 강동구 성내동 320번지 7호,PHMH320123240033087500117,3240000,서울특별시 강동구 천호옛길 14 (성내동),05392,03,폐업,,,,02-470-3864
(주)바이더웨이 천호공원점,2012-12-10,211038.618368129,449294.659561893,2026-05-03 22:31:23,I,03,폐업,2015-05-08 17:14:30,,2012-11-19,134-868,서울특별시 강동구 천호동 323번지 6호,PHMH320123240033087500119,3240000,서울특별시 강동구 올림픽로 721 (천호동),,03,폐업,,,,
(주)코리아세븐 강동고덕점,2016-04-18,213671.045593053,450099.191717155,2026-05-03 22:31:24,I,03,폐업,2016-04-21 10:17:29,,2012-11-19,134-825,서울특별시 강동구 명일동 47번지 16호,PHMH320123240033087500120,3240000,서울특별시 강동구 동남로75길 13-25 (명일동),05269,03,폐업,,,,02-426-1746
(주)바이더웨이 명일역점,2016-05-26,212582.689664544,449821.387530906,2026-05-03 22:31:20,I,03,폐업,2016-05-27 11:29:06,,2012-11-19,134-861,서울특별시 강동구 천호동 24번지 1호,PHMH320123240033087500121,3240000,서울특별시 강동구 구천면로 402 (천호동),05306,03,폐업,,,,02-483-2410
(주)바이더웨이 강동구청역점,2013-07-10,210671.132768846,447565.794317198,2026-05-03 22:31:24,I,03,폐업,2015-05-08 17:29:22,,2012-11-19,134-851,서울특별시 강동구 성내동 553번지 14호,PHMH320123240033087500122,3240000,서울특별시 강동구 성내로 8 (성내동),,03,폐업,,,,
(주)바이더웨이 성내동주점,2013-04-11,211685.69454897,448050.661541313,2026-05-03 22:31:25,I,03,폐업,2015-05-08 17:30:28,,2012-11-19,134-841,서울특별시 강동구 성내동 196번지 3호,PHMH320123240033087500123,3240000,서울특별시 강동구 천호대로170길 16 (성내동),,03,폐업,,,,
지에스25 강동개나리점,2024-08-01,211896.331971303,449579.848162688,2026-05-03 22:30:40,I,03,폐업,2024-08-02 09:56:59,,2012-11-19,134-859,서울특별시 강동구 암사동 488번지 30호,PHMH320123240033087500124,3240000,서울특별시 강동구 구천면로 323 (암사동),05265,03,폐업,,,,02-442-0890
GS25 둔촌타운점,2014-02-27,211807.609756721,446894.680049364,2026-05-03 22:30:40,I,03,폐업,2015-05-08 17:40:18,,2012-11-22,134-846,서울특별시 강동구 성내동 440번지,PHMH320123240033087500125,3240000,서울특별시 강동구 양재대로 1319 (성내동),,03,폐업,,,,
씨유 길동한신점,2021-04-01,212081.019857419,448209.124823551,2026-05-03 22:30:40,I,03,폐업,2021-04-02 08:33:20,,2012-11-22,134-814,서울특별시 강동구 길동 414번지 10호,PHMH320123240033087500126,3240000,서울특별시 강동구 진황도로 99 (길동),05353,03,폐업,,,,02-471-9729
GS25 성내강림,2015-07-16,211324.022842093,446930.379410235,2026-05-03 22:30:40,I,03,폐업,2015-07-16 17:54:27,,2012-11-26,134-885,서울특별시 강동구 성내동 448번지 7호,PHMH320123240033087500128,3240000,서울특별시 강동구 성안로 7 (성내동),,03,폐업,,,,
세븐일레븐 명일본점,2014-03-27,213073.33402158,449655.029555373,2026-05-03 22:30:40,I,03,폐업,2015-05-08 17:50:40,,2012-11-26,134-071,서울특별시 강동구 명일동 250번지 5호,PHMH320123240033087500129,3240000,서울특별시 강동구 구천면로 456 (명일동),,03,폐업,,,,
지에스(GS)25 고덕타운점,2015-06-04,214989.297025493,450945.407863605,2026-05-03 22:30:40,I,03,폐업,2015-06-04 17:55:48,,2012-11-26,134-800,서울특별시 강동구 고덕동 172번지 9호,PHMH320123240033087500130,3240000,서울특별시 강동구 상일로 153 (고덕동),,03,폐업,,,,02-426-2700
씨유 상일동점,2014-04-08,215182.34482972,449521.383142903,2026-05-03 22:30:41,I,03,폐업,2015-05-08 17:57:34,,2012-11-29,134-838,서울특별시 강동구 상일제1동 301번지 7호,PHMH320123240033087500131,3240000,서울특별시 강동구 천호대로221길 21 (상일제1동),,03,폐업,,,,02-428-8979
미니스톱 천호현대점,2023-02-08,211059.425278766,448590.211563433,2026-05-03 22:30:41,I,03,폐업,2023-04-28 15:49:25,,2012-11-29,134-872,서울특별시 강동구 천호동 416번지 3호,PHMH320123240033087500132,3240000,서울특별시 강동구 올림픽로70길 39 (천호동),05329,03,폐업,,,,02-471-0213
세분일레븐(성내동주점),2015-12-09,211693.971692443,447986.441902087,2026-05-03 22:30:41,I,03,폐업,2015-12-10 09:47:28,,2012-11-29,134-888,서울특별시 강동구 성내동 383번지,PHMH320123240033087500133,3240000,서울특별시 강동구 천호대로170길 27 (성내동),05381,03,폐업,,,,02-487-7771
세분일레븐길동천일점,2013-09-11,212349.526213885,447993.113856281,2026-05-03 22:30:41,I,03,폐업,2015-05-12 10:29:44,,2012-12-03,134-815,서울특별시 강동구 길동 250번지 1호,PHMH320123240033087500134,3240000,서울특별시 강동구 천호대로 1163 (길동),,03,폐업,,,,
CU 강일풍성점,2021-04-01,215743.278884315,451402.228621793,2026-05-03 22:30:41,I,03,폐업,2021-04-01 12:50:23,,2012-12-03,134-737,서울특별시 강동구 강일동 686번지,PHMH320123240033087500135,3240000,서울특별시 강동구 아리수로98길 25 (강일동),05214,03,폐업,,,,02-481-6688
GS25길동금원점,2016-06-07,212765.384541912,449098.98218857,2026-05-03 22:30:41,I,03,폐업,2016-06-08 09:01:54,,2012-12-03,134-810,서울특별시 강동구 길동 325번지 7호,PHMH320123240033087500137,3240000,서울특별시 강동구 천중로51길 74 (길동),05301,03,폐업,,,,02-479-1902
(주)코리아세븐 천호공원점,2021-12-28,211038.618368129,449294.659561893,2026-05-03 22:31:24,I,03,폐업,2021-12-28 14:05:52,,2012-12-10,134-868,서울특별시 강동구 천호동 323번지 6호,PHMH320123240033087500138,3240000,서울특별시 강동구 올림픽로 721 (천호동),05244,03,폐업,,,,02-470-5764
지에스(GS)25 천호하이츠점,2025-05-21,211377.566846736,449530.991540976,2026-05-03 22:31:16,I,03,폐업,2025-05-21 16:57:25,,2024-02-05,,서울특별시 강동구 천호동 310-28,PHMH320243240033087500004,3240000,"서울특별시 강동구 구천면로41길 87, 1층 (천호동)",05322,03,폐업,,,,
지에스(GS)25 강일타운점,2025-03-06,215502.593610945,451912.595090289,2026-05-03 22:31:17,I,03,폐업,2025-03-07 15:07:28,,2024-03-06,,서울특별시 강동구 강일동 668 강일리버파크2단지아파트,PHMH320243240033087500008,3240000,"서울특별시 강동구 아리수로97길 68, 101호 (강일동, 강일리버파크2단지아파트)",05208,03,폐업,,,,
지에스(GS)25 천호해리점,2024-12-12,212101.356553854,449490.975146225,2026-05-03 22:31:17,I,03,폐업,2024-12-12 14:06:17,,2024-03-27,,서울특별시 강동구 천호동 231-32,PHMH320243240033087500012,3240000,"서울특별시 강동구 상암로27나길 4, 1층 (천호동)",05309,03,폐업,,,,
지에스(GS)25 강일MK점,2025-09-24,215361.163713829,452213.416817557,2026-05-03 22:31:25,I,03,폐업,2025-09-25 15:10:07,,2024-06-04,,서울특별시 강동구 강일동 76-7 MK프라자,PHMH320243240033087500021,3240000,"서울특별시 강동구 아리수로93나길 50, MK프라자 1층 (강일동)",05415,03,폐업,,,,
씨유(CU) 강동중흥에스클래스점,2025-08-28,211150.812213612,448805.145144628,2026-05-03 22:31:22,I,03,폐업,2025-09-01 11:13:13,,2025-01-03,,서울특별시 강동구 천호동 423-200,PHMH320253240033087500001,3240000,"서울특별시 강동구 올림픽로78길 60, 102동 102호 (천호동)",05326,03,폐업,,,,
씨유(CU) 둔촌포레온점,2025-07-03,212195.109947109,447197.273286818,2026-05-03 22:31:21,I,03,폐업,2025-07-07 11:42:15,,2025-05-19,,서울특별시 강동구 둔촌동 170-1 포레온스테이션5,PHMH320253240033087500012,3240000,"서울특별시 강동구 양재대로 1360, 포레온스테이션5 1층 1102호 (둔촌동)",05409,03,폐업,36,,,
편의점사랑,2017-01-23,210970.75707265,448713.31669728,2026-05-03 22:30:41,I,03,폐업,2017-01-23 13:14:56,,2012-12-10,134-874,서울특별시 강동구 천호동 425번지 5호,PHMH320123240033087500139,3240000,서울특별시 강동구 올림픽로 664 (천호동),05328,03,폐업,,,,02-477-8512
씨유 천호행복점,2021-08-01,211158.684226384,448995.442887367,2026-05-03 22:30:41,I,03,폐업,2021-10-26 14:56:03,,2012-12-10,134-873,서울특별시 강동구 천호동 438번지 1호,PHMH320123240033087500140,3240000,서울특별시 강동구 올림픽로80길 32 (천호동),05327,03,폐업,,,,
GS25 암사상암점,2017-01-06,211563.035762462,449591.936994945,2026-05-03 22:30:41,I,03,폐업,2017-01-06 16:45:04,,2012-12-20,134-859,서울특별시 강동구 암사동 491번지 64호,PHMH320123240033087500142,3240000,서울특별시 강동구 상암로 75-1 (암사동),05261,03,폐업,,,,
씨유 천호햇살점,2016-08-03,212391.975843662,449525.977173094,2026-05-03 22:30:41,I,03,폐업,2016-08-03 15:15:55,,2012-12-20,134-861,서울특별시 강동구 천호동 28번지 28호,PHMH320123240033087500144,3240000,서울특별시 강동구 양재대로133길 41 (천호동),05307,03,폐업,,,,02-423-5678
GS25 암사역점,2013-11-22,211150.147528877,449821.116972292,2026-05-03 22:30:41,I,03,폐업,2015-05-12 10:55:02,,2012-12-20,134-877,서울특별시 강동구 암사동 502번지 6호,PHMH320123240033087500145,3240000,서울특별시 강동구 상암로 29 (암사동),,03,폐업,,,,
지에스(GS)25 길동타운,2013-10-11,212440.285753723,448775.751543649,2026-05-03 22:30:41,I,03,폐업,2015-05-12 10:58:47,,2012-12-27,134-811,서울특별시 강동구 길동 347번지 14호,PHMH320123240033087500146,3240000,서울특별시 강동구 양재대로 1518 (길동),,03,폐업,,,,02-487-6921
미니스톱 성내본점,2013-11-29,210913.903066875,447770.552502328,2026-05-03 22:30:41,I,03,폐업,2015-05-08 11:07:03,,2012-11-12,134-848,서울특별시 강동구 성내동 291번지 23호,PHMH320133240033087500001,3240000,서울특별시 강동구 풍성로 110 (성내동),,03,폐업,,,,
미니스톱 길동승리점,2014-10-08,212126.02288787,448551.858272169,2026-05-03 22:30:41,I,03,폐업,2014-10-08 18:10:17,,2013-11-22,134-010,서울특별시 강동구 길동 381번지 2호,PHMH320133240033087500003,3240000,서울특별시 강동구 천중로40길 46 (길동),,03,폐업,,,,
사자슈퍼,2021-10-26,211846.179662722,448723.262133179,2026-05-03 22:30:41,I,03,폐업,2021-10-26 15:59:52,,2013-01-03,134-864,서울특별시 강동구 천호동 185번지 6호,PHMH320133240033087500006,3240000,서울특별시 강동구 성안로31길 31 (천호동),05332,03,폐업,,,,02-488-1630
세븐일레븐 강동오륜지점,2017-07-03,211659.824922954,446784.488188771,2026-05-03 22:30:41,I,03,폐업,2017-07-03 16:30:57,,2013-01-03,134-846,서울특별시 강동구 성내동 442번지 10호,PHMH320133240033087500007,3240000,서울특별시 강동구 양재대로81길 30 (성내동),05408,03,폐업,,,,02-488-1630
지에스25 강일타운점,2013-11-08,215502.593610945,451912.595090289,2026-05-03 22:30:41,I,03,폐업,2015-05-12 11:04:51,,2013-01-08,134-732,서울특별시 강동구 강일동 668번지,PHMH320133240033087500008,3240000,서울특별시 강동구 아리수로97길 68 (강일동),,03,폐업,,,,
씨유 성내한빛,2013-11-29,211755.680676983,447196.583369409,2026-05-03 22:30:41,I,03,폐업,2015-05-12 11:07:16,,2013-01-08,134-890,서울특별시 강동구 성내동 427번지 57호,PHMH320133240033087500009,3240000,서울특별시 강동구 양재대로89길 32 (성내동),,03,폐업,,,,
GS25 성내한일점,2018-03-07,210960.413495191,448403.019701076,2026-05-03 22:30:41,I,03,폐업,2018-03-07 16:48:39,,2013-01-11,134-840,서울특별시 강동구 성내동 48번지 1호,PHMH320133240033087500010,3240000,서울특별시 강동구 천호대로 1016 (성내동),05378,03,폐업,,,,
GS25 명일신동아점,2018-09-27,213371.152528482,450173.900732264,2026-05-03 22:30:42,I,03,폐업,2018-09-27 14:19:06,,2013-01-16,134-786,서울특별시 강동구 명일동 44번지,PHMH320133240033087500013,3240000,서울특별시 강동구 고덕로 240 (명일동),05268,03,폐업,,,,070-4101-9402
세븐일레븐 강동성심점,2017-01-13,211809.144914284,448217.053871045,2026-05-03 22:30:42,I,03,폐업,2017-01-13 17:31:32,,2013-01-24,134-864,서울특별시 강동구 천호동 447번지 3호,PHMH320133240033087500014,3240000,서울특별시 강동구 성안로 143 (천호동),05339,03,폐업,,,,02-470-6617
씨유 둔촌미소,2022-05-30,212092.992231159,447500.095768368,2026-05-03 22:30:42,I,03,폐업,2022-05-30 13:43:55,,2013-01-24,134-822,서울특별시 강동구 둔촌동 517번지 5호,PHMH320133240033087500015,3240000,서울특별시 강동구 양재대로96길 8 (둔촌동),05372,03,폐업,,,,070-4124-8899
세븐일레븐 광나루개나리점,2018-09-19,210185.825916808,448900.25231829,2026-05-03 22:31:25,I,03,폐업,2018-09-19 15:42:50,,2013-01-28,134-021,서울특별시 강동구 천호동 485번지 28호,PHMH320133240033087500016,3240000,,,03,폐업,,,,02-475-1767
CU 둔촌점,2016-01-27,212603.105616194,447931.567995717,2026-05-03 22:30:42,I,03,폐업,2016-01-27 14:30:39,,2013-02-12,134-817,서울특별시 강동구 둔촌동 55번지 7호,PHMH320133240033087500017,3240000,서울특별시 강동구 천호대로188길 13 (둔촌동),05361,03,폐업,,,,02-476-5957
굿데이 천호점,2022-08-26,211156.236784946,448427.428814554,2026-05-03 22:30:42,I,03,폐업,2022-08-26 14:47:19,,2013-02-12,134-864,서울특별시 강동구 천호동 453번지 18호,PHMH320133240033087500018,3240000,서울특별시 강동구 천호대로157길 6 (천호동),05335,03,폐업,,,,02-472-0239
세븐일레븐 길동우성 중앙점,2014-06-26,212735.941394666,448997.51312584,2026-05-03 22:30:42,I,03,폐업,2015-05-12 11:41:24,,2013-02-20,134-810,서울특별시 강동구 길동 331번지 3호,PHMH320133240033087500019,3240000,서울특별시 강동구 천중로51길 52 (길동),,03,폐업,,,,
원타임,2014-02-28,211716.731304948,446924.613699862,2026-05-03 22:30:42,I,03,폐업,2015-05-12 11:42:41,,2013-02-26,134-846,서울특별시 강동구 성내동 443번지 33호,PHMH320133240033087500020,3240000,서울특별시 강동구 양재대로85길 23 (성내동),,03,폐업,,,,
로그인 강동힐탑점,2022-08-10,211542.314116941,448273.114107211,2026-05-03 22:30:42,I,03,폐업,2022-08-10 14:12:15,,2013-02-28,134-785,서울특별시 강동구 천호동 449번지 49호,PHMH320133240033087500022,3240000,서울특별시 강동구 천호대로 1073 (천호동),05340,03,폐업,,,,02-472-8265
GS25 천호신암점,2018-02-23,211048.953703303,449531.013087144,2026-05-03 22:30:42,I,03,폐업,2018-02-23 15:11:01,,2013-02-28,134-868,서울특별시 강동구 천호동 316번지,PHMH320133240033087500023,3240000,서울특별시 강동구 상암로4길 57 (천호동),05244,03,폐업,,,,02-472-7630
씨스페이스 강동현대점,2017-05-31,211706.612564569,447211.745066597,2026-05-03 22:30:42,I,03,폐업,2017-05-31 11:38:08,,2013-03-11,134-890,서울특별시 강동구 성내동 427번지 39호,PHMH320133240033087500025,3240000,서울특별시 강동구 풍성로54길 55 (성내동),05404,03,폐업,,,,02-470-8742
초코마트 천호본점,2016-05-31,211632.582226612,449172.047305574,2026-05-03 22:30:42,I,03,폐업,2016-05-31 17:41:46,,2013-03-15,134-867,서울특별시 강동구 천호동 297번지 12호,PHMH320133240033087500026,3240000,서울특별시 강동구 천중로 93 (천호동),05320,03,폐업,,,,02-484-0199
GS25 천호제일점,2016-04-01,211008.353917743,448793.531282568,2026-05-03 22:30:42,I,03,폐업,2016-04-04 16:15:20,,2013-03-29,134-869,서울특별시 강동구 천호동 356번지,PHMH320133240033087500027,3240000,서울특별시 강동구 구천면로 183 (천호동),05327,03,폐업,,,,02-484-6015
GS25 강동구청점,2016-12-27,210771.425675978,447578.332531653,2026-05-03 22:30:42,I,03,폐업,2016-12-27 16:08:06,,2013-04-04,134-850,서울특별시 강동구 성내동 539번지 2호,PHMH320133240033087500028,3240000,서울특별시 강동구 성내로 15 (성내동),05392,03,폐업,,,,
IGA마트 천호최강점,2014-06-30,212367.436951409,448910.259595477,2026-05-03 22:30:42,I,03,폐업,2015-05-12 11:58:57,,2013-04-08,134-862,서울특별시 강동구 천호동 52번지 15호,PHMH320133240033087500029,3240000,서울특별시 강동구 양재대로121길 13 (천호동),,03,폐업,,,,
GS25 천호인성점,2014-06-30,211955.138746228,449582.786228833,2026-05-03 22:30:42,I,03,폐업,2015-05-12 13:22:05,,2013-05-03,134-866,서울특별시 강동구 천호동 233번지 34호,PHMH320133240033087500030,3240000,서울특별시 강동구 구천면로 328 (천호동),,03,폐업,,,,
씨유 명일한영점,2021-02-01,213593.025266557,449494.636453783,2026-05-03 22:30:42,I,03,폐업,2021-02-01 18:02:01,,2013-05-03,134-826,서울특별시 강동구 명일동 213번지,PHMH320133240033087500031,3240000,서울특별시 강동구 동남로65길 25 (명일동),05271,03,폐업,,,,02-427-2720
씨유 성내신나라점,2017-09-18,211893.293986929,447687.631418197,2026-05-03 22:30:42,I,03,폐업,2017-09-18 14:52:34,,2013-05-08,134-844,서울특별시 강동구 성내동 404번지,PHMH320133240033087500032,3240000,서울특별시 강동구 양재대로97길 33 (성내동),05376,03,폐업,,,,02-474-7941
씨유 길동SK점,2015-08-13,211963.942242149,448273.205058814,2026-05-03 22:30:42,I,03,폐업,2015-08-13 16:35:24,,2013-05-20,134-814,서울특별시 강동구 길동 415번지 13호,PHMH320133240033087500033,3240000,서울특별시 강동구 진황도로 85 (길동),05354,03,폐업,,,,
미니스톱 성내승리점,2013-09-25,211989.638486453,447560.66325558,2026-05-03 22:31:22,I,03,폐업,2015-05-12 13:30:19,,2013-06-24,134-843,서울특별시 강동구 성내동 397번지 15호,PHMH320133240033087500035,3240000,서울특별시 강동구 풍성로57길 28 (성내동),,03,폐업,,,,
이마트24 길동으뜸점,2021-10-27,212981.750589294,448888.357174164,2026-05-03 22:30:42,I,03,폐업,2021-10-27 18:02:17,,2013-06-25,134-808,서울특별시 강동구 길동 82번지 4호,PHMH320133240033087500036,3240000,서울특별시 강동구 명일로 262 (길동),05300,03,폐업,,,,02-483-2891
위드미 길동점,2015-11-03,212573.245449453,448796.099644856,2026-05-03 22:30:42,I,03,폐업,2015-11-03 10:43:59,,2013-06-25,134-811,서울특별시 강동구 길동 345번지 1호,PHMH320133240033087500037,3240000,서울특별시 강동구 천중로49길 10 (길동),05303,03,폐업,,,,02-473-9578
위드미 천호점,2016-12-27,211125.201534721,448461.910729563,2026-05-03 22:30:42,I,03,폐업,2016-12-27 13:55:38,,2013-07-02,134-874,서울특별시 강동구 천호동 454번지 50호,PHMH320133240033087500038,3240000,서울특별시 강동구 천호대로157길 9 (천호동),05329,03,폐업,,,,02-483-8046
미니스톱 길동드림힐,2016-06-24,211996.200294662,448413.6296306,2026-05-03 22:30:42,I,03,폐업,2016-06-24 11:43:05,,2013-07-02,134-813,서울특별시 강동구 길동 385번지 4호,PHMH320133240033087500039,3240000,서울특별시 강동구 양재대로111길 54 (길동),05354,03,폐업,,,,02-486-8606
(주)비지에프리테일 강일5단지점,2015-08-27,215672.686503771,451718.460112743,2026-05-03 22:31:22,I,03,폐업,2015-08-27 16:30:21,,2013-07-08,134-735,서울특별시 강동구 강일동 670번지,PHMH320133240033087500040,3240000,서울특별시 강동구 아리수로97길 20 (강일동),05209,03,폐업,,,,02-428-1186
(주)코리아세븐 강동구청역점,2017-11-29,210671.132768846,447565.794317198,2026-05-03 22:31:24,I,03,폐업,2017-11-29 16:54:18,,2013-07-12,134-851,서울특별시 강동구 성내동 553번지 14호,PHMH320133240033087500041,3240000,서울특별시 강동구 성내로 8 (성내동),05398,03,폐업,,,,02-487-0553
한국미니스톱 강동역점,2014-02-03,211785.062144309,448178.173808736,2026-05-03 22:31:22,I,03,폐업,2015-05-12 13:40:26,,2013-07-18,134-864,서울특별시 강동구 천호동 447번지,PHMH320133240033087500042,3240000,서울특별시 강동구 천호대로 1099 (천호동),,03,폐업,,,,
GS25 명일점,2018-09-21,212844.648356841,449817.965666305,2026-05-03 22:30:42,I,03,폐업,2018-09-27 14:18:50,,2013-07-26,134-830,서울특별시 강동구 명일동 315번지 13호,PHMH320133240033087500043,3240000,서울특별시 강동구 구천면로 427 (명일동),05267,03,폐업,,,,02-481-0799
씨유 천호로데오점,2015-10-12,211148.708405112,448411.95234808,2026-05-03 22:30:42,I,03,폐업,2015-10-12 13:44:35,,2013-08-30,134-864,서울특별시 강동구 천호동 453번지 15호,PHMH320133240033087500044,3240000,서울특별시 강동구 천호대로 1033 (천호동),05335,03,폐업,,,,02-475-0958
GS25 굽은다리역,2015-07-10,212672.159203487,449388.425456064,2026-05-03 22:30:42,I,03,폐업,2015-07-10 09:44:08,,2013-08-30,134-830,서울특별시 강동구 명일동 344번지 15호,PHMH320133240033087500045,3240000,서울특별시 강동구 상암로 195 (명일동),,03,폐업,,,,02-441-1039
씨유 길동청광점,2015-08-06,212034.135065284,448106.441572477,2026-05-03 22:30:43,I,03,폐업,2015-08-06 19:00:40,,2013-09-04,134-814,서울특별시 강동구 길동 457번지,PHMH320133240033087500046,3240000,서울특별시 강동구 천호대로175길 10 (길동),05355,03,폐업,,,,02-470-4233
GS25 강동파크,2021-11-03,211532.353686299,448182.588454494,2026-05-03 22:30:43,I,03,폐업,2021-11-03 13:45:24,,2013-09-27,134-841,서울특별시 강동구 성내동 164번지 1호,PHMH320133240033087500047,3240000,서울특별시 강동구 천호대로 1078 (성내동),05380,03,폐업,,,,02-479-3525
세븐일레븐 성내승리점,2024-07-15,211989.638486453,447560.66325558,2026-05-03 22:30:43,I,03,폐업,2024-07-15 15:47:41,,2013-09-27,134-843,서울특별시 강동구 성내동 397번지 15호,PHMH320133240033087500048,3240000,서울특별시 강동구 풍성로57길 28 (성내동),05376,03,폐업,,,,02-477-2655
GS25 성내파크점,2018-01-23,211597.17085676,446992.790071505,2026-05-03 22:30:43,I,03,폐업,2018-01-23 11:44:39,,2013-09-27,134-846,서울특별시 강동구 성내동 437번지 26호,PHMH320133240033087500049,3240000,서울특별시 강동구 강동대로53길 49 (성내동),05406,03,폐업,,,,02-488-2549
GS25 길동타운,2015-10-14,212440.285753723,448775.751543649,2026-05-03 22:30:43,I,03,폐업,2015-10-14 16:16:50,,2013-10-18,134-811,서울특별시 강동구 길동 347번지 14호,PHMH320133240033087500050,3240000,서울특별시 강동구 양재대로 1518 (길동),05303,03,폐업,,,,02-479-3740
씨유 암사상암로점,2017-03-31,211505.948162184,449621.479460904,2026-05-03 22:30:43,I,03,폐업,2017-03-31 13:08:56,,2013-10-18,134-859,서울특별시 강동구 암사동 491번지 11호,PHMH320133240033087500051,3240000,서울특별시 강동구 상암로 69 (암사동),05261,03,폐업,,,,02-3427-3578
GS25 성내유토빌,2017-08-18,211770.879281522,446810.814080816,2026-05-03 22:30:43,I,03,폐업,2017-08-18 14:24:28,,2013-11-04,134-846,서울특별시 강동구 성내동 440번지 3호,PHMH320133240033087500052,3240000,서울특별시 강동구 양재대로89가길 69 (성내동),05408,03,폐업,,,,02-475-6300
지에스25 상일세종,2023-01-13,215314.746342111,449845.751989409,2026-05-03 22:30:43,I,03,폐업,2023-01-13 16:37:49,,2013-11-08,134-838,서울특별시 강동구 상일제1동 373번지 1호,PHMH320133240033087500053,3240000,서울특별시 강동구 상일로10길 36 (상일제1동),05288,03,폐업,,,,02-441-7826
GS25 강일타운,2019-05-29,215502.593610945,451912.595090289,2026-05-03 22:30:43,I,03,폐업,2019-05-29 16:16:39,,2013-11-22,134-732,서울특별시 강동구 강일동 668번지,PHMH320133240033087500054,3240000,서울특별시 강동구 아리수로97길 68 (강일동),05208,03,폐업,,,,02-3426-9055
세븐일레븐 고덕광문점,2019-12-10,213725.706996407,450949.141347688,2026-05-03 22:30:43,I,03,폐업,2019-12-10 17:00:11,,2013-11-22,134-806,서울특별시 강동구 고덕동 501번지 4호,PHMH320133240033087500055,3240000,서울특별시 강동구 동남로81길 10 (고덕동),05226,03,폐업,,,,02-442-7172
GS25 암사역점,2024-04-23,211150.147528877,449821.116972292,2026-05-03 22:30:43,I,03,폐업,2024-04-23 14:58:58,,2013-11-26,134-877,서울특별시 강동구 암사동 502번지 6호,PHMH320133240033087500056,3240000,서울특별시 강동구 상암로 29 (암사동),05241,03,폐업,,,,02-441-3503
GS25 길동우성점,2015-10-26,212485.186602827,448448.530576361,2026-05-03 22:30:43,I,03,폐업,2015-10-26 10:55:32,,2013-12-05,134-880,서울특별시 강동구 길동 392번지 5호,PHMH320133240033087500058,3240000,서울특별시 강동구 양재대로116길 30 (길동),05351,03,폐업,,,,02-485-1039
GS25 천호스타점,2020-07-01,211496.218901284,449313.404258499,2026-05-03 22:30:43,I,03,폐업,2020-07-01 15:25:48,,2013-12-13,134-867,서울특별시 강동구 천호동 301번지,PHMH320133240033087500059,3240000,서울특별시 강동구 천중로17길 28 (천호동),05321,03,폐업,,,,
(주)비지에프리테일 강일리엔파크점,2015-11-13,215097.6410784,451002.812265182,2026-05-03 22:31:23,I,03,폐업,2015-11-13 14:28:47,,2013-12-13,134-741,서울특별시 강동구 강일동 707번지,PHMH320133240033087500060,3240000,서울특별시 강동구 상일로 152 (강일동),05218,03,폐업,,,,02-3426-0501
세븐일레븐 성내시네마점,2019-03-06,211055.949170471,448255.193715985,2026-05-03 22:30:43,I,03,폐업,2019-03-06 15:09:16,,2013-12-19,134-840,서울특별시 강동구 성내동 43번지 11호,PHMH320133240033087500062,3240000,서울특별시 강동구 천호옛길 88 (성내동),05379,03,폐업,,,,02-479-0711
(주)코리아세븐 명일삼익점,2014-08-11,212785.236301062,449150.358975252,2026-05-03 22:31:22,I,03,폐업,2015-05-08 17:01:52,,2012-11-19,,,PHMH320143240033087500001,3240000,서울특별시 강동구 양재대로128길 47 (명일동),,03,폐업,,,,02-426-7814
(주)코리아세븐 길동제일점,2021-09-13,212720.036326214,448128.532537975,2026-05-03 22:31:24,I,03,폐업,2021-09-13 11:45:46,,2012-11-19,134-809,서울특별시 강동구 길동 148번지 2호,PHMH320143240033087500002,3240000,서울특별시 강동구 천호대로 1203 (길동),05350,03,폐업,,,,
GS25둔촌역점,2014-05-23,211945.337917258,447357.590085319,2026-05-03 22:30:43,I,03,폐업,2015-05-12 10:28:18,,2012-11-29,134-844,서울특별시 강동구 성내동 416번지 4호,PHMH320143240033087500003,3240000,서울특별시 강동구 양재대로 1367 (성내동),,03,폐업,,,,
레몬B 강동점,2015-04-28,212367.436951409,448910.259595477,2026-05-03 22:30:43,I,03,폐업,2015-04-28 16:37:56,,2014-07-22,134-862,서울특별시 강동구 천호동 52번지 15호,PHMH320143240033087500004,3240000,서울특별시 강동구 양재대로121길 13 (천호동),,03,폐업,,,,
(주)비지에프리테일 굽은다리점,2015-09-14,212481.813207436,449096.195019948,2026-05-03 22:31:22,I,03,폐업,2015-09-14 17:05:47,,2014-07-29,134-861,서울특별시 강동구 천호동 45번지 2호,PHMH320143240033087500005,3240000,서울특별시 강동구 양재대로 1549 (천호동),05315,03,폐업,,,,
마이편의점,2016-05-18,212528.480270375,448721.438884852,2026-05-03 22:30:43,I,03,폐업,2016-05-18 13:36:52,,2014-08-06,134-010,서울특별시 강동구 길동 349번지 1호,PHMH320143240033087500006,3240000,서울특별시 강동구 천중로 200 (길동),05343,03,폐업,,,,
세븐일레븐 명일삼익점,2020-08-14,212785.236301062,449150.358975252,2026-05-03 22:30:43,I,03,폐업,2020-08-14 15:11:38,,2014-08-14,134-830,서울특별시 강동구 명일동 350번지 4호,PHMH320143240033087500007,3240000,서울특별시 강동구 양재대로128길 47 (명일동),05296,03,폐업,,,,
(주)비지에프리테일 길동역점,2014-08-29,212241.599163626,448298.45939367,2026-05-03 22:31:22,I,03,폐업,2015-05-12 13:28:50,,2013-06-20,134-814,서울특별시 강동구 길동 412번지 8호,PHMH320143240033087500008,3240000,서울특별시 강동구 양재대로 1465 (길동),,03,폐업,,,,02-488-8717
한국미니스톱(주) 성내영파점,2015-04-01,210670.369892293,447779.714780142,2026-05-03 22:31:24,I,03,폐업,2015-05-12 14:30:39,,2014-09-03,134-851,서울특별시 강동구 성내동 322번지 6호,PHMH320143240033087500009,3240000,서울특별시 강동구 올림픽로 568 (성내동),,03,폐업,,,,
씨유 명일성은점,2014-09-04,213674.493379728,450160.936702182,2026-05-03 22:30:43,I,03,폐업,2015-05-08 12:54:24,,2012-11-14,,,PHMH320143240033087500010,3240000,서울특별시 강동구 동남로75길 13-15 (명일동),,03,폐업,,,,
씨유 명일성은점,2015-09-09,213674.493379728,450160.936702182,2026-05-03 22:30:43,I,03,폐업,2015-09-09 15:55:51,,2012-11-14,134-825,서울특별시 강동구 명일동 47번지 10호,PHMH320143240033087500011,3240000,서울특별시 강동구 동남로75길 13-15 (명일동),05269,03,폐업,,,,02-3427-5863
GS25 강동암사,2018-06-18,211598.410944815,450001.097278783,2026-05-03 22:31:24,I,03,폐업,2018-06-18 15:24:16,,2014-09-17,134-051,서울특별시 강동구 암사동 469번지 30호,PHMH320143240033087500013,3240000,"서울특별시 강동구 고덕로20마길 29, 1층 (암사동)",05253,03,폐업,,,,
CU뉴길동역점,2015-11-24,212251.603548884,448345.727351302,2026-05-03 22:30:43,I,03,폐업,2015-11-24 13:23:22,,2014-10-02,134-010,서울특별시 강동구 길동 389번지 2호,PHMH320143240033087500015,3240000,서울특별시 강동구 양재대로 1471 (길동),05353,03,폐업,,,,
GS25성내한빛점,2015-12-01,211629.212526489,448020.543763811,2026-05-03 22:30:43,I,03,폐업,2015-12-01 14:08:06,,2014-10-23,134-841,성내동 196번지 8호,PHMH320143240033087500017,3240000,서울특별시 강동구 천호대로168길 35 (성내동),05381,03,폐업,,,,
GS25 강동성일점,2016-04-21,211203.682231648,447387.325955188,2026-05-03 22:30:44,I,03,폐업,2016-04-21 17:59:55,,2014-10-28,134-850,서울특별시 강동구 성내동 543번지,PHMH320143240033087500018,3240000,서울특별시 강동구 성내로13길 14 (성내동),05396,03,폐업,,,,
GS25 강동베르네점,2014-11-03,210744.81545375,447427.034954557,2026-05-03 22:30:44,I,03,폐업,2015-05-12 11:50:19,,2013-02-28,134-851,서울특별시 강동구 성내동 556번지 2호,PHMH320143240033087500019,3240000,서울특별시 강동구 성내로6길 20 (성내동),,03,폐업,,,,
GS25 성내하이츠,2014-11-03,211793.74334143,447603.805754659,2026-05-03 22:30:44,I,03,폐업,2015-05-08 10:36:03,,2012-11-09,,,PHMH320143240033087500020,3240000,서울특별시 강동구 양재대로95길 47 (성내동),,03,폐업,,,,
세븐일레븐 강동구민회관점,2014-11-03,212421.03426748,449335.764505426,2026-05-03 22:30:44,I,03,폐업,2015-05-08 11:58:16,,2012-11-13,134-861,서울특별시 강동구 천호동 35번지 29호,PHMH320143240033087500021,3240000,서울특별시 강동구 상암로 171 (천호동),,03,폐업,,,,070-8872-8070
GS25 천호로뎀,2016-12-09,211179.380185162,449108.443531422,2026-05-03 22:30:44,I,03,폐업,2016-12-09 14:21:52,,2014-11-05,134-870,서울특별시 강동구 천호동 361번지 2호,PHMH320143240033087500023,3240000,서울특별시 강동구 천중로12길 23 (천호동),05324,03,폐업,,,,
지에스25 강동제일점,2016-12-21,210818.367448819,448303.423508307,2026-05-03 22:30:44,I,03,폐업,2016-12-21 11:37:09,,2014-11-20,134-031,서울특별시 강동구 성내동 78번지 10호,PHMH320143240033087500024,3240000,서울특별시 강동구 올림픽로 622 (성내동),05378,03,폐업,,,,
코리아세븐 고덕리엔파크점,2016-04-26,215018.445233962,450783.866909442,2026-05-03 22:30:44,I,03,폐업,2016-04-26 18:05:25,,2014-11-20,134-081,서울특별시 강동구 고덕동 197번지 5호,PHMH320143240033087500025,3240000,서울특별시 강동구 상일로 137 (고덕동),05222,03,폐업,,,,
GS25 둔촌신성점,2020-12-09,212630.450265239,447314.730725632,2026-05-03 22:30:44,I,03,폐업,2020-12-09 15:39:16,,2014-11-20,134-061,서울특별시 강동구 둔촌동 134번지 6호,PHMH320143240033087500026,3240000,서울특별시 강동구 진황도로 206 (둔촌동),05370,03,폐업,,,,
(주)코리아세븐 강동구민회관점,2025-02-20,212421.03426748,449335.764505426,2026-05-03 22:31:20,I,03,폐업,2025-02-21 09:47:26,,2014-11-20,134-861,서울특별시 강동구 천호동 35번지 29호,PHMH320143240033087500028,3240000,서울특별시 강동구 상암로 171 (천호동),05307,03,폐업,,,,02-470-4051
365플러스 강동둔촌점,2019-04-18,212246.369632817,447581.449697824,2026-05-03 22:30:44,I,03,폐업,2019-04-18 15:48:26,,2014-11-21,134-061,서울특별시 강동구 둔촌동 490번지 12호,PHMH320143240033087500029,3240000,서울특별시 강동구 풍성로63길 47 (둔촌동),05372,03,폐업,,,,
세븐일레븐 길동스위트,2018-06-08,212172.828537488,448321.330153611,2026-05-03 22:30:44,I,03,폐업,2018-06-08 12:50:55,,2012-11-29,,,PHMH320143240033087500030,3240000,서울특별시 강동구 양재대로111길 15 (길동),05353,03,폐업,,,,02-487-1650
(주)코리아세븐 길동사거리점,2018-10-30,212059.97373057,448068.603629997,2026-05-03 22:30:44,I,03,폐업,2018-10-30 13:46:37,,2014-12-08,134-010,서울특별시 강동구 길동 457번지 4호,PHMH320143240033087500031,3240000,서울특별시 강동구 천호대로 1131 (길동),05355,03,폐업,,,,
GS25 길동미래,2018-10-23,212409.881440982,448958.253220958,2026-05-03 22:30:44,I,03,폐업,2018-10-23 15:09:58,,2014-12-12,134-861,서울특별시 강동구 천호동 50번지 11호,PHMH320143240033087500032,3240000,서울특별시 강동구 천중로43길 40 (천호동),05315,03,폐업,,,,
지에스25 강동베르네점,2016-11-21,210735.58828158,447410.227122961,2026-05-03 22:30:44,I,03,폐업,2016-11-21 16:36:29,,2014-12-18,134-030,서울특별시 강동구 성내동 556번지 3호,PHMH320143240033087500033,3240000,서울특별시 강동구 성내로6길 20 (성내동),05398,03,폐업,,,,
(주)코리아세븐 명일이마트점,2014-12-29,213640.278266791,450219.030003409,2026-05-03 22:31:24,I,03,폐업,2015-05-08 13:07:24,,2012-11-19,134-825,서울특별시 강동구 명일동 47번지 4호,PHMH320143240033087500034,3240000,서울특별시 강동구 동남로75길 19 (명일동),,03,폐업,,,,
(주)코리아세븐 천호사거리점,2014-12-29,211200.701570024,448517.825802699,2026-05-03 22:31:24,I,03,폐업,2015-05-08 17:34:40,,2012-11-19,134-864,서울특별시 강동구 천호동 453번지 24호,PHMH320143240033087500035,3240000,서울특별시 강동구 천호대로157길 26 (천호동),,03,폐업,,,,
미니스톱 강동역점,2015-03-05,211785.062144309,448178.173808736,2026-05-03 22:30:44,I,03,폐업,2015-03-06 08:53:03,,2014-02-03,,,PHMH320143240033087500038,3240000,서울특별시 강동구 천호대로 1099 (천호동),,03,폐업,,,,
미니스톱 명일역점,2014-01-13,212678.653349359,449975.770536106,2026-05-03 22:31:22,I,03,폐업,2015-05-12 14:10:44,,2014-01-06,134-830,서울특별시 강동구 명일동 312번지 94호,PHMH320143240033087500039,3240000,서울특별시 강동구 양재대로 1640 (명일동),,03,폐업,,,,
미니스톱 명일역점,2017-10-17,212678.653349359,449975.770536106,2026-05-03 22:30:44,I,03,폐업,2017-10-17 14:45:31,,2014-01-15,134-830,서울특별시 강동구 명일동 312번지 94호,PHMH320143240033087500040,3240000,서울특별시 강동구 양재대로 1640 (명일동),05266,03,폐업,,,,02-3426-6521
GS25 둔촌프라자점,2019-06-21,213016.694169837,448042.306203435,2026-05-03 22:30:44,I,03,폐업,2019-06-24 15:38:47,,2014-01-27,134-882,서울특별시 강동구 둔촌동 611번지 1호,PHMH320143240033087500041,3240000,서울특별시 강동구 천호대로198길 32 (둔촌동),05360,03,폐업,,,,02-484-7264
GS25 둔촌타운,2017-04-18,211807.609756721,446894.680049364,2026-05-03 22:30:45,I,03,폐업,2017-04-18 11:25:16,,2014-03-04,134-846,서울특별시 강동구 성내동 440번지,PHMH320143240033087500044,3240000,서울특별시 강동구 양재대로 1319 (성내동),05408,03,폐업,,,,02-483-4674
GS25 우성스타점,2017-12-20,212462.49701258,448382.246068961,2026-05-03 22:30:45,I,03,폐업,2017-12-20 15:35:05,,2014-03-21,,서울특별시 강동구 길동 393번지 7호,PHMH320143240033087500045,3240000,서울특별시 강동구 양재대로114길 31 (길동),05351,03,폐업,,,,
세븐일레븐 길동Y시티점,2019-03-14,212102.541821818,448338.998117904,2026-05-03 22:30:45,I,03,폐업,2019-03-14 17:09:41,,2014-03-31,134-814,서울특별시 강동구 길동 414번지 1호,PHMH320143240033087500046,3240000,서울특별시 강동구 천호대로175길 58 (길동),05353,03,폐업,,,,
GS25 암사햇살,2019-06-25,211670.026003408,449641.175993818,2026-05-03 22:30:45,I,03,폐업,2019-06-25 17:32:42,,2014-04-21,134-859,서울특별시 강동구 암사동 490번지 29호,PHMH320143240033087500047,3240000,서울특별시 강동구 구천면로47가길 33 (암사동),05265,03,폐업,,,,
이마트24암사스타점,2022-09-19,211427.930128081,450148.402451798,2026-05-03 22:30:45,I,03,폐업,2022-09-19 16:19:37,,2014-05-01,134-857,서울특별시 강동구 암사동 466번지 9호,PHMH320143240033087500048,3240000,서울특별시 강동구 고덕로10길 25 (암사동),05251,03,폐업,,,,070-4401-8360
GS25 암사팰리스점,2020-12-30,212168.076427266,450015.613587066,2026-05-03 22:30:45,I,03,폐업,2020-12-30 14:37:53,,2014-05-12,134-854,서울특별시 강동구 암사동 434번지 12호,PHMH320143240033087500050,3240000,서울특별시 강동구 암사길 83 (암사동),05255,03,폐업,,,,
지에스25둔촌역점,2019-10-30,211938.794713276,447379.485738661,2026-05-03 22:30:45,I,03,폐업,2019-10-30 15:35:45,,2014-06-11,134-844,서울특별시 강동구 성내동 416번지 1호,PHMH320143240033087500051,3240000,서울특별시 강동구 양재대로 1371 (성내동),05404,03,폐업,,,,02-476-7470
GS25 명일주공점,2019-05-22,213262.059722309,449527.440852499,2026-05-03 22:30:45,I,03,폐업,2019-05-22 14:34:54,,2014-06-18,134-827,서울특별시 강동구 명일동 257번지 122호,PHMH320143240033087500052,3240000,서울특별시 강동구 구천면로 476 (명일동),05272,03,폐업,,,,
GS25 암사현대,2017-06-23,212128.748651197,450405.144983099,2026-05-03 22:30:45,I,03,폐업,2017-06-23 13:41:01,,2014-06-30,134-764,서울특별시 강동구 암사동 400번지 5호,PHMH320143240033087500053,3240000,서울특별시 강동구 고덕로27길 28 (암사동),05236,03,폐업,,,,02-426-8549
365플러스 강동구청점,2017-06-09,210714.338056246,447337.372996919,2026-05-03 22:30:45,I,03,폐업,2017-06-09 14:57:39,,2014-06-30,134-848,서울특별시 강동구 성내동 454번지 8호,PHMH320143240033087500054,3240000,서울특별시 강동구 성내로6길 40 (성내동),05398,03,폐업,,,,02-477-3650
GS25성내신공원,2015-01-07,211441.610708294,447747.443283473,2026-05-03 22:30:45,I,03,폐업,2015-05-08 08:55:25,,2012-11-08,134-849,서울특별시 강동구 성내동 505번지 4호,PHMH320153240033087500001,3240000,서울특별시 강동구 성안로13길 38 (성내동),,03,폐업,,,,02-475-1902
미니스톱 둔촌수진점,2015-01-09,212541.866730942,447684.306977728,2026-05-03 22:30:45,I,03,폐업,2015-05-12 12:00:22,,2013-04-26,134-822,서울특별시 강동구 둔촌동 451번지 5호,PHMH320153240033087500002,3240000,서울특별시 강동구 진황도로 167-7 (둔촌동),,03,폐업,,,,
지에스25성내신공원점,2017-01-25,211441.610708294,447747.443283473,2026-05-03 22:30:45,I,03,폐업,2017-01-25 11:06:44,,2015-01-12,134-031,서울특별시 강동구 성내동 505번지 4호,PHMH320153240033087500003,3240000,서울특별시 강동구 성안로13길 38 (성내동),05388,03,폐업,,,,
CU성내타운점,2019-12-16,211647.866075596,447679.008528069,2026-05-03 22:30:45,I,03,폐업,2019-12-16 10:55:38,,2015-01-12,134-030,서울특별시 강동구 성내동 407번지 32호,PHMH320153240033087500004,3240000,서울특별시 강동구 성안로 88 (성내동),05377,03,폐업,,,,02-474-2888
위드미강동중앙점,2019-12-04,211854.1068652,447051.598623403,2026-05-03 22:30:45,I,03,폐업,2019-12-04 15:06:44,,2015-02-13,134-890,서울특별시 강동구 성내동 429번지 3호,PHMH320153240033087500007,3240000,서울특별시 강동구 양재대로 1335 (성내동),05405,03,폐업,,,,02-478-5310
위드미성내동원점,2016-03-22,210858.620101788,447340.087078141,2026-05-03 22:30:45,I,03,폐업,2016-06-24 12:40:25,,2015-02-13,134-851,서울특별시 강동구 성내동 558번지 4호,PHMH320153240033087500008,3240000,서울특별시 강동구 성안로3길 120 (성내동),05399,03,폐업,,,,02-478-4001
CU명일한미점,2019-04-12,212626.146035822,449874.850620444,2026-05-03 22:30:45,I,03,폐업,2019-04-12 17:15:08,,2015-03-02,134-830,서울특별시 강동구 명일동 312번지 87호,PHMH320153240033087500009,3240000,서울특별시 강동구 양재대로 1629 (명일동),05257,03,폐업,,,,02-447-7297
아이지에이마트 강일점,2015-04-27,215208.966822346,450520.519279835,2026-05-03 22:30:45,I,03,폐업,2015-04-27 15:34:25,,2015-03-17,134-100,서울특별시 강동구 강일동 730번지,PHMH320153240033087500010,3240000,서울특별시 강동구 상일로12길 99 (강일동),,03,폐업,,,,
SK네트웍스(주)암사주유소,2019-04-26,211110.096076867,449569.593785722,2026-05-03 22:30:45,I,03,폐업,2019-04-26 14:50:19,,2015-03-20,134-051,서울특별시 강동구 암사동 513번지 27호,PHMH320153240033087500011,3240000,서울특별시 강동구 올림픽로 749 (암사동),05242,03,폐업,,,,
SK네트웍스(주)고속주유소,2020-06-01,213131.118271266,448261.715878947,2026-05-03 22:30:45,I,03,폐업,2020-06-01 14:10:30,,2015-03-20,134-061,서울특별시 강동구 둔촌동 600번지 1호,PHMH320153240033087500012,3240000,서울특별시 강동구 천호대로 1246 (둔촌동),05359,03,폐업,,,,
씨스페이스 강동점,2015-03-26,211254.920044568,447595.247869709,2026-05-03 22:30:45,I,03,폐업,2015-05-12 10:32:18,,2012-12-03,134-850,서울특별시 강동구 성내동 523번지 2호,PHMH320153240033087500013,3240000,서울특별시 강동구 성내로13길 57 (성내동),,03,폐업,11,,,
GS25 암사해리점,2020-01-06,211945.001329731,449768.648765431,2026-05-03 22:30:45,I,03,폐업,2020-01-06 14:11:19,,2015-03-27,134-856,서울특별시 강동구 암사동 486번지 47호,PHMH320153240033087500014,3240000,서울특별시 강동구 구천면로53길 21 (암사동),05259,03,폐업,,,,
미니스톱 성내영파점,2015-07-14,210670.369892293,447779.714780142,2026-05-03 22:30:45,I,03,폐업,2015-07-15 09:03:20,,2015-04-02,134-031,서울특별시 강동구 성내동 322번지 6호,PHMH320153240033087500015,3240000,서울특별시 강동구 올림픽로 568 (성내동),,03,폐업,,,,
GS25 강동펠리스점,2020-06-09,212366.840633987,450251.758832252,2026-05-03 22:30:46,I,03,폐업,2020-06-09 16:35:22,,2015-04-09,134-050,서울특별시 강동구 암사동 413번지 3호,PHMH320153240033087500016,3240000,"서울특별시 강동구 고덕로 140, 상가동 1층 119-2, 120-1호 (암사동)",05256,03,폐업,41,,,
CU둔촌타운점,2018-06-18,212301.217786009,447492.403021462,2026-05-03 22:30:46,I,03,폐업,2018-06-18 15:24:25,,2015-04-16,134-817,서울특별시 강동구 둔촌동 70번지 89호,PHMH320153240033087500017,3240000,서울특별시 강동구 풍성로65길 35 (둔촌동),05372,03,폐업,50,,,
CU성내하루,2015-10-01,211650.564418133,447971.158000638,2026-05-03 22:30:46,I,03,폐업,2015-10-01 15:34:04,,2015-04-21,134-841,서울특별시 강동구 성내동 197번지 3호,PHMH320153240033087500018,3240000,서울특별시 강동구 천호대로170길 34 (성내동),05381,03,폐업,,,,
세븐일레븐 암사희망점,2016-07-15,211597.400232386,449956.297639911,2026-05-03 22:30:46,I,03,폐업,2016-07-15 17:40:15,,2015-04-21,134-857,서울특별시 강동구 암사동 469번지 17호,PHMH320153240033087500019,3240000,서울특별시 강동구 암사길 25 (암사동),05253,03,폐업,,,,
해이름,2016-08-08,212528.480270375,448721.438884852,2026-05-03 22:30:46,I,03,폐업,2016-08-08 11:57:16,,2015-04-27,134-010,서울특별시 강동구 길동 349번지 1호,PHMH320153240033087500020,3240000,서울특별시 강동구 천중로 200 (길동),05343,03,폐업,,,,
(주)삼표에너지 고덕주유소,2019-01-18,211381.82567632,450326.192995577,2026-05-03 22:31:22,I,03,폐업,2019-01-18 17:27:06,,2015-04-28,134-051,서울특별시 강동구 암사동 441번지 14호,PHMH320153240033087500021,3240000,서울특별시 강동구 고덕로 39 (암사동),05238,03,폐업,,,,02-441-3327
GS25 강동삼성점,2016-08-04,215181.429128744,449666.575864271,2026-05-03 22:30:46,I,03,폐업,2016-08-09 09:37:08,,2015-05-06,134-837,서울특별시 강동구 상일제1동 269번지 7호,PHMH320153240033087500022,3240000,서울특별시 강동구 상일로5길 8 (상일제1동),05282,03,폐업,,,,02-427-0626
GS25 천호역점,2017-03-17,210830.134427385,448618.9907646,2026-05-03 22:30:46,I,03,폐업,2017-03-17 13:27:10,,2015-05-06,134-874,서울특별시 강동구 천호동 431번지 4호,PHMH320153240033087500023,3240000,서울특별시 강동구 올림픽로 651 (천호동),05248,03,폐업,,,,02-471-3989
GS25 명일청솔,2019-07-08,213635.178574167,449979.023511727,2026-05-03 22:30:46,I,03,폐업,2019-07-08 16:36:23,,2015-05-07,134-825,서울특별시 강동구 명일동 48번지 15호,PHMH320153240033087500024,3240000,서울특별시 강동구 동남로71길 20 (명일동),05269,03,폐업,,,,02-3426-5944
세븐일레븐 천호현대점,2017-04-24,211641.938188247,448531.50082448,2026-05-03 22:30:46,I,03,폐업,2017-04-24 15:44:26,,2015-05-21,134-864,서울특별시 강동구 천호동 167번지 177호,PHMH320153240033087500026,3240000,서울특별시 강동구 진황도로29길 19 (천호동),05337,03,폐업,,,,
GS25 성내호원점,2019-05-23,211489.364941808,447267.804805928,2026-05-03 22:30:46,I,03,폐업,2019-05-23 18:10:20,,2015-05-29,134-030,서울특별시 강동구 성내동 434번지,PHMH320153240033087500028,3240000,서울특별시 강동구 성안로 44 (성내동),05406,03,폐업,,,,02-483-8326
위드미 고덕으뜸점,2020-08-06,214989.297025493,450945.407863605,2026-05-03 22:30:46,I,03,폐업,2020-08-07 13:30:16,,2015-06-09,134-800,서울특별시 강동구 고덕동 172번지 9호,PHMH320153240033087500030,3240000,서울특별시 강동구 상일로 153 (고덕동),05222,03,폐업,,,,
GS25 성내삼성점,2016-04-25,211175.679976434,447710.722889074,2026-05-03 22:30:46,I,03,폐업,2016-04-25 14:23:52,,2015-06-17,134-031,서울특별시 강동구 성내동 276번지 2호,PHMH320153240033087500032,3240000,서울특별시 강동구 풍성로 135 (성내동),05388,03,폐업,,,,
위드미 강동성내점,2016-11-29,210877.472762207,447775.213395392,2026-05-03 22:30:46,I,03,폐업,2016-11-29 14:11:06,,2015-06-24,134-031,서울특별시 강동구 성내동 120번지 60호,PHMH320153240033087500033,3240000,서울특별시 강동구 풍성로 106 (성내동),05392,03,폐업,,,,
레몬비둔촌점,2020-07-16,212253.138121976,447823.603272612,2026-05-03 22:30:46,I,03,폐업,2020-07-31 10:49:49,,2015-07-10,134-822,서울특별시 강동구 둔촌동 435번지,PHMH320153240033087500034,3240000,서울특별시 강동구 양재대로102길 19 (둔촌동),05362,03,폐업,,,,02-477-6757
CU 천호제일점,2017-01-02,211921.282584447,448984.519134411,2026-05-03 22:30:46,I,03,폐업,2017-01-02 16:06:21,,2015-07-22,134-863,서울특별시 강동구 천호동 102번지 5호,PHMH320153240033087500035,3240000,"서울특별시 강동구 천중로29길 5, 1층 (천호동)",05311,03,폐업,50,,,
GS25 성내강림점,2021-08-18,211324.022842093,446930.379410235,2026-05-03 22:30:46,I,03,폐업,2021-08-19 09:41:20,,2015-07-24,134-885,서울특별시 강동구 성내동 448번지 7호 103호,PHMH320153240033087500036,3240000,"서울특별시 강동구 성안로 7, 1층 103호 (성내동)",05402,03,폐업,,,,02-470-3945
365플러스 강동고덕점,2019-04-12,213411.743462783,450910.401424889,2026-05-03 22:30:46,I,03,폐업,2019-04-12 11:01:24,,2015-07-28,134-806,서울특별시 강동구 고덕동 636번지,PHMH320153240033087500037,3240000,"서울특별시 강동구 동남로85길 77, 1층 (고덕동)",05227,03,폐업,,,,
미니스톱 암사그랜드점,2020-10-19,211596.740903313,449890.775370089,2026-05-03 22:30:46,I,03,폐업,2020-10-19 15:45:39,,2015-08-06,,서울특별시 강동구 암사동 493번지 14호,PHMH320153240033087500038,3240000,"서울특별시 강동구 올림픽로98가길 47, 1층 (암사동, 중앙하이츠아파트)",05262,03,폐업,100,,,
으뜸슈퍼,2018-04-03,211711.057998555,448924.807686933,2026-05-03 22:30:46,I,03,폐업,2018-04-03 10:58:30,,2015-08-06,,서울특별시 강동구 천호동 395번지 36호,PHMH320153240033087500039,3240000,서울특별시 강동구 구천면로34길 37 (천호동),05330,03,폐업,33,,,02-483-4042
CU강일재화점,2017-12-01,215523.83400078,451292.229481831,2026-05-03 22:30:46,I,03,폐업,2017-12-01 17:52:03,,2015-08-11,,서울특별시 강동구 강일동 684번지 6단지상가 101호,PHMH320153240033087500040,3240000,"서울특별시 강동구 아리수로94길 19, 상가동 101호 (강일동, 강일리버파크6단지아파트)",05213,03,폐업,45,,,
CU강동올림픽로점,2018-08-10,210750.209556247,448078.828745215,2026-05-03 22:30:46,I,03,폐업,2018-08-10 13:09:21,,2015-08-11,,서울특별시 강동구 성내동 112번지 65호,PHMH320153240033087500041,3240000,"서울특별시 강동구 올림픽로 598, 1층 1호 (성내동)",05385,03,폐업,55,,,
지에스25성내스타,2020-08-12,211097.317300083,447947.990989725,2026-05-03 22:30:46,I,03,폐업,2020-08-12 16:57:06,,2015-08-17,,서울특별시 강동구 성내동 139번지 4호,PHMH320153240033087500042,3240000,"서울특별시 강동구 풍성로37길 41, 1층 (성내동)",05387,03,폐업,,,,02-475-1816
씨유 길동청광점,2019-08-30,212034.135065284,448106.441572477,2026-05-03 22:30:46,I,03,폐업,2019-09-02 09:43:48,,2015-08-17,,서울특별시 강동구 길동 457번지,PHMH320153240033087500043,3240000,"서울특별시 강동구 천호대로175길 10 (길동, 강동큐브2차)",05354,03,폐업,,,,
씨유 길동SK점,2019-07-31,211963.942242149,448273.205058814,2026-05-03 22:30:46,I,03,폐업,2019-07-31 17:24:16,,2015-08-17,,서울특별시 강동구 길동 415번지 13호,PHMH320153240033087500044,3240000,"서울특별시 강동구 진황도로 85 (길동, 강동큐브2차)",05354,03,폐업,,,,
GS25 둔촌주공,2018-10-10,212236.024991653,447340.882802531,2026-05-03 22:30:46,I,03,폐업,2018-10-10 15:18:16,,2015-08-21,,서울특별시 강동구 둔촌동 163번지,PHMH320153240033087500047,3240000,서울특별시 강동구 풍성로 247 (둔촌동),05372,03,폐업,60,,,
세븐일레븐 성내본점,2020-08-26,211583.956740628,447395.344536037,2026-05-03 22:30:46,I,03,폐업,2020-08-27 10:19:10,,2015-08-26,,서울특별시 강동구 성내동 423번지 13호,PHMH320153240033087500048,3240000,서울특별시 강동구 양재대로91길 77 (성내동),05403,03,폐업,,,,
(주)비지에프휴먼넷 강일5단지점,2016-04-18,215672.686503771,451718.460112743,2026-05-03 22:31:21,I,03,폐업,2016-04-21 10:17:40,,2015-08-27,,서울특별시 강동구 강일동 670번지,PHMH320153240033087500049,3240000,"서울특별시 강동구 아리수로97길 20 (강일동, 강일리버파크5단지아파트)",05209,03,폐업,,,,
코리아세븐 천호성덕점,2018-12-28,212282.432681366,449713.30728112,2026-05-03 22:30:46,I,03,폐업,2018-12-28 16:55:45,,2015-08-31,,서울특별시 강동구 천호동 18번지 46호,PHMH320153240033087500050,3240000,"서울특별시 강동구 구천면로64길 22, 1층 1,2호 (천호동)",05305,03,폐업,33,,,
CU 천호푸르지오점,2019-08-28,211047.953350591,448684.23415758,2026-05-03 22:30:47,I,03,폐업,2019-08-28 16:13:10,,2015-09-07,,서울특별시 강동구 천호동 425번지 3호,PHMH320153240033087500052,3240000,서울특별시 강동구 구천면로 192 (천호동),05328,03,폐업,,,,
CU명일씨티코아점,2019-05-24,213607.080568254,450119.168256979,2026-05-03 22:30:47,I,03,폐업,2019-05-24 15:00:09,,2015-09-17,,서울특별시 강동구 명일동 47번지 12호,PHMH320153240033087500053,3240000,"서울특별시 강동구 동남로73길 26, 1층 14호 (명일동, 고덕복합빌딩)",05269,03,폐업,69,,,02-418-5291
CU 굽은다리점,2021-01-20,212481.813207436,449096.195019948,2026-05-03 22:30:47,I,03,폐업,2021-01-20 15:58:12,,2015-09-24,,서울특별시 강동구 천호동 45번지 2호 105호,PHMH320153240033087500054,3240000,"서울특별시 강동구 양재대로 1549, 105호 (천호동)",05315,03,폐업,60,,,070-4109-6366
365 PLUS 천호푸르지오점,2017-01-06,211047.953350591,448684.23415758,2026-05-03 22:30:47,I,03,폐업,2017-01-09 09:19:25,,2015-10-05,,서울특별시 강동구 천호동 425번지 17호 108호,PHMH320153240033087500055,3240000,"서울특별시 강동구 구천면로 192, 108호 (천호동)",05328,03,폐업,50,,,
CU성내하루점,2019-07-09,211650.564418133,447971.158000638,2026-05-03 22:30:47,I,03,폐업,2019-07-09 14:23:23,,2015-10-05,,서울특별시 강동구 성내동 197번지 3호,PHMH320153240033087500056,3240000,서울특별시 강동구 천호대로170길 34 (성내동),05381,03,폐업,,,,02-488-1910
365플러스 천호빌리지점,2020-10-26,212092.880625146,449390.604278073,2026-05-03 22:30:47,I,03,폐업,2020-10-27 16:23:15,,2015-10-08,,서울특별시 강동구 천호동 227번지 7호 1층,PHMH320153240033087500057,3240000,"서울특별시 강동구 상암로27길 12, 1층 (천호동)",05308,03,폐업,48,,,
CU강동천호대로점,2020-10-19,211129.337519126,448341.256980238,2026-05-03 22:30:47,I,03,폐업,2020-10-19 15:45:50,,2015-10-08,,서울특별시 강동구 성내동 9번지 14호 101호,PHMH320153240033087500058,3240000,"서울특별시 강동구 천호대로 1034, 101호 (성내동)",05379,03,폐업,60,,,
CU 천호로데오점,2019-03-20,211148.708405112,448411.95234808,2026-05-03 22:30:47,I,03,폐업,2019-03-21 09:54:44,,2015-10-12,,서울특별시 강동구 천호동 453번지 15호 2층,PHMH320153240033087500059,3240000,"서울특별시 강동구 천호대로 1033, 2층 (천호동)",05335,03,폐업,50,,,02-475-0958
GS25천호해리,2017-05-16,212101.356553854,449490.975146225,2026-05-03 22:30:47,I,03,폐업,2017-05-16 14:07:54,,2015-10-13,,서울특별시 강동구 천호동 231번지 32호,PHMH320153240033087500060,3240000,"서울특별시 강동구 상암로27나길 4, 1층 (천호동)",05309,03,폐업,,,,
CU강동상일로점,2020-10-30,215065.875411417,449648.731360229,2026-05-03 22:30:47,I,03,폐업,2020-10-30 15:28:39,,2015-10-21,,서울특별시 강동구 상일동 279번지 6호,PHMH320153240033087500061,3240000,"서울특별시 강동구 상일로5길 32 (상일동, 비젼빌딩)",05282,03,폐업,,,,
지에스25길동타운점,2017-08-17,212440.285753723,448775.751543649,2026-05-03 22:30:47,I,03,폐업,2017-08-17 13:36:42,,2015-10-21,,서울특별시 강동구 길동 347번지 14호,PHMH320153240033087500062,3240000,서울특별시 강동구 양재대로 1518 (길동),05303,03,폐업,,,,
미니스톱 강동구청점,2018-03-30,210846.429412932,447621.350645072,2026-05-03 22:30:47,I,03,폐업,2018-04-02 08:46:11,,2015-10-29,,서울특별시 강동구 성내동 537번지 17호 1층,PHMH320153240033087500063,3240000,"서울특별시 강동구 성내로5길 19, 1층 (성내동)",05392,03,폐업,90,,,
CU암사 미소점,2015-11-02,211010.165038418,449733.629674685,2026-05-03 22:30:47,I,03,폐업,2015-11-02 16:51:11,,2015-10-30,,서울특별시 강동구 암사동 515번지 9호 1층,PHMH320153240033087500064,3240000,"서울특별시 강동구 올림픽로93길 34, 1층 (암사동)",05242,03,폐업,,,,02-481-8112
CU암사 미소점,2020-09-16,211010.165038418,449733.629674685,2026-05-03 22:31:21,I,03,폐업,2020-09-17 10:11:00,,2015-11-02,,서울특별시 강동구 암사동 515번지 9호,PHMH320153240033087500065,3240000,"서울특별시 강동구 올림픽로93길 34, 1층 (암사동)",05242,03,폐업,,,,02-481-8112
지에스25 길동우성점,2016-08-16,212485.186602827,448448.530576361,2026-05-03 22:30:47,I,03,폐업,2016-08-16 13:26:33,,2015-11-04,,서울특별시 강동구 길동 392번지 5호,PHMH320153240033087500066,3240000,서울특별시 강동구 양재대로116길 30 (길동),05351,03,폐업,,,,
세븐일레븐 천호강변점,2019-12-20,210875.919037905,449401.924230554,2026-05-03 22:30:47,I,03,폐업,2019-12-20 16:07:02,,2015-11-24,,서울특별시 강동구 천호동 321번지 74호,PHMH320153240033087500067,3240000,서울특별시 강동구 올림픽로89길 27-30 (천호동),05244,03,폐업,30,,,02-6082-6751
세븐일레븐 명일이마트점,2016-09-29,213640.278266791,450219.030003409,2026-05-03 22:31:20,I,03,폐업,2016-09-29 12:06:08,,2015-12-01,,서울특별시 강동구 명일동 47번지 4호,PHMH320153240033087500068,3240000,서울특별시 강동구 동남로75길 19 (명일동),05269,03,폐업,,,,02-426-7569
지에스25 성내한빛점,2018-02-06,211629.212526489,448020.543763811,2026-05-03 22:30:47,I,03,폐업,2018-02-06 16:56:15,,2015-12-02,,서울특별시 강동구 성내동 196번지 8호,PHMH320153240033087500069,3240000,서울특별시 강동구 천호대로168길 25 (성내동),05381,03,폐업,,,,02-485-7555
현대그린마트,2017-05-23,211968.729023411,449959.47611665,2026-05-03 22:31:25,I,03,폐업,2017-05-23 17:49:18,,2015-12-16,,서울특별시 강동구 암사동 475번지 1호,PHMH320153240033087500071,3240000,서울특별시 강동구 암사길 60-1 (암사동),05259,03,폐업,99,,,02-441-6068
코리아세븐 길동해그린점,2021-02-01,212841.775861271,448597.31815926,2026-05-03 22:30:47,I,03,폐업,2021-02-02 09:29:38,,2015-12-22,,서울특별시 강동구 길동 97번지,PHMH320153240033087500073,3240000,서울특별시 강동구 명일로19길 12 (길동),05344,03,폐업,50,,,
CU 길동마루점,2019-07-30,212241.599163626,448298.45939367,2026-05-03 22:30:47,I,03,폐업,2019-07-30 15:43:43,,2015-12-28,,서울특별시 강동구 길동 412번지 8호 108호,PHMH320153240033087500075,3240000,"서울특별시 강동구 양재대로 1465, 108호 (길동)",05353,03,폐업,19,,,070-4197-5475
미니스톱 성내메디컬점,2019-06-04,211997.374303563,447998.814231451,2026-05-03 22:30:47,I,03,폐업,2019-06-04 18:02:06,,2016-01-05,,서울특별시 강동구 성내동 378번지 106호,PHMH320163240033087500001,3240000,"서울특별시 강동구 천호대로 1128, 1층 106호 (성내동)",05373,03,폐업,,,,
GS천호오티스점,2017-07-05,211456.95285239,448829.182336432,2026-05-03 22:30:47,I,03,폐업,2017-07-05 15:29:11,,2016-01-11,,서울특별시 강동구 천호동 397번지 463호,PHMH320163240033087500002,3240000,"서울특별시 강동구 구천면로 233, 1층 103,104호 (천호동)",05326,03,폐업,70,,,
베스트올,2025-06-10,212142.552925973,448271.119156003,2026-05-03 22:30:47,I,03,폐업,2025-06-10 16:33:39,,2016-01-12,,서울특별시 강동구 길동 413번지 10호,PHMH320163240033087500003,3240000,"서울특별시 강동구 천호대로177길 48, 1층 (길동)",05353,03,폐업,56,,,02-472-7969
CU둔촌점,2016-11-01,212603.105616194,447931.567995717,2026-05-03 22:30:48,I,03,폐업,2016-11-01 14:33:06,,2016-01-27,,서울특별시 강동구 둔촌동 55번지 7호 101호,PHMH320163240033087500005,3240000,"서울특별시 강동구 천호대로188길 13, 1층 101호 (둔촌동)",05361,03,폐업,,,,02-476-5957
IGA마트 길동청광점,2017-05-15,211990.349438187,448244.56352914,2026-05-03 22:30:48,I,03,폐업,2017-05-15 13:51:03,,2016-01-29,,서울특별시 강동구 길동 415번지 16호 103호,PHMH320163240033087500006,3240000,"서울특별시 강동구 진황도로 87, 103호 (길동, 청광플러스원큐브3차)",05354,03,폐업,28,,,02-472-1573
지에스25 성내동원점,2017-04-18,210931.41794176,447299.759349525,2026-05-03 22:30:49,I,03,폐업,2017-04-18 16:13:39,,2016-02-12,,서울특별시 강동구 성내동 560번지 4호,PHMH320163240033087500008,3240000,"서울특별시 강동구 성안로3길 104, 1층 (성내동)",05399,03,폐업,,,,02-472-5659
지에스25강일뉴타운점,2018-05-16,215262.790485979,451525.890729024,2026-05-03 22:30:49,I,03,폐업,2018-05-16 19:38:42,,2016-03-03,,서울특별시 강동구 강일동 675번지 105호,PHMH320163240033087500010,3240000,"서울특별시 강동구 아리수로93길 33, 105호 (강일동, 베스트프라자)",05211,03,폐업,38,,,
365플러스 강동암사점,2018-05-02,211519.511092942,450262.161599358,2026-05-03 22:30:49,I,03,폐업,2018-05-02 11:16:09,,2016-03-09,,서울특별시 강동구 암사동 460번지,PHMH320163240033087500011,3240000,서울특별시 강동구 고덕로 54 (암사동),05252,03,폐업,45,,,
세븐일레븐 천호역점,2016-03-23,210919.916135987,448621.95673968,2026-05-03 22:30:50,I,03,폐업,2016-03-24 13:04:44,,2016-03-17,,서울특별시 강동구 천호동 429번지 11호,PHMH320163240033087500012,3240000,"서울특별시 강동구 올림픽로 654 (천호동, 삼영빌딩)",05328,03,폐업,60,,,
지에스25 천호제일점,2017-12-28,211008.353917743,448793.531282568,2026-05-03 22:30:50,I,03,폐업,2017-12-28 14:59:45,,2016-04-01,,서울특별시 강동구 천호동 356번지,PHMH320163240033087500013,3240000,"서울특별시 강동구 구천면로 183 (천호동, 로석빌딩)",05327,03,폐업,50,,,
GS25 천호은혜점,2024-08-21,211830.334297309,448846.020245614,2026-05-03 22:30:50,I,03,폐업,2024-08-22 11:37:26,,2016-04-06,,서울특별시 강동구 천호동 209번지 3호,PHMH320163240033087500014,3240000,서울특별시 강동구 천중로32길 29 (천호동),05331,03,폐업,53,,,
(주)코리아세븐 보훈병원입구점,2025-09-10,212854.241224093,447575.68427682,2026-05-03 22:31:22,I,03,폐업,2025-09-12 16:09:18,,2016-04-06,,서울특별시 강동구 둔촌동 19번지 1호,PHMH320163240033087500015,3240000,서울특별시 강동구 진황도로61길 30 (둔촌동),05367,03,폐업,50,,,
세븐일레븐 강동파밀리에점,2021-11-19,211712.429305334,448270.957716209,2026-05-03 22:30:50,I,03,폐업,2021-11-19 13:14:35,,2016-04-11,,서울특별시 강동구 천호동 447번지 17호,PHMH320163240033087500016,3240000,"서울특별시 강동구 천호대로 1089 (천호동, 강동 헤르셔)",05339,03,폐업,38,,,
CU 암사한강점,2022-07-12,211587.328272448,450334.387435489,2026-05-03 22:30:50,I,03,폐업,2022-07-12 09:49:28,,2016-04-12,,서울특별시 강동구 암사동 442번지 1호,PHMH320163240033087500017,3240000,"서울특별시 강동구 올림픽로104길 41 (암사동, 한강현대아파트)",05238,03,폐업,33,,,
세븐일레븐 고덕리엔파크점,2018-06-12,215018.445233962,450783.866909442,2026-05-03 22:30:51,I,03,폐업,2018-06-12 13:24:29,,2016-04-27,,서울특별시 강동구 고덕동 197번지 5호,PHMH320163240033087500020,3240000,"서울특별시 강동구 상일로 137, 1층 101호 (고덕동)",05222,03,폐업,40,,,
CU암사소망점,2021-12-10,211545.829008998,450164.352182703,2026-05-03 22:30:51,I,03,폐업,2021-12-10 13:35:29,,2016-05-09,,서울특별시 강동구 암사동 460번지 7호,PHMH320163240033087500022,3240000,서울특별시 강동구 고덕로20나길 38 (암사동),05252,03,폐업,60,,,
GS25 성내삼성점,2024-04-16,211198.962306354,447770.593061562,2026-05-03 22:30:51,I,03,폐업,2024-04-16 14:24:09,,2016-05-09,,서울특별시 강동구 성내동 277번지 28호,PHMH320163240033087500023,3240000,서울특별시 강동구 풍성로 135-18 (성내동),05388,03,폐업,,,,
씨유(CU) 강일5단지점,2020-04-28,215672.686503771,451718.460112743,2026-05-03 22:30:51,I,03,폐업,2020-04-24 20:50:58,,2016-05-17,,서울특별시 강동구 강일동 670번지 106호,PHMH320163240033087500024,3240000,"서울특별시 강동구 아리수로97길 20, 상가동 1층 106호 (강일동, 강일리버파크5단지아파트)",05209,03,폐업,21,,,02-428-1186
씨유(CU)천호강변점,2017-06-05,210763.986580588,449038.575134923,2026-05-03 22:30:51,I,03,폐업,2017-06-07 13:25:52,,2016-05-19,,서울특별시 강동구 천호동 336번지 20호,PHMH320163240033087500025,3240000,서울특별시 강동구 올림픽로77길 46 (천호동),05245,03,폐업,40,,,
CU암사선사점,2016-08-16,211856.129340422,450383.106368067,2026-05-03 22:30:51,I,03,폐업,2016-08-16 16:29:26,,2016-05-25,,서울특별시 강동구 암사동 445번지 24호,PHMH320163240033087500027,3240000,서울특별시 강동구 고덕로23길 17 (암사동),05237,03,폐업,33,,,070-8229-1274
(주)코리아세븐 명일역점,2020-09-02,212582.689664544,449821.387530906,2026-05-03 22:31:25,I,03,폐업,2020-09-03 11:16:27,,2016-05-30,,서울특별시 강동구 천호동 24번지 1호,PHMH320163240033087500028,3240000,서울특별시 강동구 구천면로 402 (천호동),05306,03,폐업,50,,,
씨유(CU)성내발리점,2023-07-18,211855.041782136,447431.586848941,2026-05-03 22:30:51,I,03,폐업,2023-07-19 16:19:26,,2016-06-10,,서울특별시 강동구 성내동 417번지 5호,PHMH320163240033087500029,3240000,서울특별시 강동구 풍성로 210 (성내동),05404,03,폐업,80,,,
미니스톱 길동드림힐점,2019-06-24,211996.200294662,448413.6296306,2026-05-03 22:30:51,I,03,폐업,2019-06-24 15:49:27,,2016-06-24,,서울특별시 강동구 길동 385번지 4호,PHMH320163240033087500030,3240000,"서울특별시 강동구 양재대로111길 54 (길동, 이스트드림힐아파트)",05354,03,폐업,68,,,02-486-8606
지에스25 천호하이츠,2024-02-02,211377.566846736,449530.991540976,2026-05-03 22:30:51,I,03,폐업,2024-02-05 13:39:49,,2016-07-07,,서울특별시 강동구 천호동 310번지 28호,PHMH320163240033087500032,3240000,"서울특별시 강동구 구천면로41길 87, 1층 (천호동)",05322,03,폐업,,,,
(주)코리아세븐 암사희망점,2021-08-19,211597.400232386,449956.297639911,2026-05-03 22:31:24,I,03,폐업,2021-08-19 14:43:18,,2016-07-19,,서울특별시 강동구 암사동 469번지 17호 1층,PHMH320163240033087500033,3240000,"서울특별시 강동구 암사길 25, 1층 (암사동)",05253,03,폐업,66,,,
레몬비Jesus,2024-06-27,211526.781613631,447635.838124976,2026-05-03 22:30:51,I,03,폐업,2024-06-27 11:02:21,,2016-08-01,,서울특별시 강동구 성내동 515번지 5호 102호,PHMH320163240033087500034,3240000,"서울특별시 강동구 천호대로170길 106, 1층 102호 (성내동)",05390,03,폐업,40,,,02-477-9491
씨유 암사승리점,2025-09-09,211777.31738285,450211.036565023,2026-05-03 22:30:51,I,03,폐업,2025-09-12 15:49:24,,2016-08-02,,서울특별시 강동구 암사동 457번지 14호,PHMH320163240033087500035,3240000,"서울특별시 강동구 고덕로20가길 3, 1층 (암사동)",05254,03,폐업,50,,,
지에스(GS)25 강동삼성점,2017-02-17,215181.429128744,449666.575864271,2026-05-03 22:30:51,I,03,폐업,2017-02-17 17:08:03,,2016-08-09,,서울특별시 강동구 상일제1동 269번지 7호,PHMH320163240033087500037,3240000,"서울특별시 강동구 상일로5길 8, 1층 (상일제1동)",05282,03,폐업,71,,,02-472-0626
지에스25 길동우성,2018-02-26,212485.186602827,448448.530576361,2026-05-03 22:30:52,I,03,폐업,2018-02-26 14:44:23,,2016-08-16,,서울특별시 강동구 길동 392번지 5호,PHMH320163240033087500039,3240000,서울특별시 강동구 양재대로116길 30 (길동),05351,03,폐업,53,,,
(주)코리아세븐 강동성심점,2022-06-22,211809.144914284,448217.053871045,2026-05-03 22:31:25,I,03,폐업,2022-06-22 15:37:08,,2016-09-07,,서울특별시 강동구 천호동 447번지 3호 103호,PHMH320163240033087500041,3240000,"서울특별시 강동구 성안로 143, 1층 103호 (천호동, 청광노블하임)",05339,03,폐업,37,,,
토마토편의점,2023-03-16,211936.124217298,450260.975207712,2026-05-03 22:30:52,I,03,폐업,2023-03-16 14:20:47,,2016-09-08,,,PHMH320163240033087500042,3240000,"서울특별시 강동구 고덕로 96, 103호 (암사동)",05255,03,폐업,,,,
365 PLUS 강동천호점,2017-04-03,212407.479586157,449019.819440341,2026-05-03 22:30:52,I,03,폐업,2017-04-03 13:59:00,,2016-10-25,,서울특별시 강동구 천호동 50번지 18호,PHMH320163240033087500044,3240000,"서울특별시 강동구 천중로43길 51, 1층 (천호동)",05315,03,폐업,55,,,
씨유 명일삼익점,2021-10-08,212983.465961032,449447.827409657,2026-05-03 22:30:52,I,03,폐업,2021-10-08 16:05:12,,2016-10-31,,,PHMH320163240033087500046,3240000,"서울특별시 강동구 상암로 214, 1층 107호 (명일동, 삼익맨션)",05297,03,폐업,22,,,
GS25 강동베르네,2020-11-13,210744.81545375,447427.034954557,2026-05-03 22:30:52,I,03,폐업,2020-11-13 15:43:48,,2016-11-24,,,PHMH320163240033087500048,3240000,"서울특별시 강동구 성내로6길 20, 108호 (성내동, 청일 베르네)",05398,03,폐업,34,,,
지에스25(GS25) 천호금환점,2022-12-23,211733.085766648,448386.269757677,2026-05-03 22:30:52,I,03,폐업,2022-12-26 11:07:49,,2016-11-28,,서울특별시 강동구 천호동 162번지 4호,PHMH320163240033087500049,3240000,"서울특별시 강동구 진황도로 59, 1층 (천호동, 금환타워)",05338,03,폐업,50,,,02-487-3945
(주)코리아세븐 성내삼성점,2019-05-09,210986.011096738,447588.546763259,2026-05-03 22:31:24,I,03,폐업,2019-05-09 16:49:10,,2016-11-30,,,PHMH320163240033087500050,3240000,"서울특별시 강동구 성내로9길 35, 1층 (성내동, 써니빌딩)",05397,03,폐업,85,,,
씨유 천호우성점,2018-11-21,211453.697451437,448781.819292164,2026-05-03 22:30:52,I,03,폐업,2018-11-21 15:07:57,,2016-12-08,,,PHMH320163240033087500051,3240000,서울특별시 강동구 구천면로 232 (천호동),05334,03,폐업,34,,,
(주)이마트24 강동성내점,2019-04-17,210877.472762207,447775.213395392,2026-05-03 22:31:21,I,03,폐업,2019-04-17 17:47:09,,2016-12-09,,서울특별시 강동구 성내동 120번지 60호 1층 102-1호,PHMH320163240033087500052,3240000,"서울특별시 강동구 풍성로 106, 1층 120-1호 (성내동)",05392,03,폐업,50,,,02-470-8929
GS25 천호로뎀점,2019-12-30,211179.380185162,449108.443531422,2026-05-03 22:30:52,I,03,폐업,2019-12-30 17:01:21,,2016-12-09,,서울특별시 강동구 천호동 361번지 2호,PHMH320163240033087500053,3240000,서울특별시 강동구 천중로12길 23 (천호동),05324,03,폐업,,,,
GS25 강동제일,2019-01-04,210818.367448819,448303.423508307,2026-05-03 22:30:52,I,03,폐업,2019-01-04 13:55:58,,2016-12-26,,서울특별시 강동구 성내동 78번지 10호,PHMH320163240033087500055,3240000,"서울특별시 강동구 올림픽로 622, 1층 (성내동)",05378,03,폐업,53,,,02-474-4740
GS25상일동아,2023-02-20,214731.479362033,449333.314262673,2026-05-03 22:30:52,I,03,폐업,2023-02-21 10:54:50,,2017-01-02,,,PHMH320173240033087500001,3240000,"서울특별시 강동구 상암로 405, 101동 1층 (상일동, 상일동아아파트)",05284,03,폐업,42,,,
CU천호제일점,2023-07-06,211921.282584447,448984.519134411,2026-05-03 22:30:52,I,03,폐업,2023-07-07 10:46:30,,2017-01-02,,,PHMH320173240033087500002,3240000,"서울특별시 강동구 천중로29길 5, 1층 (천호동)",05311,03,폐업,50,,,
미니스톱(둔촌수진점),2020-09-04,212541.866730942,447684.306977728,2026-05-03 22:30:52,I,03,폐업,2020-09-04 17:47:44,,2017-01-12,,서울특별시 강동구 둔촌동 451번지 5호,PHMH320173240033087500005,3240000,서울특별시 강동구 진황도로 167-7 (둔촌동),05365,03,폐업,,,,
씨유(CU)고덕래미안점,2025-08-26,212926.089912845,450751.524331915,2026-05-03 22:30:52,I,03,폐업,2025-08-26 16:35:09,,2017-02-02,,,PHMH320173240033087500007,3240000,"서울특별시 강동구 아리수로50길 50, 1층 127,130호 (고덕동, 고덕래미안힐스테이트)",05229,03,폐업,50,,,
세븐일레븐 길동우성점,2021-10-27,212768.960555317,448302.377594077,2026-05-03 22:30:52,I,03,폐업,2021-10-28 09:28:58,,2017-02-03,,,PHMH320173240033087500008,3240000,"서울특별시 강동구 천호대로193길 40, 1층 101호 (길동, 한림빌딩)",05350,03,폐업,,,,
세븐일레븐 길동무궁화점,2021-10-27,212760.138968101,448806.448890119,2026-05-03 22:30:52,I,03,폐업,2021-10-28 09:08:29,,2017-02-03,,,PHMH320173240033087500009,3240000,서울특별시 강동구 천중로53길 13 (길동),05304,03,폐업,,,,
지에스25(GS25)강동삼성,2020-08-26,215181.429128744,449666.575864271,2026-05-03 22:30:52,I,03,폐업,2020-08-27 10:19:29,,2017-02-20,,,PHMH320173240033087500013,3240000,"서울특별시 강동구 상일로5길 8, 1층 (상일동)",05282,03,폐업,,,,02-427-0626
지에스25길동삼익점,2022-06-02,212969.636926918,449019.341480048,2026-05-03 22:30:52,I,03,폐업,2022-06-10 17:06:12,,2017-02-20,,,PHMH320173240033087500015,3240000,"서울특별시 강동구 명일로 275, 1층 (길동)",05301,03,폐업,83,,,
씨유강동둔촌점,2019-02-19,212158.336120397,447761.215533459,2026-05-03 22:30:52,I,03,폐업,2019-02-19 17:38:48,,2017-02-23,,,PHMH320173240033087500016,3240000,"서울특별시 강동구 양재대로 1412, 1층 (둔촌동, 토림빌)",05363,03,폐업,,,,
(주)이마트24 천호베네시티점,2018-02-23,210970.75707265,448713.31669728,2026-05-03 22:31:22,I,03,폐업,2018-02-23 15:08:54,,2017-03-07,,"서울특별시 강동구 천호동 425번지 5호 101,M101-1호",PHMH320173240033087500017,3240000,"서울특별시 강동구 올림픽로 664, 101,M101-1호 (천호동, 대우한강베네시티)",05328,03,폐업,155,,,
미니스톱 암사상암로점,2020-03-31,211089.937769186,449764.86880061,2026-05-03 22:30:52,I,03,폐업,2020-04-02 09:03:43,,2017-03-23,,,PHMH320173240033087500018,3240000,"서울특별시 강동구 상암로4길 10, 1층 1,2,3호 (암사동, 엘베강)",05242,03,폐업,75,,,
GS25 천호역,2019-06-17,210830.134427385,448618.9907646,2026-05-03 22:30:52,I,03,폐업,2019-06-17 15:00:34,,2017-03-24,,서울특별시 강동구 천호동 431번지 4호,PHMH320173240033087500019,3240000,"서울특별시 강동구 올림픽로 651, 1층 (천호동)",05248,03,폐업,,,,
미니스톱 길동현대점,2019-03-28,212951.223206807,448267.732445978,2026-05-03 22:30:52,I,03,폐업,2019-03-28 15:03:32,,2017-03-29,,서울특별시 강동구 길동 470번지 102호,PHMH320173240033087500020,3240000,"서울특별시 강동구 명일로 200-34, 102호 (길동, 현대아파트)",05349,03,폐업,104,,,02-478-5858
씨유 강동드림점,2018-03-23,211297.070604813,447290.600685056,2026-05-03 22:30:52,I,03,폐업,2018-03-23 14:31:07,,2017-04-06,,서울특별시 강동구 성내동 545번지,PHMH320173240033087500023,3240000,"서울특별시 강동구 성내로15길 10, 1층 (성내동)",05396,03,폐업,66,,,02-478-1633
지에스25 고덕파크,2017-07-27,213676.418576339,451029.854926958,2026-05-03 22:30:52,I,03,폐업,2017-07-27 15:21:16,,2017-04-07,,,PHMH320173240033087500024,3240000,"서울특별시 강동구 동남로85길 20, 1층 (고덕동)",05226,03,폐업,90,,,
지에스25 강동성내점,2021-07-07,212015.56175622,447648.549711291,2026-05-03 22:30:52,I,03,폐업,2021-07-08 13:05:21,,2017-04-11,,서울특별시 강동구 성내동 397번지,PHMH320173240033087500025,3240000,"서울특별시 강동구 양재대로97길 7, 1층 (성내동)",05376,03,폐업,66,,,
씨유 강동은성점,2019-09-10,211989.490426821,448658.956311054,2026-05-03 22:30:53,I,03,폐업,2019-09-10 14:59:29,,2017-04-20,,서울특별시 강동구 천호동 121번지 93호,PHMH320173240033087500027,3240000,"서울특별시 강동구 성안로 191, 1층 (천호동)",05332,03,폐업,66,,,02-482-5766
GS25성내동원점,2019-05-22,210931.41794176,447299.759349525,2026-05-03 22:30:53,I,03,폐업,2019-05-22 13:28:33,,2017-04-26,,서울특별시 강동구 성내동 560번지 4호,PHMH320173240033087500030,3240000,서울특별시 강동구 성안로3길 104 (성내동),05399,03,폐업,59,,,02-489-0419
365플러스 천호대복점,2018-03-19,210644.063727145,448700.45201296,2026-05-03 22:30:53,I,03,폐업,2018-03-19 16:44:27,,2017-05-17,,서울특별시 강동구 천호동 461번지 126호 1층,PHMH320173240033087500033,3240000,"서울특별시 강동구 구천면로16길 38, 1층 (천호동)",05247,03,폐업,38,,,
GS25천호해리점,2021-09-30,212101.356553854,449490.975146225,2026-05-03 22:30:53,I,03,폐업,2021-09-30 17:18:16,,2017-05-17,,서울특별시 강동구 천호동 231번지 32호,PHMH320173240033087500034,3240000,서울특별시 강동구 상암로27나길 4 (천호동),05309,03,폐업,88,,,
GS25둔촌타운,2019-02-14,211807.609756721,446894.680049364,2026-05-03 22:30:53,I,03,폐업,2019-02-15 09:14:43,,2017-05-17,,,PHMH320173240033087500035,3240000,"서울특별시 강동구 양재대로 1319, 103호 (성내동, 경일빌딩)",05408,03,폐업,,,,
이마트24 길동제일점,2021-09-14,212226.105202273,448338.725550578,2026-05-03 22:30:53,I,03,폐업,2021-09-14 15:22:56,,2017-05-18,,서울특별시 강동구 길동 389번지 3호,PHMH320173240033087500036,3240000,"서울특별시 강동구 양재대로111길 10, 1층 (길동)",05353,03,폐업,28,,,
보훈병원상조회,2018-10-16,212987.201084796,447504.948775288,2026-05-03 22:30:53,I,03,폐업,2018-10-16 14:43:11,,2017-05-22,,,PHMH320173240033087500037,3240000,"서울특별시 강동구 진황도로61길 53, 지1층 (둔촌동, 중앙보훈병원)",05368,03,폐업,102,,,02-2225-4365
GS25 강동풍성로점,2022-05-13,211853.438335008,447393.623403446,2026-05-03 22:30:53,I,03,폐업,2022-05-13 16:45:48,,2017-05-24,,서울특별시 강동구 성내동 417번지 44호,PHMH320173240033087500038,3240000,"서울특별시 강동구 풍성로56길 10, 1층 (성내동)",05404,03,폐업,46,,,
CU 천호강변,2017-12-27,210763.986580588,449038.575134923,2026-05-03 22:30:53,I,03,폐업,2017-12-27 16:56:47,,2017-06-08,,서울특별시 강동구 천호동 336번지 20호,PHMH320173240033087500039,3240000,서울특별시 강동구 올림픽로77길 46 (천호동),05245,03,폐업,40,,,02-478-2690
지에스25 강동세무서점,2019-07-22,212143.778930005,448048.253831401,2026-05-03 22:30:53,I,03,폐업,2019-07-22 13:31:49,,2017-06-14,,서울특별시 강동구 길동 459번지 3호,PHMH320173240033087500041,3240000,"서울특별시 강동구 천호대로 1139, 1층 (길동, 강동그린타워)",05355,03,폐업,53,,,
(주)비지에프리테일 광나루진달래점,2017-11-09,204333.137878189,444788.050526082,2026-05-03 22:31:25,I,03,폐업,2017-11-09 17:18:07,,2017-06-16,,서울특별시 강남구 삼성동 141번지 32호 (영업소주소: 천호2동 483-1),PHMH320173240033087500042,3240000,"서울특별시 강남구 테헤란로 405 (삼성동, (영업소주소: 천호2동 483-1))",06162,03,폐업,18,,,02-475-0305
씨유 강동미소점,2021-09-27,212045.981196426,449930.64245795,2026-05-03 22:30:53,I,03,폐업,2021-09-27 13:27:32,,2017-06-21,,서울특별시 강동구 암사동 433번지 60호,PHMH320173240033087500043,3240000,"서울특별시 강동구 암사18길 49, 1층 (암사동)",05258,03,폐업,50,,,02-418-5766
GS25암사광나루,2018-05-24,211161.286678064,450203.741209731,2026-05-03 22:30:53,I,03,폐업,2018-05-24 13:37:32,,2017-07-05,,,PHMH320173240033087500045,3240000,"서울특별시 강동구 상암로3길 81 (암사동, 삼성광나루아파트)",05240,03,폐업,,,,
세븐일레븐 강동오륜점,2025-06-30,211659.824922954,446784.488188771,2026-05-03 22:30:53,I,03,폐업,2025-06-30 15:08:22,,2017-07-07,,,PHMH320173240033087500046,3240000,"서울특별시 강동구 양재대로81길 30, 1층 (성내동)",05408,03,폐업,,,,02-470-1544
GS25천호오티스,2019-01-31,211411.31987595,448830.948477309,2026-05-03 22:30:53,I,03,폐업,2019-01-31 16:03:40,,2017-07-07,,,PHMH320173240033087500047,3240000,"서울특별시 강동구 구천면로 233, 1층 103,104호 (천호동, 한양메디스퀘어)",05326,03,폐업,70,,,
(주)코리아세븐 길동복조리점,2021-02-08,212553.345319739,448429.013449442,2026-05-03 22:31:24,I,03,폐업,2021-04-08 14:18:07,,2017-07-17,,서울특별시 강동구 길동 399번지 2호,PHMH320173240033087500048,3240000,"서울특별시 강동구 양재대로116길 46, 1층 (길동)",05351,03,폐업,63,,,02-470-1922
GS25 고덕파크,2019-09-30,213676.418576339,451029.854926958,2026-05-03 22:30:53,I,03,폐업,2019-09-30 18:13:00,,2017-07-27,,,PHMH320173240033087500050,3240000,"서울특별시 강동구 동남로85길 20, 1층 (고덕동)",05226,03,폐업,113,,,
CU 성내둔촌점,2020-04-22,211766.055560778,446907.632018709,2026-05-03 22:30:53,I,03,폐업,2020-04-22 14:57:25,,2017-07-31,,,PHMH320173240033087500051,3240000,"서울특별시 강동구 양재대로85길 15, 1층 101호 (성내동, 이화빌딩)",05408,03,폐업,,,,
세븐일레븐 암사베네스트점,2020-07-31,211519.511092942,450262.161599358,2026-05-03 22:30:53,I,03,폐업,2020-07-31 11:20:41,,2017-08-11,,서울특별시 강동구 암사동 460번지,PHMH320173240033087500053,3240000,"서울특별시 강동구 고덕로 54, 1층 2호 (암사동)",05252,03,폐업,45,,,
이마트24 암사역점,2022-02-09,211228.337999032,449705.745602701,2026-05-03 22:30:53,I,03,폐업,2022-02-10 14:01:39,,2017-08-17,,서울특별시 강동구 천호동 287번지 2호 102호,PHMH320173240033087500054,3240000,"서울특별시 강동구 상암로 42, 102호 (천호동, 암사청과물도매시장)",05318,03,폐업,26,,,
GS25 성내유토빌,2018-05-18,211770.879281522,446810.814080816,2026-05-03 22:30:53,I,03,폐업,2018-05-20 15:36:06,,2017-08-21,,서울특별시 강동구 성내동 440번지 3호,PHMH320173240033087500055,3240000,"서울특별시 강동구 양재대로89가길 69, 1층 (성내동)",05408,03,폐업,96,,,
GS25 길동타운점,2019-10-30,212440.285753723,448775.751543649,2026-05-03 22:30:53,I,03,폐업,2019-10-30 15:35:27,,2017-08-21,,서울특별시 강동구 길동 347번지 14호,PHMH320173240033087500056,3240000,"서울특별시 강동구 양재대로 1518, 1층 (길동)",05303,03,폐업,96,,,02-473-1518
지에스25 성내하이츠점,2020-04-22,211793.74334143,447603.805754659,2026-05-03 22:30:53,I,03,폐업,2020-04-24 14:51:13,,2017-09-04,,서울특별시 강동구 성내동 410번지 4호,PHMH320173240033087500057,3240000,"서울특별시 강동구 양재대로95길 47, 1층 (성내동)",05377,03,폐업,7,,,02-483-5866
지에스25 천호중앙점,2023-09-07,212342.018719148,449287.956686134,2026-05-03 22:30:53,I,03,폐업,2023-09-08 14:25:43,,2017-09-08,,서울특별시 강동구 천호동 39번지 14호,PHMH320173240033087500058,3240000,"서울특별시 강동구 상암로 162, 1층 (천호동)",05313,03,폐업,57,,,
씨유 성내도서관점,2019-03-08,211766.178811256,447846.278456083,2026-05-03 22:30:53,I,03,폐업,2019-03-08 14:48:02,,2017-09-21,,서울특별시 강동구 성내동 385번지 16호,PHMH320173240033087500060,3240000,서울특별시 강동구 천호대로174길 50 (성내동),05374,03,폐업,33,,,02-474-8371
CU 천호문구거리점,2024-10-24,210775.277021695,448665.726256278,2026-05-03 22:30:53,I,03,폐업,2024-10-25 14:20:36,,2017-11-01,,서울특별시 강동구 천호동 457번지 35호,PHMH320173240033087500061,3240000,"서울특별시 강동구 올림픽로71길 20, 1층 (천호동)",05248,03,폐업,61,,,
미니스톱 천호승리점,2019-10-30,211737.987222583,449321.582778246,2026-05-03 22:30:54,I,03,폐업,2019-10-30 15:35:20,,2017-11-01,,서울특별시 강동구 천호동 294번지 21호,PHMH320173240033087500062,3240000,서울특별시 강동구 구천면로 293 (천호동),05320,03,폐업,147,,,
(주)비지에프리테일 한강광나루1호점,2018-05-29,210480.767564873,449242.025030395,2026-05-03 22:31:23,I,03,폐업,2018-05-29 13:47:23,,2017-11-10,,서울특별시 강동구 천호동 483번지 1호,PHMH320173240033087500063,3240000,서울특별시 강동구 성내로 45 (성내동),05397,03,폐업,18,,,02-475-0305
씨유강일재화점,2022-07-21,215523.83400078,451292.229481831,2026-05-03 22:30:54,I,03,폐업,2022-07-22 09:40:45,,2017-12-04,,서울특별시 강동구 강일동 684번지 강일리버파크6단지아파트,PHMH320173240033087500067,3240000,"서울특별시 강동구 아리수로94길 19, 101호 (강일동, 강일리버파크6단지아파트)",05213,03,폐업,56,,,
GS25우성스타,2019-12-30,212462.49701258,448382.246068961,2026-05-03 22:30:54,I,03,폐업,2019-12-30 15:12:33,,2017-12-21,,서울특별시 강동구 길동 393번지 7호,PHMH320173240033087500068,3240000,"서울특별시 강동구 양재대로114길 31, 1층 (길동)",05351,03,폐업,99,,,
지에스25 고덕숲 아이파크점,2021-10-28,214183.691375465,449926.079802907,2026-05-03 22:30:54,I,03,폐업,2021-10-29 08:45:34,,2017-12-21,,서울특별시 강동구 상일제1동 134번지 고덕숲아이파크,PHMH320173240033087500069,3240000,"서울특별시 강동구 고덕로80길 134, 1층 103호 (상일제1동, 고덕숲아이파크)",05277,03,폐업,,,,
씨유 강동한솔점,2021-06-10,212300.266865149,449908.396216471,2026-05-03 22:30:54,I,03,폐업,2021-06-10 11:00:10,,2018-01-16,,서울특별시 강동구 암사동 421번지 8호,PHMH320183240033087500001,3240000,서울특별시 강동구 암사길 102 (암사동),05258,03,폐업,56,,,
지에스25(GS25)성내파크점,2020-01-06,211597.17085676,446992.790071505,2026-05-03 22:30:54,I,03,폐업,2020-01-06 11:30:58,,2018-01-23,,서울특별시 강동구 성내동 437번지 26호 영진파크빌,PHMH320183240033087500002,3240000,"서울특별시 강동구 강동대로53길 49, 1층 103,104호 (성내동, 영진파크빌)",05406,03,폐업,65,,,02-488-2549
세븐일레븐 길동타임점,2019-08-01,212044.179526684,448604.630405626,2026-05-03 22:30:54,I,03,폐업,2019-08-01 16:58:18,,2018-01-24,,서울특별시 강동구 길동 373번지 27호,PHMH320183240033087500003,3240000,"서울특별시 강동구 양재대로115길 60, 1층 (길동)",05341,03,폐업,50,,,02-477-6245
GS25 성내한빛점,2020-01-21,211629.212526489,448020.543763811,2026-05-03 22:30:54,I,03,폐업,2020-01-21 17:43:51,,2018-02-08,,서울특별시 강동구 성내동 196번지 8호 코오롱아파트,PHMH320183240033087500006,3240000,"서울특별시 강동구 천호대로168길 25, 상가동 1층 101,102호 (성내동, 코오롱아파트)",05381,03,폐업,68,,,
씨유 강동개나리점,2022-03-03,212187.277452005,448754.734887927,2026-05-03 22:30:54,I,03,폐업,2022-03-03 15:12:25,,2018-02-21,,서울특별시 강동구 길동 371번지 19호,PHMH320183240033087500007,3240000,서울특별시 강동구 천중로 168 (길동),05341,03,폐업,108,,,02-475-7770
GS25 길동우성점,2020-04-20,212485.186602827,448448.530576361,2026-05-03 22:30:54,I,03,폐업,2020-04-20 20:10:18,,2018-02-27,,서울특별시 강동구 길동 392번지 5호,PHMH320183240033087500010,3240000,서울특별시 강동구 양재대로116길 30 (길동),05351,03,폐업,53,,,
지에스25 천호사랑점,2024-05-09,210877.285016435,448978.61038479,2026-05-03 22:30:54,I,03,폐업,2024-05-10 14:51:53,,2018-03-05,,서울특별시 강동구 천호동 334번지 10호,PHMH320183240033087500011,3240000,"서울특별시 강동구 구천면로17길 32, 1층 (천호동)",05245,03,폐업,50,,,
이마트24 길동오네뜨점,2019-04-04,212624.891449347,448937.811380947,2026-05-03 22:30:54,I,03,폐업,2019-04-04 09:34:55,,2018-03-05,,서울특별시 강동구 길동 339번지 1호 동서울오네뜨,PHMH320183240033087500012,3240000,"서울특별시 강동구 양재대로124길 32, 1층 102호 (길동, 동서울오네뜨)",05303,03,폐업,69,,,
GS25성내한일점,2021-07-02,210960.413495191,448403.019701076,2026-05-03 22:30:54,I,03,폐업,2021-07-02 11:39:36,,2018-03-07,,서울특별시 강동구 성내동 48번지 1호,PHMH320183240033087500013,3240000,"서울특별시 강동구 천호대로 1016, 1층 (성내동)",05378,03,폐업,,,,
한국미니스톱 주식회사 강동구청점,2018-04-30,210846.429412932,447621.350645072,2026-05-03 22:31:19,I,03,폐업,2018-05-01 09:44:42,,2018-04-02,,서울특별시 강동구 성내동 537번지 17호,PHMH320183240033087500016,3240000,서울특별시 강동구 성내로5길 19 (성내동),05392,03,폐업,90,,,
(주)코리아세븐 강동팰리스점,2019-12-09,211593.934605677,448339.419070414,2026-05-03 22:31:25,I,03,폐업,2019-12-09 16:28:24,,2018-04-16,,서울특별시 강동구 천호동 571번지 래미안강동팰리스,PHMH320183240033087500017,3240000,"서울특별시 강동구 천호대로 1077, 상가103동 103,104호 (천호동, 래미안강동팰리스)",05340,03,폐업,79,,,
씨유 강동센트럴점,2019-02-27,211955.138746228,449582.786228833,2026-05-03 22:30:55,I,03,폐업,2019-02-27 10:33:15,,2018-04-18,,서울특별시 강동구 천호동 233번지 34호 인성빌딩,PHMH320183240033087500018,3240000,"서울특별시 강동구 구천면로 328, 인성빌딩 1층 (천호동)",05309,03,폐업,,,,
지에스25(GS25) 강일4단지점,2024-02-29,215505.695374616,451683.180260586,2026-05-03 22:30:55,I,03,폐업,2024-03-04 10:47:52,,2018-04-25,,서울특별시 강동구 강일동 673번지 강일리버파크4단지아파트,PHMH320183240033087500019,3240000,"서울특별시 강동구 아리수로97길 19, 상가동 101,102호 (강일동, 강일리버파크4단지아파트)",05210,03,폐업,52,,,02-441-4420
미니스톱 강동구청점,2020-04-29,210846.429412932,447621.350645072,2026-05-03 22:30:55,I,03,폐업,2020-05-01 10:08:21,,2018-05-01,,서울특별시 강동구 성내동 537번지 17호,PHMH320183240033087500020,3240000,"서울특별시 강동구 성내로5길 19, 1층 (성내동)",05392,03,폐업,90,,,
(주)윈플러스마트 상일점,2019-01-29,214761.228719522,449236.409882765,2026-05-03 22:31:20,I,03,폐업,2019-01-29 16:27:24,,2018-05-02,,서울특별시 강동구 상일제1동 446번지 1호,PHMH320183240033087500021,3240000,서울특별시 강동구 천호대로213길 18 (상일제1동),05291,03,폐업,,,,
GS25 성내유토빌점,2020-05-22,211770.879281522,446810.814080816,2026-05-03 22:30:55,I,03,폐업,2020-05-22 15:12:23,,2018-05-21,,서울특별시 강동구 성내동 440번지 3호 크로바빌딩,PHMH320183240033087500023,3240000,"서울특별시 강동구 양재대로89가길 69, 크로바빌딩 1층 (성내동)",05408,03,폐업,96,,,02-475-6300
미니스톱 천호중앙점,2021-08-13,211309.086363507,449394.263347689,2026-05-03 22:30:55,I,03,폐업,2021-08-13 13:28:18,,2018-05-23,,서울특별시 강동구 천호동 311번지 34호,PHMH320183240033087500024,3240000,"서울특별시 강동구 천중로15나길 7, 1층 (천호동)",05322,03,폐업,119,,,
지에스25 강동성일점,2020-05-07,211203.682231648,447387.325955188,2026-05-03 22:30:55,I,03,폐업,2020-05-07 13:45:59,,2018-05-28,,서울특별시 강동구 성내동 543번지 화양빌딩,PHMH320183240033087500025,3240000,"서울특별시 강동구 성내로13길 14, 1층 102호 (성내동, 화양빌딩)",05396,03,폐업,58,,,02-485-7833
지에스25 암사광나루,2019-10-25,211161.286678064,450203.741209731,2026-05-03 22:30:55,I,03,폐업,2019-10-25 14:40:57,,2018-05-29,,서울특별시 강동구 암사동 508번지 삼성광나루아파트,PHMH320183240033087500026,3240000,"서울특별시 강동구 상암로3길 81, 삼성광나루아파트 상가동 106호 (암사동)",05240,03,폐업,40,,,
미니스톱 암사보은점,2023-08-01,212084.384686929,450187.748018335,2026-05-03 22:30:55,I,03,폐업,2023-08-01 15:49:13,,2018-06-15,,서울특별시 강동구 암사동 439번지 2호,PHMH320183240033087500028,3240000,"서울특별시 강동구 고덕로28길 10-7, 1층 (암사동)",05255,03,폐업,50,,,
미니스톱 한강광나루1점,2021-10-26,210480.767564873,449242.025030395,2026-05-03 22:31:24,I,03,폐업,2021-10-26 16:09:47,,2018-07-31,,서울특별시 강동구 천호동 483번지 1호 한강공원,PHMH320183240033087500032,3240000,"서울특별시 강동구 성내로 45, 강동구보건소 (성내동)",05397,03,폐업,18,,,02-470-4987
지에스25 강동원일점,2023-11-13,211170.641903552,449495.309432283,2026-05-03 22:30:55,I,03,폐업,2023-11-17 17:21:58,,2018-08-22,,서울특별시 강동구 천호동 315번지 6호 원일빌딩,PHMH320183240033087500033,3240000,"서울특별시 강동구 올림픽로92길 6, 원일빌딩 1층 (천호동)",05323,03,폐업,66,,,
세븐일레븐 천호대로점,2023-10-10,211878.097723811,448049.826281484,2026-05-03 22:30:55,I,03,폐업,2023-10-10 17:53:46,,2018-08-30,,서울특별시 강동구 성내동 244번지,PHMH320183240033087500034,3240000,"서울특별시 강동구 천호대로 1116, 1층 102-2호 (성내동)",05373,03,폐업,33,,,
씨유강동그라시움점,2023-07-31,214840.530715956,450756.21007795,2026-05-03 22:30:55,I,03,폐업,2023-07-31 16:11:34,,2018-09-04,,서울특별시 강동구 고덕동 189번지,PHMH320183240033087500035,3240000,"서울특별시 강동구 고덕로83길 42, 1층 (고덕동)",05222,03,폐업,18,,,
지에스(GS)25 둔촌주공점,2020-11-19,212236.024991653,447340.882802531,2026-05-03 22:30:55,I,03,폐업,2020-11-19 17:23:18,,2018-10-11,,서울특별시 강동구 둔촌동 163번지,PHMH320183240033087500037,3240000,서울특별시 강동구 풍성로 247 (둔촌동),05372,03,폐업,98,,,
주식회사 인더라인25(광나루2호점),2022-01-05,210268.695726798,448900.642250513,2026-05-03 22:31:24,I,03,폐업,2022-01-05 15:28:40,,2018-10-12,,서울특별시 강동구 천호동 481번지 6호,PHMH320183240033087500038,3240000,"서울특별시 강동구 성내로 45, 강동구보건소 (성내동)",05397,03,폐업,52,,,
보훈병원상조회,2019-07-22,212987.201084796,447504.948775288,2026-05-03 22:30:56,I,03,폐업,2019-07-22 13:22:16,,2018-10-16,,서울특별시 강동구 둔촌동 6번지 2호 중앙보훈병원,PHMH320183240033087500039,3240000,"서울특별시 강동구 진황도로61길 53, 중앙보훈병원 (둔촌동)",05368,03,폐업,102,,,
지에스25강동명일역점,2021-02-10,212639.467698142,449956.327858881,2026-05-03 22:30:56,I,03,폐업,2021-02-10 12:46:00,,2018-10-19,,서울특별시 강동구 명일동 312번지 58호,PHMH320183240033087500040,3240000,"서울특별시 강동구 양재대로 1637, 108호 (명일동)",05257,03,폐업,32,,,
지에스(GS)25 길동미래점,2020-12-17,212284.644395344,448145.99221003,2026-05-03 22:30:56,I,03,폐업,2020-12-17 15:02:58,,2018-10-25,,서울특별시 강동구 길동 432번지,PHMH320183240033087500041,3240000,"서울특별시 강동구 양재대로110길 8, 1층 (길동)",05356,03,폐업,53,,,
씨유(CU)천호우성점,2023-03-22,211453.697451437,448781.819292164,2026-05-03 22:30:56,I,03,폐업,2023-03-22 11:16:13,,2018-11-22,,서울특별시 강동구 천호동 530번지,PHMH320183240033087500042,3240000,"서울특별시 강동구 구천면로 232, 1층 106호 (천호동)",05334,03,폐업,,,,
이마트24 R강동ECT점,2024-09-30,211593.934605677,448339.419070414,2026-05-03 22:31:22,I,03,폐업,2024-10-02 09:50:05,,2018-11-26,,서울특별시 강동구 천호동 571번지 래미안강동팰리스,PHMH320183240033087500043,3240000,"서울특별시 강동구 천호대로 1077, 1층 (천호동, 래미안강동팰리스)",05340,03,폐업,,,,
지에스 강동천일점,2025-11-14,211266.755125721,449326.631397978,2026-05-03 22:30:56,I,03,폐업,2025-11-17 10:58:16,,2018-12-21,,서울특별시 강동구 천호동 313번지 4호,PHMH320183240033087500044,3240000,서울특별시 강동구 올림픽로88길 36 (천호동),05323,03,폐업,,,,
지에스(GS)25 강동제일점,2020-09-02,210818.367448819,448303.423508307,2026-05-03 22:30:56,I,03,폐업,2020-09-03 11:16:40,,2019-01-04,,서울특별시 강동구 성내동 78번지 10호 케이디빌딩,PHMH320193240033087500001,3240000,"서울특별시 강동구 올림픽로 622, 케이디빌딩 1층 (성내동)",05378,03,폐업,53,,,
세븐일레븐 천호성덕점,2021-11-05,212282.432681366,449713.30728112,2026-05-03 22:30:56,I,03,폐업,2021-11-05 14:59:36,,2019-01-04,,서울특별시 강동구 천호동 18번지 46호,PHMH320193240033087500002,3240000,"서울특별시 강동구 구천면로64길 22, 1층 1,2호 (천호동)",05305,03,폐업,42,,,
지에스25 강동스마일점,2020-12-16,212891.808181898,448694.816473983,2026-05-03 22:30:56,I,03,폐업,2020-12-16 16:00:16,,2019-01-10,,서울특별시 강동구 길동 96번지 서울시산림조합빌딩,PHMH320193240033087500003,3240000,"서울특별시 강동구 명일로 243, 서울시산림조합빌딩 1층 (길동)",05344,03,폐업,120,,,
지에스25천호오티스,2025-03-06,211411.31987595,448830.948477309,2026-05-03 22:30:56,I,03,폐업,2025-03-07 15:19:14,,2019-02-01,,서울특별시 강동구 천호동 401번지 5호 한양메디스퀘어,PHMH320193240033087500005,3240000,"서울특별시 강동구 구천면로 233, 한양메디스퀘어 103,104호 (천호동)",05326,03,폐업,,,,
씨유 강동센트럴점,2020-05-25,211955.138746228,449582.786228833,2026-05-03 22:31:24,I,03,폐업,2020-05-25 16:39:00,,2019-02-27,,서울특별시 강동구 천호동 233번지 34호 인성빌딩,PHMH320193240033087500007,3240000,"서울특별시 강동구 구천면로 328, 인성빌딩 1층 (천호동)",05309,03,폐업,120,,,02-535-6105
(주)비지에프리테일 강동풍차점,2020-01-22,212027.367066322,448483.009643057,2026-05-03 22:31:23,I,03,폐업,2020-01-22 16:26:50,,2019-03-05,,서울특별시 강동구 길동 385번지 1호 예건타워빌아파트,PHMH320193240033087500008,3240000,"서울특별시 강동구 양재대로113길 53, 1층 (길동, 예건타워빌아파트)",05354,03,폐업,,,,
씨유천호로데오점,2021-11-02,211148.708405112,448411.95234808,2026-05-03 22:30:56,I,03,폐업,2021-11-02 14:16:03,,2019-03-21,,서울특별시 강동구 천호동 453번지 15호 강동빌딩,PHMH320193240033087500009,3240000,"서울특별시 강동구 천호대로 1033, 강동빌딩 1층 (천호동)",05335,03,폐업,50,,,02-475-0958
지에스(GS)25 길동우림,2025-02-18,212820.893280963,448897.831050248,2026-05-03 22:30:56,I,03,폐업,2025-02-21 16:13:01,,2019-03-25,,서울특별시 강동구 길동 342번지 8호,PHMH320193240033087500010,3240000,"서울특별시 강동구 양재대로124길 70, 1층 (길동)",05304,03,폐업,81,,,
세븐일레븐 성내타운점,2024-06-14,210841.640205029,447916.895308327,2026-05-03 22:30:56,I,03,폐업,2024-06-14 17:36:12,,2019-04-04,,서울특별시 강동구 성내동 119번지 11호,PHMH320193240033087500012,3240000,"서울특별시 강동구 천호옛길 48, 1층 (성내동)",05386,03,폐업,56,,,
이마트24 강동성내점,2021-06-14,210877.472762207,447775.213395392,2026-05-03 22:30:56,I,03,폐업,2021-06-14 13:48:16,,2019-04-18,,서울특별시 강동구 성내동 120번지 60호 다조은,PHMH320193240033087500013,3240000,"서울특별시 강동구 풍성로 106, 1층 102-1호 (성내동, 다조은)",05392,03,폐업,50,,,
세븐일레븐 강동둔촌점,2024-04-30,212246.369632817,447581.449697824,2026-05-03 22:30:56,I,03,폐업,2024-04-30 14:41:35,,2019-04-18,,서울특별시 강동구 둔촌동 490번지 12호,PHMH320193240033087500014,3240000,"서울특별시 강동구 풍성로63길 47, 1층 (둔촌동)",05372,03,폐업,60,,,
(주)코리아세븐 길동와이시티점,2025-06-16,212078.284279369,448257.541433568,2026-05-03 22:31:22,I,03,폐업,2025-06-17 15:56:44,,2019-05-07,,서울특별시 강동구 길동 414번지 4호 강동 와이시티,PHMH320193240033087500016,3240000,"서울특별시 강동구 천호대로175길 42, 104호 (길동, 강동 와이시티)",05353,03,폐업,37,,,02-470-7380
미니스톱 강동영광점,2024-03-13,211715.239730312,449555.371907578,2026-05-03 22:30:56,I,03,폐업,2024-03-13 16:40:24,,2019-05-13,,서울특별시 강동구 암사동 489번지 56호,PHMH320193240033087500017,3240000,"서울특별시 강동구 상암로21길 12, 1층 (암사동)",05265,03,폐업,,,,
지에스(GS)25 성내동원,2021-11-02,210931.41794176,447299.759349525,2026-05-03 22:30:56,I,03,폐업,2021-11-02 17:02:11,,2019-05-22,,서울특별시 강동구 성내동 560번지 4호,PHMH320193240033087500018,3240000,서울특별시 강동구 성안로3길 104 (성내동),05399,03,폐업,59,,,02-489-0419
(주)코리아세븐 명일은혜점,2017-11-29,212715.774466715,449389.108272702,2026-05-03 22:31:25,I,03,폐업,2017-11-29 16:54:08,,2012-11-19,,,PHMH320123240033087500002,3240000,서울특별시 강동구 상암로 199 (명일동),05295,03,폐업,,,,02-426-3370
씨유천호역점,2014-03-31,,,2026-05-03 22:30:30,I,03,폐업,2014-03-31 13:57:11,,2012-11-19,,,PHMH320123240033087500003,3240000,서울특별시 강동구 천호옛길 95 (성내동),,03,폐업,,,,
씨유 강동성내로점,2017-12-08,210902.824729995,447232.385450602,2026-05-03 22:30:31,I,03,폐업,2017-12-08 14:27:55,,2012-11-08,,,PHMH320123240033087500007,3240000,서울특별시 강동구 성내로6가길 38 (성내동),05400,03,폐업,,,,
(주)바이더웨이 고덕역점,2014-10-20,213545.481603233,450269.25482135,2026-05-03 22:31:23,I,03,폐업,2015-05-08 17:35:46,,2012-11-19,134-825,서울특별시 강동구 명일동 46번지 1호,PHMH320123240033087500009,3240000,서울특별시 강동구 고덕로 256 (명일동),,03,폐업,,,,
씨유성내중앙점,2014-11-04,211603.733911813,446841.160845582,2026-05-03 22:30:31,I,03,폐업,2014-11-04 17:26:14,,2012-11-13,,,PHMH320123240033087500011,3240000,서울특별시 강동구 강동대로53길 22 (성내동),,03,폐업,,,,
(주)바이더웨이 길동사거리점,2014-12-04,212059.97373057,448068.603629997,2026-05-03 22:31:19,I,03,폐업,2015-05-08 17:33:24,,2012-11-19,134-814,서울특별시 강동구 길동 457번지 4호,PHMH320123240033087500013,3240000,서울특별시 강동구 천호대로 1131 (길동),,03,폐업,,,,
GS25 천호명성점,2014-12-16,212347.982239428,449143.259542227,2026-05-03 22:30:31,I,03,폐업,2015-05-08 17:55:09,,2012-11-26,134-861,서울특별시 강동구 천호동 46번지 23호,PHMH320123240033087500014,3240000,서울특별시 강동구 양재대로125길 31 (천호동),,03,폐업,,,,
GS25 강일파크,2014-12-22,215901.594590118,450869.91564519,2026-05-03 22:30:31,I,03,폐업,2014-12-22 17:51:53,,2012-11-08,,,PHMH320123240033087500015,3240000,서울특별시 강동구 고덕로97길 20 (강일동),,03,폐업,,,,
(주)바이더웨이 가톨릭병원점,2014-12-31,210986.405956836,448919.226364473,2026-05-03 22:31:22,I,03,폐업,2023-11-13 14:54:11,,2012-11-19,134-869,서울특별시 강동구 천호동 357번지 12호,PHMH320123240033087500016,3240000,서울특별시 강동구 올림픽로 686 (천호동),,03,폐업,,,,
SK네트웍스(주)암사주유소,2015-03-19,,,2026-05-03 22:30:31,I,03,폐업,2015-03-19 17:11:24,,2012-11-22,,,PHMH320123240033087500017,3240000,서울특별시 강동구 올림픽로 749 (암사동),,03,폐업,,,,
Sk네트웍스(주)고속주유소,2015-03-19,213131.118271266,448261.715878947,2026-05-03 22:30:31,I,03,폐업,2015-03-19 17:11:34,,2012-11-22,,,PHMH320123240033087500018,3240000,서울특별시 강동구 천호대로 1246 (둔촌동),,03,폐업,,,,
GS25 명일청솔점,2015-05-07,213635.178574167,449979.023511727,2026-05-03 22:30:31,I,03,폐업,2015-05-07 12:21:13,,2012-11-12,134-825,서울특별시 강동구 명일동 48번지 15호,PHMH320123240033087500019,3240000,서울특별시 강동구 동남로71길 20 (명일동),,03,폐업,,,,
세븐일레븐 강동자이점,2020-11-02,213005.679879712,448423.636933568,2026-05-03 22:30:31,I,03,폐업,2020-11-02 17:42:14,,2012-11-08,134-809,서울특별시 강동구 길동 123번지,PHMH320123240033087500020,3240000,서울특별시 강동구 명일로18길 30 (길동),05345,03,폐업,,,,02-486-2311
씨유 강일5단지점,2013-07-05,215672.686503771,451718.460112743,2026-05-03 22:30:31,I,03,폐업,2015-05-08 08:42:03,,2012-11-08,134-735,서울특별시 강동구 강일동 670번지,PHMH320123240033087500021,3240000,서울특별시 강동구 아리수로97길 20 (강일동),,03,폐업,,,,
미니스톱 천호스타점,2016-07-06,211377.566846736,449530.991540976,2026-05-03 22:30:31,I,03,폐업,2016-07-06 11:08:36,,2012-11-08,134-867,서울특별시 강동구 천호동 310번지 28호,PHMH320123240033087500022,3240000,서울특별시 강동구 구천면로41길 87 (천호동),05322,03,폐업,,,,
GS25 명일타운점,2015-08-07,212793.83711847,449793.19620496,2026-05-03 22:30:31,I,03,폐업,2015-08-07 16:00:33,,2012-11-08,134-830,서울특별시 강동구 명일동 325번지 11호,PHMH320123240033087500023,3240000,서울특별시 강동구 구천면로 424 (명일동),05292,03,폐업,,,,02-430-2088
미니스톱 길동승리,2013-11-06,212126.02288787,448551.858272169,2026-05-03 22:30:32,I,03,폐업,2015-05-08 08:52:32,,2012-11-08,134-813,서울특별시 강동구 길동 381번지 2호,PHMH320123240033087500027,3240000,서울특별시 강동구 천중로40길 46 (길동),,03,폐업,,,,
씨스페이스 강동점,2012-12-11,211254.920044568,447595.247869709,2026-05-03 22:30:32,I,03,폐업,2015-05-08 08:54:02,,2012-11-08,134-850,서울특별시 강동구 성내동 523번지 2호,PHMH320123240033087500028,3240000,서울특별시 강동구 성내로13길 57 (성내동),,03,폐업,,,,02-475-7096
미니스톱천호승리점,2017-10-31,211737.987222583,449321.582778246,2026-05-03 22:30:32,I,03,폐업,2017-10-31 19:07:10,,2012-11-08,134-867,서울특별시 강동구 천호동 294번지 21호,PHMH320123240033087500029,3240000,서울특별시 강동구 구천면로 293 (천호동),05320,03,폐업,,,,02-472-7574
미니스톱 명일역점,2014-01-03,212678.653349359,449975.770536106,2026-05-03 22:30:32,I,03,폐업,2015-05-08 09:00:52,,2012-11-08,134-830,서울특별시 강동구 명일동 312번지 94호,PHMH320123240033087500032,3240000,서울특별시 강동구 양재대로 1640 (명일동),,03,폐업,,,,02-3426-6521
지에스(GS)25 명일주공,2021-05-20,213262.059722309,449527.440852499,2026-05-03 22:30:56,I,03,폐업,2021-05-20 13:30:02,,2019-05-24,,서울특별시 강동구 명일동 257번지 고덕주공아파트,PHMH320193240033087500020,3240000,"서울특별시 강동구 구천면로 476, 고덕주공아파트 122호 (명일동)",05272,03,폐업,,,,02-429-1277
지에스(GS)25 강일타운,2021-07-27,215502.593610945,451912.595090289,2026-05-03 22:30:56,I,03,폐업,2021-07-27 13:50:13,,2019-05-30,,서울특별시 강동구 강일동 668번지 강일리버파크2단지아파트,PHMH320193240033087500021,3240000,"서울특별시 강동구 아리수로97길 68, 상가동 101호 (강일동, 강일리버파크2단지아파트)",05208,03,폐업,32,,,02-3426-9055
지에스(GS)25 천호역,2021-06-01,210830.134427385,448618.9907646,2026-05-03 22:30:56,I,03,폐업,2021-06-01 14:25:25,,2019-06-17,,서울특별시 강동구 천호동 431번지 4호 예경빌딩,PHMH320193240033087500022,3240000,"서울특별시 강동구 올림픽로 651, 예경빌딩 1층 (천호동)",05248,03,폐업,165,,,
지에스(GS)25 강동상생점,2024-07-12,213666.023998655,449491.443456019,2026-05-03 22:30:57,I,03,폐업,2024-07-12 16:38:41,,2019-06-18,,서울특별시 강동구 명일동 176번지,PHMH320193240033087500023,3240000,"서울특별시 강동구 동남로65길 11, 1층 101호 (명일동)",05271,03,폐업,60,,,
지에스25(GS25)고덕리엔점,2021-07-16,215097.6410784,451002.812265182,2026-05-03 22:31:21,I,03,폐업,2021-07-16 09:12:11,,2019-07-10,,서울특별시 강동구 강일동 707번지 고덕리엔파크1단지아파트,PHMH320193240033087500028,3240000,"서울특별시 강동구 상일로 152, 상가동 1층 101호 (강일동, 고덕리엔파크1단지아파트)",05218,03,폐업,7,,,
지에스(GS)25명일청솔,2022-07-13,213635.178574167,449979.023511727,2026-05-03 22:30:57,I,03,폐업,2022-07-13 16:26:47,,2019-07-12,,서울특별시 강동구 명일동 48번지 15호 청솔빌딩,PHMH320193240033087500030,3240000,"서울특별시 강동구 동남로71길 20, 청솔빌딩 (명일동)",05269,03,폐업,,,,
지에스(GS)25 강동베스트점,2021-12-28,212049.339857994,447849.56068073,2026-05-03 22:30:57,I,03,폐업,2021-12-28 11:32:34,,2019-07-19,,서울특별시 강동구 성내동 380번지 14호,PHMH320193240033087500031,3240000,"서울특별시 강동구 양재대로103길 13, 102호 (성내동)",05375,03,폐업,91,,,
보훈병원상조회,2022-11-29,212987.201084796,447504.948775288,2026-05-03 22:30:57,I,03,폐업,2022-11-30 11:38:25,,2019-07-22,,서울특별시 강동구 둔촌동 6번지 2호 중앙보훈병원,PHMH320193240033087500032,3240000,"서울특별시 강동구 진황도로61길 53, 중앙보훈병원 지하1층 (둔촌동)",05368,03,폐업,102,,,02-2225-1786
미니스톱 길동드림힐점,2020-08-31,211996.200294662,448413.6296306,2026-05-03 22:30:57,I,03,폐업,2020-08-31 13:32:22,,2019-08-02,,서울특별시 강동구 길동 385번지 4호 이스트드림힐아파트,PHMH320193240033087500036,3240000,"서울특별시 강동구 양재대로111길 54, 1층 101호 (길동, 이스트드림힐아파트)",05354,03,폐업,68,,,
씨유천호푸르지오점,2022-02-16,211047.953350591,448684.23415758,2026-05-03 22:30:57,I,03,폐업,2022-02-17 09:36:02,,2019-09-02,,서울특별시 강동구 천호동 425번지 17호 천호역 한강 푸르지오시티,PHMH320193240033087500037,3240000,"서울특별시 강동구 구천면로 192, 천호역 한강 푸르지오시티 상가동 1층 105호 (천호동)",05328,03,폐업,36,,,02-482-9740
씨유 길동청광점,2022-11-30,212034.135065284,448106.441572477,2026-05-03 22:30:58,I,03,폐업,2022-12-01 10:08:42,,2019-09-05,,서울특별시 강동구 길동 457번지 청광플러스원큐브2차,PHMH320193240033087500038,3240000,"서울특별시 강동구 천호대로175길 10, 101호 (길동, 청광플러스원큐브2차)",05355,03,폐업,55,,,
지에스(GS)25 고덕파크,2023-07-18,213676.418576339,451029.854926958,2026-05-03 22:30:59,I,03,폐업,2023-07-19 16:19:46,,2019-10-02,,서울특별시 강동구 고덕동 528번지 5호,PHMH320193240033087500040,3240000,서울특별시 강동구 동남로85길 20 (고덕동),05226,03,폐업,,,,
지에스(GS)25 암사광나루,2021-10-25,211161.286678064,450203.741209731,2026-05-03 22:30:59,I,03,폐업,2021-10-25 16:29:21,,2019-10-25,,서울특별시 강동구 암사동 508번지 삼성광나루아파트,PHMH320193240033087500042,3240000,"서울특별시 강동구 상암로3길 81, 삼성광나루아파트 상가동 106호 (암사동)",05240,03,폐업,40,,,
지에스(GS)25 둔촌역,2024-11-08,211945.337917258,447357.590085319,2026-05-03 22:31:00,I,03,폐업,2024-11-11 10:28:11,,2019-10-30,,서울특별시 강동구 성내동 416번지 4호,PHMH320193240033087500044,3240000,"서울특별시 강동구 양재대로 1367, 103호 (성내동)",05404,03,폐업,77,,,02-477-7125
지에스(GS)25 길동타운,2021-07-02,212440.285753723,448775.751543649,2026-05-03 22:31:00,I,03,폐업,2021-07-02 11:36:54,,2019-10-30,,서울특별시 강동구 길동 347번지 14호,PHMH320193240033087500045,3240000,서울특별시 강동구 양재대로 1518 (길동),05303,03,폐업,96,,,
롯데씨브이에스711 천호승리점,2023-10-31,211737.987222583,449321.582778246,2026-05-03 22:31:22,I,03,폐업,2023-10-31 13:24:52,,2019-11-06,,서울특별시 강동구 천호동 294번지 21호,PHMH320193240033087500047,3240000,서울특별시 강동구 구천면로 293 (천호동),05320,03,폐업,147,,,
지에스(GS)25 암사해리,2022-03-28,211945.001329731,449768.648765431,2026-05-03 22:31:01,I,03,폐업,2022-03-28 13:52:54,,2020-01-06,,서울특별시 강동구 암사동 486번지 47호,PHMH320203240033087500003,3240000,서울특별시 강동구 구천면로53길 21 (암사동),05259,03,폐업,,,,
씨유 고덕2단지점,2025-06-18,215223.604630417,450827.270292439,2026-05-03 22:31:01,I,03,폐업,2025-06-18 11:26:43,,2020-02-18,,서울특별시 강동구 강일동 717번지 고덕리엔파크2단지아파트 상가동,PHMH320203240033087500008,3240000,"서울특별시 강동구 고덕로 427, 상가동 1층 104호,105호 (강일동, 고덕리엔파크2단지아파트)",05217,03,폐업,,,,
지에스(GS)25그라시움샘터점,2023-03-13,214299.644266879,450637.954760292,2026-05-03 22:31:02,I,03,폐업,2023-03-13 13:52:31,,2020-02-25,,서울특별시 강동구 고덕동 217번지 고덕그라시움아파트(상가3동),PHMH320203240033087500009,3240000,"서울특별시 강동구 동남로82길 120, 고덕그라시움아파트  근생-3상가동 107호,108호 (고덕동)",05224,03,폐업,,,,
지에스(GS)25 고덕그라시움점,2025-06-16,214299.644266879,450637.954760292,2026-05-03 22:31:03,I,03,폐업,2025-06-17 15:57:06,,2020-04-10,,서울특별시 강동구 고덕동 217번지 고덕그라시움아파트(상가1동),PHMH320203240033087500012,3240000,"서울특별시 강동구 고덕로 353, 고덕그라시움아파트(상가1동) 1층 127호,128호 (고덕동)",05224,03,폐업,66,,,
지에스25(GS25)길동우성점,2024-04-30,212485.186602827,448448.530576361,2026-05-03 22:31:03,I,03,폐업,2024-04-30 15:53:11,,2020-04-22,,서울특별시 강동구 길동 392번지 5호 삼정빌딩,PHMH320203240033087500013,3240000,"서울특별시 강동구 양재대로116길 30, 삼정빌딩 (길동)",05351,03,폐업,,,,
지에스25(GS25)성내하이츠점,2024-10-22,211793.74334143,447603.805754659,2026-05-03 22:31:03,I,03,폐업,2024-10-23 14:23:42,,2020-04-24,,서울특별시 강동구 성내동 410번지 4호,PHMH320203240033087500014,3240000,"서울특별시 강동구 양재대로95길 47, 1층 (성내동)",05377,03,폐업,,,,
