사업장명,폐업일자,좌표X,좌표Y,데이터갱신시점,데이터갱신구분,상세영업상태코드,상세영업상태명,최종수정시점,인허가취소일자,인허가일자,소재지우편번호,지번주소,관리번호,개방자치단체코드,도로명주소,도로명우편번호,영업상태구분코드,영업상태명,휴업시작일자,휴업종료일자,소재지전화번호,총규모
열린보청기,,203757.898148713,463128.847136861,2026-05-03 22:36:02,I,13,영업중,2024-05-24 16:14:56,,2024-05-24,,서울특별시 도봉구 도봉동 ***-** *층,PHMG120243090033047000020,3090000,"서울특별시 도봉구 도봉로 ***, *층 (도봉동)",01349,01,영업/정상,,,,
다나은메디컬,2025-07-04,203757.403073624,455668.42038114,2026-05-03 22:36:32,I,03,폐업,2025-07-04 10:04:57,,2024-03-28,,서울특별시 성북구 하월곡동 **-*,PHMG120243070034047000018,3070000,"서울특별시 성북구 화랑로 ***, *층 ***호 (하월곡동)",02793,03,폐업,,,,
GS25 삼선센터점,,201183.443527373,454250.361329971,2026-05-03 22:36:16,I,13,영업중,2022-07-15 14:56:01,,2022-07-15,,서울특별시 성북구 삼선동*가 *** 동진빌딩,PHMG120223070034047000186,3070000,"서울특별시 성북구 보문로 ***, 우리은행 *층 (삼선동*가)",02861,01,영업/정상,,,,
부성,,205213.572449205,456779.949363989,2026-05-03 22:36:09,I,13,영업중,2022-02-16 14:43:24,,2022-02-16,,서울특별시 성북구 장위동 **-** 크라운빌딩,PHMG120223070034047000075,3070000,"서울특별시 성북구 한천로 ***, 크라운빌딩 ***호 (장위동)",02775,01,영업/정상,,,02-943-3477,
벤더몰,2023-06-20,204335.057042232,461157.210858518,2026-05-03 22:35:37,I,03,폐업,2023-06-20 17:40:23,,2021-09-29,,서울특별시 도봉구 창동 **,PHMG120213090033047000066,3090000,"서울특별시 도봉구 노해로**길 **-**, ***호 (창동)",01414,03,폐업,,,,
티오메디칼,,203268.954700555,461364.248311452,2026-05-03 22:34:46,I,13,영업중,2023-08-30 14:12:18,,2015-09-03,,서울특별시 도봉구 쌍문동 ***,PHMG120153090033047000054,3090000,"서울특별시 도봉구 도봉로 ***, ***호 (쌍문동)",01436,01,영업/정상,,,02-461-3448,
폭트에이블,2019-08-13,204746.21261151,456616.565104138,2026-05-03 22:35:30,I,24,직권폐업,2019-08-14 14:10:21,,2018-03-21,,서울특별시 성북구 장위동 **번지 *호 창마빌딩,PHMG120183070034047000022,3070000,"서울특별시 성북구 화랑로**길 **, 창마빌딩 *층 (장위동)",02771,04,취소/말소/만료/정지/중지,,,,
브로스메디칼,,202931.815835411,460390.421838996,2026-05-03 22:35:00,I,15,전출,2018-05-25 17:54:03,,2018-03-29,,서울특별시 도봉구 창동 ***번지 *호 *층,PHMG120183090033047000011,3090000,"서울특별시 도봉구 도봉로***다길 *, *층 (창동)",01459,05,제외/삭제/전출,,,,
씨유쌍문사랑점,2025-11-26,202725.958827629,460286.734892203,2026-05-03 22:35:38,I,03,폐업,2025-11-27 11:31:32,,2022-02-03,,서울특별시 도봉구 쌍문동 ***-***,PHMG120223090033047000003,3090000,"서울특별시 도봉구 도봉로***길 **, *층 (쌍문동)",01448,03,폐업,,,02-993-7620,
JH헬스케어,2020-06-12,202689.140668396,455074.622569918,2026-05-03 22:35:30,I,03,폐업,2020-06-12 17:29:59,,2018-03-19,,서울특별시 성북구 종암동 **번지 **호,PHMG120183070034047000021,3070000,"서울특별시 성북구 종암로**길 **, ***호 (종암동)",02804,03,폐업,,,,
이마트24 동덕여대점,2025-03-17,203696.694753035,455746.376722518,2026-05-03 22:35:58,I,03,폐업,2025-03-18 17:22:12,,2021-05-12,,서울특별시 성북구 하월곡동 **-**,PHMG120213070034047000075,3070000,"서울특별시 성북구 화랑로**길 **, *층 (하월곡동)",02752,03,폐업,,,,
GS25 보문아이파크점,2016-12-31,201489.50616023,453668.59146928,2026-05-03 22:34:58,I,03,폐업,2017-01-06 16:19:00,,2015-09-16,,서울특별시 성북구 보문동*가 **번지 *호 *층,PHMG120153070034047000062,3070000,"서울특별시 성북구 지봉로**길 **, *층 (보문동*가)",02871,03,폐업,,,,
와이덱스보청기,2021-12-24,201352.236858086,454581.320332774,2026-05-03 22:34:59,I,03,폐업,2021-12-24 10:35:58,,2015-11-10,,서울특별시 성북구 동소문동*가 ***번지 *호 *층,PHMG120153070034047000073,3070000,"서울특별시 성북구 아리랑로*길 *, *층 (동소문동*가, 동진빌딩)",02830,03,폐업,,,,
은아덴탈,,200841.726990037,454721.505180141,2026-05-03 22:35:35,I,13,영업중,2018-06-12 08:36:59,,2018-06-11,,서울특별시 성북구 돈암동 ***번지 *호 한신한진아파트,PHMG120183070034047000044,3070000,"서울특별시 성북구 성북로*길 **, 상가동 *층 ****호 (돈암동, 한신한진아파트)",02831,01,영업/정상,,,,
이에스몰,2009-06-29,202043.097375902,453093.907933997,2026-05-03 22:33:51,I,03,폐업,2020-12-04 14:58:14,,2008-02-26,,서울특별시 성북구 안암동*가 **-* 청우빌라,PHMG120083070034047000013,3070000,"서울특별시 성북구 안암로*길 **, 청우빌라 ***호 (안암동*가)",02857,03,폐업,,,02-6409-3933,
애크미(ACMESPORTS),2026-04-01,203105.783987568,459820.472338941,2026-05-03 22:36:10,I,03,폐업,2026-04-01 16:23:05,,2025-07-31,,서울특별시 도봉구 창동 ***-**,PHMG120253090033047000028,3090000,"서울특별시 도봉구 덕릉로**자길 **, ***호 (창동)",01466,03,폐업,,,,76
밍고트레이딩컴퍼니,,203669.142410867,461292.646459301,2026-05-03 22:36:09,I,13,영업중,2025-06-02 17:45:02,,2025-06-02,,서울특별시 도봉구 창동 *** 상아*차아파트,PHMG120253090033047000020,3090000,"서울특별시 도봉구 해등로 ***, *동 ****호 (창동, 상아*차아파트)",01402,01,영업/정상,,,,
아가방창동이마트점,2016-12-09,204107.090272108,461072.642448925,2026-05-03 22:34:22,I,24,직권폐업,2016-12-09 17:24:05,,2011-07-01,132-930,서울특별시 도봉구 창*동 ***번지 **호 창동이마트 *층,PHMG120113090033047000027,3090000,"서울특별시 도봉구 노해로**길 *, *층 (창동, 창동이마트)",01405,04,취소/말소/만료/정지/중지,,,,
한빛나노의료기,,203062.77179216,460740.334409881,2026-05-03 22:36:00,I,13,영업중,2025-08-05 13:44:25,,2021-04-09,,서울특별시 도봉구 창동 ***-**,PHMG120233090033047000064,3090000,"서울특별시 도봉구 도봉로***길 *, *층 (창동)",01454,01,영업/정상,,,02-987-0724,
제이앤제이메디컬,2017-04-24,200232.805838173,457297.865876295,2026-05-03 22:35:03,I,03,폐업,2017-04-24 10:09:07,,2016-04-28,,서울특별시 성북구 정릉동 ****번지 *호 상가동  ***동,PHMG120163070034047000021,3070000,"서울특별시 성북구 보국문로**길 **, ***호 (정릉동, 정릉대우아파트 상가동)",02701,03,폐업,,,,
(주)바른플래닛,,202526.00884276,462206.875256968,2026-05-03 22:36:00,I,13,영업중,2025-03-18 18:51:51,,2023-08-28,,서울특별시 도봉구 방학동 ***-*,PHMG120233090033047000055,3090000,"서울특별시 도봉구 방학로 ***, *층 (방학동)",01359,01,영업/정상,,,,
웰빙플러스,2014-02-13,204367.347787613,456732.945005445,2026-05-03 22:34:35,I,03,폐업,2014-02-13 14:55:08,,2013-01-08,136-829,서울특별시 성북구 장위*동 **번지 ****호 코코마트*층,PHMG120133070034047000002,3070000,"서울특별시 성북구 장위로 ***-* (장위동, 코코마트 *층)",,03,폐업,,,,
GS25정릉대우점,2016-09-01,200939.886796965,455953.198277739,2026-05-03 22:34:50,I,03,폐업,2016-09-01 14:47:57,,2014-12-01,136-845,서울특별시 성북구 정릉동 ***번지 **호,PHMG120143070034047000110,3070000,서울특별시 성북구 보국문로 ** (정릉동),02718,03,폐업,,,,
김정문알로에북부지부,,203882.238752491,461149.87315452,2026-05-03 22:33:44,I,13,영업중,2021-08-20 17:31:28,,1999-03-13,,서울특별시 도봉구 창동 ***-* 상아프라자,PHMG119993090033047000001,3090000,"서울특별시 도봉구 노해로**길 **, 상아프라자 ***호 (창동)",01403,01,영업/정상,,,02-999-9331,
루나메디텍,,203318.127254872,456078.982123486,2026-05-03 22:36:27,I,15,전출,2026-01-27 10:52:29,,2023-09-07,,서울특별시 성북구 하월곡동 *** 월곡두산위브아파트,PHMG120233070034047000091,3070000,"서울특별시 성북구 오패산로 **, ***동 ***호 (하월곡동, 월곡두산위브아파트)",02750,05,제외/삭제/전출,,,,
(주)비비바이오,,202959.015709751,455400.037874011,2026-05-03 22:35:48,I,13,영업중,2024-05-21 19:56:23,,2020-09-14,,서울특별시 성북구 종암동 *-****,PHMG120203070034047000052,3070000,"서울특별시 성북구 종암로 ***, *층 ***호 (종암동)",02797,01,영업/정상,,,02-6223-6622,
아가방갤러리,2026-04-21,203790.013568785,462495.417040876,2026-05-03 22:34:22,I,03,폐업,2026-04-22 09:37:20,,2011-07-05,132-854,서울특별시 도봉구 방학*동 ***번지 *호 홈플러스내 *층,PHMG120113090033047000030,3090000,"서울특별시 도봉구 도봉로 ***, *층 (방학동, 홈플러스)",01334,03,폐업,,,,
아르정,2024-07-04,200847.996898075,455716.651965051,2026-05-03 22:36:22,I,03,폐업,2024-07-04 13:16:27,,2023-04-14,,서울특별시 성북구 정릉동 *** 중앙하이츠빌*단지,PHMG120233070034047000041,3070000,"서울특별시 성북구 정릉로**길 *, ***동 ****호 (정릉동, 중앙하이츠빌*단지)",02814,03,폐업,,,,
광성메디맥스,,204247.213401781,461131.830916668,2026-05-03 22:36:04,I,13,영업중,2024-09-09 09:52:48,,2024-09-06,,서울특별시 도봉구 창동 *-* KING 프라자,PHMG120243090033047000044,3090000,"서울특별시 도봉구 마들로**가길 **, KING 프라자 ****호 (창동)",01414,01,영업/정상,,,,
CU 석관그랜드점,2015-12-22,205349.084962355,456144.288106434,2026-05-03 22:34:57,I,03,폐업,2015-12-22 10:51:55,,2015-07-15,136-815,서울특별시 성북구 석관동 ***번지 *호,PHMG120153070034047000053,3070000,서울특별시 성북구 돌곶이로*가길 ** (석관동),02785,03,폐업,,,,
9988노인복지센터,2012-08-16,203125.026118324,462282.319309104,2026-05-03 22:34:08,I,03,폐업,2012-08-16 15:47:22,,2010-09-16,132-851,서울특별시 도봉구 방학*동 ***번지 *호 명주빌딩 *층,PHMG120103090033047000026,3090000,"서울특별시 도봉구 방학로 ***, *층 (방학동)",,03,폐업,,,,
박초코,2026-04-23,203884.085300698,464809.001444881,2026-05-03 22:36:01,I,03,폐업,2026-04-24 09:28:14,,2024-01-19,,서울특별시 도봉구 도봉동 ***-** 삼안리치아파트,PHMG120243090033047000003,3090000,"서울특별시 도봉구 도봉로***길 **, ***호 (도봉동, 삼안리치아파트)",01303,03,폐업,,,,
에스헬스케어,2023-12-05,203358.198833151,454950.33986438,2026-05-03 22:36:18,I,03,폐업,2023-12-05 10:47:41,,2022-11-28,,서울특별시 성북구 종암동 *-**,PHMG120223070034047000236,3070000,서울특별시 성북구 월곡로 **(종암동),02800,03,폐업,,,,
씨유덕성타운점,,201307.131347335,461610.217182264,2026-05-03 22:35:46,I,13,영업중,2022-03-07 15:13:26,,2022-02-15,,서울특별시 도봉구 쌍문동 ***-**,PHMG120223090033047000075,3090000,"서울특별시 도봉구 우이천로**길 *, *층 (쌍문동)",01371,01,영업/정상,,,02-992-0428,
(주)코리아세븐 S보문역점,2016-08-16,201671.71861473,453719.039869879,2026-05-03 22:34:47,I,03,폐업,2016-08-16 16:52:47,,2014-11-07,136-081,"서울특별시 성북구 보문동*가 ***번지 *호 (지하철보문역B*,X*-*)",PHMG120143070034047000079,3070000,"서울특별시 성북구 보문로 지하 *** (보문동*가, 지하철보문역B*,X*-*)",02851,03,폐업,,,,
(주)한영메딕스,,204428.262955437,461255.95371801,2026-05-03 22:34:42,I,15,전출,2016-04-11 13:47:46,,2015-02-25,132-899,서울특별시 도봉구 창동 **번지,PHMG120153090033047000010,3090000,"서울특별시 도봉구 노해로**길 **, *층 (창동, 창동시티월드빌딩)",01415,05,제외/삭제/전출,,,22357052,
유일덴탈,,205156.460149448,456424.333327388,2026-05-03 22:34:47,I,13,영업중,2021-11-22 10:10:29,,2014-11-11,136-818,서울특별시 성북구 석관동 ***번지 *호 *층,PHMG120143070034047000080,3070000,"서울특별시 성북구 돌곶이로**길 **, *층 (석관동)",02784,01,영업/정상,,,,
웰빙홈케어,,201494.411782732,454018.193573792,2026-05-03 22:35:38,I,15,전출,2019-05-01 09:27:59,,2018-10-08,,서울특별시 성북구 삼선동*가 ***번지 윤홍빌딩,PHMG120183070034047000065,3070000,"서울특별시 성북구 보문로 ***, 윤홍빌딩 *층 (삼선동*가)",02848,05,제외/삭제/전출,,,02-926-3435,
나누리,2019-05-20,203877.316994433,462960.615197443,2026-05-03 22:34:51,I,03,폐업,2019-05-20 16:59:49,,2016-06-16,,서울특별시 도봉구 방학동 ***번지 *호,PHMG120163090033047000026,3090000,"서울특별시 도봉구 도봉로***길 **, ***호 (방학동, 북한산현대렉시온오피스텔)",01332,03,폐업,,,,
지패밀리,,201797.487223965,455472.63748811,2026-05-03 22:36:34,I,13,영업중,2025-11-12 09:29:51,,2022-03-14,,서울특별시 성북구 정릉동 **-*,PHMG120243070034047000047,3070000,"서울특별시 성북구 정릉로 ***, ***호 (정릉동)",02817,01,영업/정상,,,,48.79
GS25신창동점,2024-06-25,203376.125761399,459427.061590245,2026-05-03 22:35:50,I,03,폐업,2024-06-25 18:00:42,,2022-07-22,,서울특별시 도봉구 창동 ***-*,PHMG120223090033047000148,3090000,서울특별시 도봉구 우이천로*다길 **(창동),01477,03,폐업,,,02-903-5016,
조인덴탈,,203452.746744122,459686.087708119,2026-05-03 22:36:06,I,13,영업중,2024-11-25 14:42:30,,2022-03-28,,서울특별시 도봉구 창동 ***,PHMG120243090033047000060,3090000,"서울특별시 도봉구 덕릉로**길 **, *층 ***-*호 (창동)",01473,01,영업/정상,,,,
씨유방학시온점,,203118.296213173,462734.266078415,2026-05-03 22:35:44,I,13,영업중,2022-02-14 09:33:28,,2022-02-14,,서울특별시 도봉구 방학동 *** 송학휴스테이,PHMG120223090033047000062,3090000,"서울특별시 도봉구 도당로**길 **, ***동 ***-*,*,*호 (방학동, 송학휴스테이)",01354,01,영업/정상,,,02-3491-3700,
씨유장위루첸점,2017-07-06,204208.431294116,457493.558010308,2026-05-03 22:34:44,I,03,폐업,2017-07-06 18:04:33,,2014-10-31,136-833,서울특별시 성북구 장위동 ***번지 *호,PHMG120143070034047000046,3070000,서울특별시 성북구 장월로**길 ** (장위동),02762,03,폐업,,,,
제이티크,2023-11-02,203451.604434847,458968.625259996,2026-05-03 22:35:49,I,03,폐업,2023-11-02 11:04:07,,2022-07-13,,서울특별시 도봉구 창동 ***-**,PHMG120223090033047000127,3090000,"서울특별시 도봉구 우이천로 ***-*, *층 (창동)",01482,03,폐업,,,,
롯데씨브이에스711(주) 종암점,2022-10-17,202959.015709751,455400.037874011,2026-05-03 22:36:14,I,03,폐업,2022-10-17 13:37:48,,2022-06-20,,,PHMG120223070034047000151,3070000,"서울특별시 성북구 종암로 ***, *층 ***호 (종암동)",02797,03,폐업,,,,
영호홈모비스,2016-08-05,204410.063535981,464598.721765819,2026-05-03 22:33:48,I,03,폐업,2016-08-05 09:39:27,,2005-09-02,132-012,서울특별시 도봉구 도봉*동 ***번지   B**호,PHMG120053090033047000005,3090000,"서울특별시 도봉구 도봉로***나길 **, B**호 (도봉동)",01319,03,폐업,,,,
주식회사 제일케어,,205571.637258053,456397.708208634,2026-05-03 22:34:57,I,13,영업중,2021-03-24 14:11:18,,2015-07-15,,서울특별시 성북구 석관동 ***-**,PHMG120153070034047000052,3070000,"서울특별시 성북구 한천로 ***, *, *층 (석관동)",02782,01,영업/정상,,,62320073,
가전마트,2023-07-07,203527.333073421,462743.312341442,2026-05-03 22:35:28,I,03,폐업,2023-07-07 16:14:56,,2021-04-20,,서울특별시 도봉구 방학동 ***-**,PHMG120213090033047000020,3090000,"서울특별시 도봉구 도당로 ***, *층 (방학동)",01339,03,폐업,,,,
카스월드,,202619.660325515,462516.760949148,2026-05-03 22:34:13,I,13,영업중,2021-01-22 14:32:26,,2010-07-22,,서울특별시 도봉구 방학동 ***-*,PHMG120103090033047000044,3090000,서울특별시 도봉구 시루봉로**길 *-* (방학동),01359,01,영업/정상,,,02-2296-9672,
비겐의료기 미아지점,2025-08-08,203860.627285111,455854.740410703,2026-05-03 22:35:48,I,03,폐업,2025-08-08 17:25:52,,2012-01-02,,서울특별시 성북구 하월곡동 **-*,PHMG120203070034047000044,3070000,"서울특별시 성북구 화랑로 ***-**, *층 (하월곡동)",02752,03,폐업,,,02-980-7758,
혜당메디칼 창동지점,2014-10-07,203463.231373928,461610.580496224,2026-05-03 22:34:19,I,03,폐업,2014-12-15 14:05:46,,2011-04-13,132-904,서울특별시 도봉구 창*동 ***번지 **호 *층,PHMG120113090033047000012,3090000,"서울특별시 도봉구 도봉로 ***, *층 (창동)",,03,폐업,,,,
클럽밸런스5 창동점,2016-12-09,204011.919617341,461194.791887383,2026-05-03 22:34:45,I,24,직권폐업,2016-12-09 17:25:32,,2015-08-17,,,PHMG120153090033047000050,3090000,"서울특별시 도봉구 노해로**길 **, ***호 (창동, 우림빌딩)",01399,04,취소/말소/만료/정지/중지,,,02-990-8999,
네오웰빙 10분 운동샾,2019-08-13,201386.986296084,455566.25305047,2026-05-03 22:34:40,I,24,직권폐업,2019-08-14 14:11:58,,2014-01-28,136-844,서울특별시 성북구 정릉동 ***번지 *호,PHMG120143070034047000005,3070000,서울특별시 성북구 정릉로**길 ** (정릉동),02815,04,취소/말소/만료/정지/중지,,,070-8291-6439,
지우메디케어,2021-12-27,203002.648134708,455494.839200286,2026-05-03 22:34:59,I,03,폐업,2022-01-03 13:49:44,,2015-11-06,,서울특별시 성북구 종암동 ***번지 종암*차 에스케이뷰 근린생활시설 *층 ***호,PHMG120153070034047000072,3070000,"서울특별시 성북구 종암로**길 **, *층 ***호 (종암동, 종암*차SK뷰아파트 근린생활시설)",02798,03,폐업,,,,
나은의료기,,203319.551117001,455870.940940499,2026-05-03 22:35:58,I,15,전출,2022-02-09 17:27:06,,2017-03-20,,서울특별시 성북구 하월곡동 **-* 영광프라자,PHMG120213070034047000078,3070000,"서울특별시 성북구 오패산로**길 **, 영광프라자 ***-*호 (하월곡동)",02751,05,제외/삭제/전출,,,,85.35
트라비스,2008-01-14,201541.330084207,453465.295636621,2026-05-03 22:33:50,I,03,폐업,2020-12-04 15:44:50,,2008-01-04,,서울특별시 성북구 보문동*가 **,PHMG120083070034047000001,3070000,"서울특별시 성북구 보문로**길 **, *층 (보문동*가)",02872,03,폐업,,,,
주식회사 청우케이테크,2015-03-09,201664.84226052,453454.226068463,2026-05-03 22:34:29,I,03,폐업,2015-03-09 12:00:10,,2012-03-23,136-085,서울특별시 성북구 보문동*가 **번지 청우빌딩 지하,PHMG120123070034047000013,3070000,"서울특별시 성북구 지봉로**길 ** (보문동*가, 청우빌딩 지하)",,03,폐업,,,,
씨유 방학신동아점,2015-11-06,202073.67151234,462001.588237314,2026-05-03 22:34:39,I,03,폐업,2015-11-06 16:56:12,,2014-10-30,,,PHMG120143090033047000052,3090000,서울특별시 도봉구 방학로**길 ** (방학동),01362,03,폐업,,,,
씨엔케이엠주식회사,,203335.114770669,462222.676392382,2026-05-03 22:35:01,I,15,전출,2024-06-20 16:39:01,,2018-09-11,,서울특별시 도봉구 방학동 ***-** 송이주택,PHMG120183090033047000022,3090000,"서울특별시 도봉구 방학로*길 *-**, ***호 (방학동, 송이주택)",01390,05,제외/삭제/전출,,,,
메디플러스서울,2020-11-27,203798.644392325,464615.832643159,2026-05-03 22:34:13,I,03,폐업,2020-11-27 16:51:36,,2010-08-09,,서울특별시 도봉구 도봉동 ***번지 *호,PHMG120103090033047000043,3090000,"서울특별시 도봉구 도봉로***길 **-*, *층 (도봉동)",01304,03,폐업,,,02-954-9111,
엔젤홈케어 성북지사,,201247.48361342,454196.373013508,2026-05-03 22:34:27,I,13,영업중,2021-12-15 09:15:43,,2011-10-28,136-044,서울특별시 성북구 삼선동*가 ***번지 *층,PHMG120113070034047000059,3070000,서울특별시 성북구 보문로 ***-* (삼선동*가),02861,01,영업/정상,,,02-922-7366,
조은메디칼,,202791.379926876,462718.880053994,2026-05-03 22:33:49,I,13,영업중,2011-11-15 14:39:04,,2006-02-22,132-839,서울특별시 도봉구 방학*동 ***번지 **호 *층,PHMG120063090033047000005,3090000,"서울특별시 도봉구 시루봉로 ***, *층 (방학동)",01315,01,영업/정상,,,34934975,
노블레스웰빙,2017-12-13,201133.498303104,454441.740198059,2026-05-03 22:35:19,I,03,폐업,2017-12-13 15:31:05,,2017-03-21,,서울특별시 성북구 동소문동*가 *번지 *호,PHMG120173070034047000024,3070000,"서울특별시 성북구 동소문로 **, *층 (동소문동*가)",02830,03,폐업,,,02-979-0960,
신영사,2013-06-24,,,2026-05-03 22:33:44,I,03,폐업,2013-06-24 15:09:57,,2005-10-27,136-140,서울특별시 성북구 장위동 ***-**,PHMG120053070034047000014,3070000,,,03,폐업,,,02-912-3666,
국민의료기,2013-05-13,202588.149929405,455686.400378092,2026-05-03 22:34:31,I,03,폐업,2013-05-13 16:55:52,,2012-05-07,136-788,서울특별시 성북구 종암동 ***번지 *호 현대아이파크아파트 상가 B**호,PHMG120123070034047000026,3070000,서울특별시 성북구  종암로**길  *** (종암동),,03,폐업,,,,
씨유방학역점,2016-12-29,203799.516406277,462989.465734946,2026-05-03 22:34:40,I,03,폐업,2016-12-29 15:26:08,,2014-11-20,132-854,서울특별시 도봉구 방학동 ***번지 *호,PHMG120143090033047000071,3090000,"서울특별시 도봉구 도봉로 ***, *층 (방학동)",01333,03,폐업,,,,
서광메디칼,2011-01-12,205112.840566591,456009.558088459,2026-05-03 22:33:59,I,03,폐업,2011-01-12 11:06:12,,2011-01-12,136-819,서울특별시 성북구 석관동 ***번지 ***호,PHMG120093070034047000028,3070000,서울특별시 성북구 화랑로**길 *** (석관동),,03,폐업,,,02-966-6319,
동원상사,2016-12-31,203828.869665866,455788.826855578,2026-05-03 22:35:07,I,03,폐업,2017-01-11 11:36:57,,2016-06-09,,서울특별시 성북구 하월곡동 **번지 **호,PHMG120163070034047000031,3070000,서울특별시 성북구 화랑로 *** (하월곡동),02752,03,폐업,,,,
세창메디텍,2010-01-19,202189.350011644,453134.35445784,2026-05-03 22:33:35,I,03,폐업,2020-11-30 17:01:04,,1997-04-01,,서울특별시 성북구 안암동*가 **-* 경호빌딩,PHMG119973070034047000002,3070000,"서울특별시 성북구 안암로 **-*, 경호빌딩 (안암동*가)",02857,03,폐업,,,02-999-0561,
김정문알로에가족사랑,,202998.896551621,461818.506049631,2026-05-03 22:34:21,I,13,영업중,2013-09-23 10:06:59,,2011-05-23,132-858,서울특별시 도봉구 쌍문*동 **번지 벽산송화프라자 ***호,PHMG120113090033047000021,3090000,"서울특별시 도봉구 도당로 *, ***호 (쌍문동)",01385,01,영업/정상,,,,
해누리,2010-01-14,202029.981799661,455605.716911266,2026-05-03 22:34:01,I,03,폐업,2010-01-15 10:03:04,,2009-07-31,136-110,서울특별시 성북구 길음동 ****번지 삼부아파트 상가***동 지하**~**호,PHMG120093070034047000040,3070000,"서울특별시 성북구 동소문로 *** (길음동,삼부아파트 상가***동 지하**~**호)",,03,폐업,,,,
리비음,2025-04-29,203848.772422951,464092.187505065,2026-05-03 22:36:08,I,03,폐업,2025-04-29 17:05:28,,2025-02-27,,서울특별시 도봉구 도봉동 *** 럭키아파트,PHMG120253090033047000012,3090000,"서울특별시 도봉구 도봉로***길 **, ***동 ***-*호 (도봉동, 럭키아파트)",01306,03,폐업,,,,10
(주)리빈헬스케어,,205506.506217142,456481.160815676,2026-05-03 22:36:37,I,13,영업중,2025-07-02 16:53:21,,2025-07-01,,서울특별시 성북구 석관동 ***-*,PHMG120253070034047000036,3070000,"서울특별시 성북구 한천로 ***, ***호 (석관동)",02782,01,영업/정상,,,,
(주)아이씨티바이오메디,2019-01-11,203272.180290089,455715.944013488,2026-05-03 22:34:56,I,03,폐업,2019-01-11 10:51:22,,2015-06-18,,"서울특별시 성북구 하월곡동 **번지 *호 *층, 지층",PHMG120153070034047000044,3070000,"서울특별시 성북구 오패산로 *-** (하월곡동, 한사랑빌딩)",02751,03,폐업,,,02-941-0692,
CU 국민대점,,199853.320628949,456215.647392692,2026-05-03 22:36:06,I,13,영업중,2024-06-19 10:40:05,,2022-02-10,,서울특별시 성북구 정릉동 ***-*,PHMG120223070034047000054,3070000,"서울특별시 성북구 정릉로*길 **, 가동 *층 *호 (정릉동)",02812,01,영업/정상,,,02-942-8055,
유진과학,,202073.752572838,456449.070674026,2026-05-03 22:36:17,I,13,영업중,2022-08-25 09:28:55,,2022-08-25,,서울특별시 성북구 길음동 **** 길음동동부센트레빌아파트,PHMG120223070034047000210,3070000,"서울특별시 성북구 숭인로*길 **, ***동 ***호 (길음동, 길음동동부센트레빌아파트)",02726,01,영업/정상,,,,
원메디케어,2015-12-17,203432.478623125,460151.321066259,2026-05-03 22:34:24,I,24,직권폐업,2015-12-17 16:40:28,,2011-08-11,132-919,"서울특별시 도봉구 창*동 ***번지 **호 *층, 좌측",PHMG120113090033047000039,3090000,"서울특별시 도봉구 덕릉로**가길 **, *층 (창동)",01463,04,취소/말소/만료/정지/중지,,,,
휴먼S보청기,,204569.769384803,460720.689890064,2026-05-03 22:35:38,I,13,영업중,2021-11-15 17:45:22,,2018-02-01,,서울특별시 도봉구 창동 **-*,PHMG120213090033047000075,3090000,"서울특별시 도봉구 노해로**길 **, *층 ***호 (창동)",01418,01,영업/정상,,,02-900-2660,
행복나눔의료기,2017-09-20,203046.605642133,460969.624366781,2026-05-03 22:34:26,I,24,직권폐업,2017-09-20 16:19:49,,2011-12-22,132-866,서울특별시 도봉구 쌍문*동 **번지 *호 *층,PHMG120113090033047000058,3090000,"서울특별시 도봉구 노해로 ***, *층 (쌍문동)",01442,04,취소/말소/만료/정지/중지,,,,
(주)연코리아,,203334.767507709,461499.945330147,2026-05-03 22:34:23,I,13,영업중,2018-05-24 15:56:18,,2011-08-01,,서울특별시 도봉구 쌍문동 ***번지 예일빌딩 B**호,PHMG120113090033047000038,3090000,"서울특별시 도봉구 도봉로 ***, 예일빌딩 지층 **호 (쌍문동)",01432,01,영업/정상,,,,
(주)베스트밸류,,203318.127254872,456078.982123486,2026-05-03 22:35:13,I,15,전출,2017-08-24 08:34:44,,2017-04-04,,서울특별시 성북구 하월곡동 ***번지 월곡두산위브아파트 상가 ***호,PHMG120163070034047000063,3070000,"서울특별시 성북구 오패산로 **, ***호 (하월곡동, 월곡두산위브아파트)",02750,05,제외/삭제/전출,,,02-1833-6189,
희성메디칼,2023-02-20,201901.819603853,453011.064075313,2026-05-03 22:35:44,I,24,직권폐업,2023-02-21 13:28:08,,2009-03-26,,서울특별시 성북구 보문동*가 ***번지,PHMG120203070034047000002,3070000,"서울특별시 성북구 보문로 **-*, *층 (보문동*가)",02873,04,취소/말소/만료/정지/중지,,,02-543-9079,
지에스25쌍문선덕점,,202422.313606872,461665.385672458,2026-05-03 22:35:50,I,13,영업중,2022-08-02 18:03:14,,2022-08-02,,"서울특별시 도봉구 쌍문동 *** 에벤에셀아파트 *층 ***, ***호",PHMG120223090033047000155,3090000,"서울특별시 도봉구 해등로 ***, *층 ***,***호 (쌍문동, 에벤에셀아파트)",01429,01,영업/정상,,,,
성북푸른보청기,,203062.043492091,456525.835933861,2026-05-03 22:36:28,I,13,영업중,2023-10-12 11:35:36,,2023-10-12,,서울특별시 성북구 하월곡동 **-****,PHMG120233070034047000096,3070000,"서울특별시 성북구 오패산로 ***, *층 (하월곡동)",02741,01,영업/정상,,,,
메디컬리스트,2019-01-17,202791.330816187,462849.887383231,2026-05-03 22:34:37,I,03,폐업,2019-02-01 14:23:18,,2014-07-01,132-839,서울특별시 도봉구 방학동 ***번지 *호,PHMG120143090033047000026,3090000,서울특별시 도봉구 시루봉로**길 ** (방학동),01315,03,폐업,,,,
골드쉘 성북점,,202561.482315921,456346.62710049,2026-05-03 22:36:36,I,13,영업중,2024-12-02 09:25:23,,2024-11-29,,서울특별시 성북구 길음동 ***-** 장안빌딩,PHMG120243070034047000075,3070000,"서울특별시 성북구 도봉로 *, 장안빌딩 *층 (길음동)",02729,01,영업/정상,,,,
세븐일레븐 길음뉴타운점,2025-07-04,201964.531844396,455825.760930114,2026-05-03 22:36:11,I,03,폐업,2025-07-09 09:06:58,,2022-03-11,,"서울특별시 성북구 길음동 ****-* 길음뉴타운,래미안길음*차아파트 상가",PHMG120223070034047000094,3070000,"서울특별시 성북구 길음로 **, 길음뉴타운,래미안길음*차아파트 상가 ***호 (길음동)",02725,03,폐업,,,,
웰인터내셔날,2014-12-22,203964.099772835,464779.326449954,2026-05-03 22:34:28,I,03,폐업,2014-12-22 14:26:29,,2012-11-01,132-813,서울특별시 도봉구 도봉*동 ***번지 **호   ***호,PHMG120123090033047000025,3090000,"서울특별시 도봉구 도봉로 ***, ***호 (도봉동)",,03,폐업,,,,
메디텍,2009-04-08,202503.419001835,455888.460591705,2026-05-03 22:33:45,I,03,폐업,2020-12-08 14:45:52,,2005-12-16,,서울특별시 성북구 하월곡동 **-***,PHMG120053070034047000018,3070000,서울특별시 성북구 동소문로**나길 ** (하월곡동),02734,03,폐업,,,02-992-2382,
블루무드,2025-11-24,204199.156989282,464552.486156478,2026-05-03 22:36:04,I,03,폐업,2025-11-24 19:00:57,,2024-09-10,,서울특별시 도봉구 도봉동 ** 힐스테이트 도봉역 웰가,PHMG120243090033047000045,3090000,"서울특별시 도봉구 도봉로***나길 **, ***동 ****호 (도봉동, 힐스테이트 도봉역 웰가)",01319,03,폐업,,,,
하나방역,,203855.854658639,455731.761935479,2026-05-03 22:35:53,I,15,전출,2022-11-02 10:25:57,,2021-04-08,,서울특별시 성북구 하월곡동 **-* 대운빌딩,PHMG120213070034047000022,3070000,"서울특별시 성북구 화랑로 ***, 대운빌딩 *층 (하월곡동)",02793,05,제외/삭제/전출,,,1566-6758,
(주)리앤씨,,204440.65682805,456126.739292132,2026-05-03 22:34:37,I,13,영업중,2020-03-09 15:20:10,,2013-03-12,,서울특별시 성북구 석관동 ***번지 **호 수정빌딩,PHMG120133070034047000016,3070000,"서울특별시 성북구 화랑로 ***, 수정빌딩 *층 (석관동)",02791,01,영업/정상,,,02-3445-9870,
지에스25 S6돌곶이역점,2024-01-31,204976.294641203,456476.352611698,2026-05-03 22:36:10,I,03,폐업,2024-01-31 09:27:52,,2022-03-02,,서울특별시 성북구 석관동 ***-* 돌곶이역,PHMG120223070034047000083,3070000,"서울특별시 성북구 화랑로 지하***, 돌곶이역 역사 내 (석관동)",02772,03,폐업,,,02-927-2420,
(주)티비엔,,202082.405369434,453768.290861668,2026-05-03 22:35:19,I,13,영업중,2020-04-29 16:15:57,,2017-04-06,,서울특별시 성북구 안암동*가 ***번지 *호,PHMG120173070034047000028,3070000,"서울특별시 성북구 고려대로 **, B***호 (안암동*가)",02853,01,영업/정상,,,02-6368-7050,
코알라패밀리,2025-04-08,203824.839527306,457031.936185568,2026-05-03 22:36:32,I,03,폐업,2025-11-24 16:44:20,,2024-02-27,,서울특별시 성북구 장위동 ***-**,PHMG120243070034047000016,3070000,서울특별시 성북구 장위로**길 **-** (장위동),02755,03,폐업,,,,
참메디,2024-02-14,204449.408536018,457267.807955881,2026-05-03 22:34:52,I,03,폐업,2024-02-14 16:00:22,,2015-03-05,,서울특별시 성북구 장위동 ***번지 *호,PHMG120153070034047000020,3070000,"서울특별시 성북구 장월로 ***, *층 (장위동)",02766,03,폐업,,,02-941-7512,
GS25 성북용문점,,201852.319417141,453917.325181459,2026-05-03 22:34:50,I,13,영업중,2021-12-14 16:44:42,,2014-11-10,136-071,서울특별시 성북구 안암동*가 ***번지 *층,PHMG120143070034047000107,3070000,"서울특별시 성북구 보문로**길 **-*, *층 (안암동*가)",02850,01,영업/정상,,,,
(주)비지에프리테일 월곡솔하임점,2015-06-30,202576.196136113,456059.769188359,2026-05-03 22:34:47,I,03,폐업,2015-06-30 17:34:06,,2014-11-14,136-130,서울특별시 성북구 하월곡동 **번지 ***호,PHMG120143070034047000086,3070000,서울특별시 성북구 동소문로**길 ** (하월곡동),,03,폐업,,,,
포낙보청기성신여대점,,201318.326219964,454439.12809431,2026-05-03 22:36:36,I,13,영업중,2025-05-27 15:08:16,,2025-01-13,,서울특별시 성북구 동소문동*가 **,PHMG120253070034047000004,3070000,"서울특별시 성북구 동소문로 **, *층 (동소문동*가)",02846,01,영업/정상,,,02-3395-9450,
웰빙라이프,2017-01-12,202937.247114112,460489.078427863,2026-05-03 22:34:47,I,03,폐업,2017-01-12 14:18:35,,2015-04-30,,서울특별시 도봉구 창동 ***번지 **호 *층,PHMG120153090033047000074,3090000,"서울특별시 도봉구 도봉로 ***, *층 (창동)",01455,03,폐업,,,02-904-3431,
미건의료기 성북지점,2016-08-24,200681.673171784,453992.65648586,2026-05-03 22:34:40,I,24,직권폐업,2016-08-24 15:55:54,,2014-02-17,136-032,서울특별시 성북구 동소문동*가 ***번지,PHMG120143070034047000008,3070000,서울특별시 성북구 동소문로*길 ** (동소문동*가),02860,04,취소/말소/만료/정지/중지,,,,
만듦팩토리,,202917.884537978,461515.316767495,2026-05-03 22:35:02,I,13,영업중,2018-12-05 08:55:48,,2018-11-30,,"서울특별시 도봉구 쌍문동 ***번지 한양*차아파트, *층 상가동 ***호",PHMG120183090033047000035,3090000,"서울특별시 도봉구 해등로**길 **, 상가동 *층 ***호 (쌍문동, 한양*차아파트)",01433,01,영업/정상,,,,
롯데하이마트(주) 종암점,2024-09-25,202946.580139457,455348.550973382,2026-05-03 22:33:55,I,03,폐업,2024-09-26 10:15:45,,2008-12-12,136-858,서울특별시 성북구 종암동 *번지 ***호,PHMG120083070034047000051,3070000,서울특별시 성북구 종암로 *** (종암동),02797,03,폐업,,,,
액티브마마,2012-05-25,201573.224460566,454679.268639364,2026-05-03 22:34:02,I,03,폐업,2012-06-01 11:33:31,,2009-09-14,136-054,서울특별시 성북구 동선동*가 ***번지 *층,PHMG120093070034047000046,3070000,"서울특별시 성북구 동소문로 ***-* (동선동*가,*층)",,03,폐업,,,32914565,
핑크에이지,2009-12-04,201946.618120758,453015.549614643,2026-05-03 22:34:02,I,03,폐업,2009-12-04 17:34:03,,2009-09-08,136-087,서울특별시 성북구 보문동*가 ***번지 *호 ***호,PHMG120093070034047000045,3070000,"서울특별시 성북구 보문로 ** (보문동*가,***호)",,03,폐업,,,1599-7247,
하주메디칼,,202972.369406343,455718.523532686,2026-05-03 22:35:16,I,13,영업중,2021-12-14 14:35:42,,2017-01-17,,서울특별시 성북구 하월곡동 **번지 ****호 지하,PHMG120173070034047000003,3070000,"서울특별시 성북구 오패산로*길 **-* (하월곡동, 지하)",02740,01,영업/정상,,,02-917-2009,
빛과돌 코리아레이져메디칼,2009-06-12,202029.981799661,455605.716911266,2026-05-03 22:33:54,I,03,폐업,2020-12-02 16:26:22,,2008-10-20,,서울특별시 성북구 길음동 **** 삼부아파트,PHMG120083070034047000041,3070000,"서울특별시 성북구 동소문로 ***, ***동 지하 **~**호 (길음동, 삼부아파트)",02735,03,폐업,,,02-983-7553,
지에스25 S6 돌곶이역점,,204976.294641203,456476.352611698,2026-05-03 22:36:34,I,13,영업중,2024-07-05 17:25:25,,2024-07-05,,서울특별시 성북구 석관동 ***-* 돌곶이역 ***호,PHMG120243070034047000045,3070000,"서울특별시 성북구 화랑로 지하***, 돌곶이역 B*층 ***호 (석관동)",02772,01,영업/정상,,,,
국민메디칼,,202729.389012378,455618.757742639,2026-05-03 22:35:12,I,15,전출,2019-10-04 17:06:18,,2016-11-10,,서울특별시 성북구 종암동 *번지 ***호 *층,PHMG120163070034047000061,3070000,"서울특별시 성북구 종암로**길 **, 지하층 (종암동)",02802,05,제외/삭제/전출,,,02-942-3028,
GS25쌍문본점,2017-07-17,202507.51187822,460549.885949166,2026-05-03 22:34:43,I,03,폐업,2017-07-17 18:00:01,,2015-04-14,132-952,서울특별시 도봉구 쌍문동 ***번지,PHMG120153090033047000023,3090000,"서울특별시 도봉구 도봉로***길 **, *층 (쌍문동, 브라운스톤상가동)",01446,03,폐업,,,,
세븐일레븐 도봉도당점,,202998.730735591,462656.950569475,2026-05-03 22:35:57,I,13,영업중,2024-02-22 17:38:19,,2023-04-27,,서울특별시 도봉구 방학동 ***-* *층,PHMG120233090033047000027,3090000,"서울특별시 도봉구 도당로**길 **, *층 (방학동)",01355,01,영업/정상,,,,
온택트웨이,2024-12-19,200596.765887185,456695.816501983,2026-05-03 22:36:23,I,03,폐업,2024-12-19 16:58:37,,2023-06-05,,서울특별시 성북구 정릉동 ***-*,PHMG120233070034047000054,3070000,"서울특별시 성북구 보국문로 **, *층 ***호 (정릉동)",02709,03,폐업,,,,
세기스템셀,,204746.21261151,456616.565104138,2026-05-03 22:35:59,I,15,전출,2021-10-12 09:31:51,,2021-06-30,,서울특별시 성북구 장위동 **-* 청마빌딩,PHMG120213070034047000087,3070000,"서울특별시 성북구 화랑로**길 **, 청마빌딩 *층 **호 (장위동)",02771,05,제외/삭제/전출,,,,
(주)코리아세븐 뉴월곡타운점,,203399.52653232,455759.810484592,2026-05-03 22:35:54,I,13,영업중,2024-04-09 13:25:09,,2024-01-30,,서울특별시 성북구 하월곡동 **-***,PHMG120213070034047000034,3070000,"서울특별시 성북구 화랑로*길 **, *층 (하월곡동)",02751,01,영업/정상,,,,
주식회사 티아이엠코리안,2023-07-13,202251.559110068,453197.354906509,2026-05-03 22:36:11,I,03,폐업,2023-07-13 11:03:25,,2022-03-14,,서울특별시 성북구 안암동*가 ***-**,PHMG120223070034047000095,3070000,서울특별시 성북구 안암로*가길 **(안암동*가),02857,03,폐업,,,,
피에스유통,,204006.859775923,462364.588628395,2026-05-03 22:34:37,I,15,전출,2017-08-02 15:22:57,,2014-07-03,,,PHMG120143090033047000027,3090000,서울특별시 도봉구 마들로 *** (방학동),01335,05,제외/삭제/전출,,,,
에스바이에스,,186317.207037672,451462.350090067,2026-05-03 22:32:10,I,15,전출,2020-08-09 20:43:00,,2019-04-02,,서울특별시 강서구 가양동 **-* 더리브골드타워,PHMG120193550020047000012,3550000,"서울특별시 강서구 양천로 ***-**, 더리브골드타워 ***호 (가양동)",07573,05,제외/삭제/전출,,,,50
루자드춘천옥,2017-06-07,203848.772422951,464092.187505065,2026-05-03 22:34:51,I,03,폐업,2017-06-07 15:34:29,,2016-05-09,,서울특별시 도봉구 도봉동 ***번지 럭키상가 ***호,PHMG120163090033047000018,3090000,"서울특별시 도봉구 도봉로 ***, ***호 (도봉동, 럭키상가)",01306,03,폐업,,,02-3391-9888,
해피도봉 총판,2014-12-12,203491.522248351,459613.739499841,2026-05-03 22:34:33,I,03,폐업,2014-12-15 14:00:51,,2013-10-04,132-042,서울특별시 도봉구 창*동 ***번지 *호,PHMG120133090033047000038,3090000,서울특별시 도봉구 덕릉로**길 ** (창동),,03,폐업,,,,25
㈜코리아세븐 S월곡역점,2016-08-16,203587.685485867,455492.6002013,2026-05-03 22:34:45,I,03,폐업,2016-08-16 16:53:03,,2014-10-31,136-130,서울특별시 성북구 하월곡동 **번지 *호 B*X*-*,PHMG120143070034047000057,3070000,"서울특별시 성북구 월곡로 지하 *** (하월곡동,  B*X*-*(지하철역사))",02799,03,폐업,,,,
세븐일레븐 도봉쌍문점,2024-10-04,202943.747074384,460414.868535121,2026-05-03 22:35:53,I,03,폐업,2024-10-04 17:44:36,,2022-11-07,,서울특별시 도봉구 창동 ***-* *층,PHMG120223090033047000177,3090000,"서울특별시 도봉구 도봉로***길 **, *층 (창동)",01459,03,폐업,,,,
성우메디칼,,204136.58447783,463573.102150294,2026-05-03 22:34:55,I,13,영업중,2017-01-05 17:03:30,,2017-01-05,,서울특별시 도봉구 도봉동 ***번지 ***호,PHMG120173090033047000002,3090000,"서울특별시 도봉구 마들로 ***, ***호 (도봉동, 도봉한양수자인)",01325,01,영업/정상,,,,
(주)이에스메디텍,,202998.896551621,461818.506049631,2026-05-03 22:34:45,I,13,영업중,2015-11-12 16:32:56,,2015-08-28,,,PHMG120153090033047000052,3090000,"서울특별시 도봉구 도당로 *, ***호 (쌍문동)",01385,01,영업/정상,,,02-951-3615,
미니스톱방학2점,2022-10-05,202653.503557362,462213.262909095,2026-05-03 22:35:46,I,03,폐업,2022-10-05 16:03:38,,2022-03-03,,서울특별시 도봉구 방학동 ***-*,PHMG120223090033047000081,3090000,"서울특별시 도봉구 방학로 ***, *층 (방학동)",01359,03,폐업,,,,
보다나음,,205317.200417025,456037.76401807,2026-05-03 22:36:30,I,13,영업중,2023-12-04 10:34:34,,2023-11-29,,서울특별시 성북구 석관동 ***-*** 씨티홈,PHMG120233070034047000109,3070000,"서울특별시 성북구 돌곶이로 **, *층층 ***호 (석관동, 씨티홈)",02788,01,영업/정상,,,,
새롬트레이딩,,203877.316994433,462960.615197443,2026-05-03 22:34:52,I,13,영업중,2016-08-09 14:05:18,,2016-08-05,,서울특별시 도봉구 방학동 ***번지 *호 ****호,PHMG120163090033047000037,3090000,"서울특별시 도봉구 도봉로***길 **, **층 ****호 (방학동, 북한산현대렉시온오피스텔)",01332,01,영업/정상,,,070-7720-5778,
(주)메디트,2022-08-08,202491.173116406,453672.482873097,2026-05-03 22:35:17,I,03,폐업,2022-08-09 10:38:54,,2017-02-06,,서울특별시 성북구 안암동*가 ***번지 **호 세림빌딩,PHMG120173070034047000013,3070000,"서울특별시 성북구 고려대로**길 **, 세림빌딩 (안암동*가)",02855,03,폐업,,,02-2193-9600,
주식회사저스트피플,,202917.884537978,461515.316767495,2026-05-03 22:35:16,I,13,영업중,2021-12-31 14:05:55,,2019-11-19,,서울특별시 도봉구 쌍문동 *** 한양*차아파트,PHMG120193090033047000046,3090000,"서울특별시 도봉구 해등로**길 **, 상가동 ***호 (쌍문동, 한양*차아파트)",01433,01,영업/정상,,,02-971-3094,
M&J,2012-06-22,203583.54886256,455602.025691467,2026-05-03 22:34:14,I,03,폐업,2012-06-25 08:58:17,,2010-11-02,136-865,서울특별시 성북구 월곡*동 **번지 ***호 *층,PHMG120103070034047000040,3070000,"서울특별시 성북구 화랑로**길 * (하월곡동,*층)",,03,폐업,,,02-6083-3005,
핸님몰,,203694.360372726,463694.609274896,2026-05-03 22:36:07,I,13,영업중,2025-02-19 13:39:36,,2025-02-19,,서울특별시 도봉구 도봉동 ***-**,PHMG120253090033047000010,3090000,서울특별시 도봉구 시루봉로**다길 **-* (도봉동),01308,01,영업/정상,,,,37.72
시성,,201654.075871688,453593.837775363,2026-05-03 22:34:23,I,15,전출,2025-04-29 17:55:33,,2011-04-14,,서울특별시 성북구 보문동*가 ***번지,PHMG120113070034047000022,3070000,"서울특별시 성북구 보문로 ***, *층 (보문동*가)",02872,05,제외/삭제/전출,,,,
퓨쳐메디칼트레이딩,2009-12-31,200820.261137542,454256.676715286,2026-05-03 22:33:49,I,03,폐업,2020-12-08 13:14:34,,2007-10-17,,서울특별시 성북구 동소문동*가 ** 흥화브라운 동소문빌딩,PHMG120073070034047000016,3070000,"서울특별시 성북구 동소문로 **, 흥화브라운 동소문빌딩 *층 ***호 (동소문동*가)",02832,03,폐업,,,,
(주)코리아세븐 성북돈암초교점,2019-10-23,201163.069673855,454507.714548084,2026-05-03 22:34:58,I,03,폐업,2019-10-23 10:36:44,,2015-08-10,,서울특별시 성북구 동소문동*가 **번지 *호 지층,PHMG120153070034047000056,3070000,"서울특별시 성북구 동소문로**길 **, 지층 (동소문동*가)",02830,03,폐업,,,02-921-3463,
한빛나노의료기 장위점,2009-03-06,204451.486806254,456775.551575983,2026-05-03 22:33:50,I,03,폐업,2020-12-04 15:38:42,,2008-02-18,,서울특별시 성북구 장위동 ***-***,PHMG120083070034047000010,3070000,"서울특별시 성북구 장위로**길 *-**, *층 (장위동)",02770,03,폐업,,,,
트웰브먼스,2023-04-27,202694.452137399,461628.997404004,2026-05-03 22:35:23,I,03,폐업,2023-05-08 11:54:54,,2021-02-02,,서울특별시 도봉구 쌍문동 ** 한양*차아파트,PHMG120213090033047000006,3090000,"서울특별시 도봉구 해등로 ***, *동 ***호 (쌍문동, 한양*차아파트)",01430,03,폐업,,,,
태양메디칼,2012-08-21,205233.815277053,456930.952483576,2026-05-03 22:34:09,I,24,직권폐업,2017-03-28 16:32:06,,2010-06-18,136-826,서울특별시 성북구 장위*동 *번지 **호 (*층),PHMG120103070034047000024,3070000,"서울특별시 성북구 한천로**길 ** (장위동,(*층))",,04,취소/말소/만료/정지/중지,,,,
헬스트론 성북지점,2021-05-31,201577.633500018,454607.521482212,2026-05-03 22:35:37,I,03,폐업,2021-05-31 15:06:27,,2018-10-01,,서울특별시 성북구 동선동*가 ***번지 **호,PHMG120183070034047000064,3070000,"서울특별시 성북구 동소문로 ***, *층 (동선동*가)",02845,03,폐업,,,,
몽스컴퍼니,,204031.968329866,461333.59735433,2026-05-03 22:35:19,I,13,영업중,2020-05-20 08:54:01,,2020-05-19,,서울특별시 도봉구 창동 ***번지 동아그린아파트 ***동 ****호,PHMG120203090033047000017,3090000,"서울특별시 도봉구 노해로**다길 **, ***동 ****호 (창동, 동아그린아파트)",01399,01,영업/정상,,,,
한미미업교육상담,2017-06-30,201462.03492479,454370.769911895,2026-05-03 22:34:58,I,03,폐업,2017-06-30 17:25:19,,2015-09-22,,서울특별시 성북구 동선동*가 *번지 *호 *층,PHMG120153070034047000065,3070000,"서울특별시 성북구 동소문로**다길 **, *층 (동선동*가, 세창빌딩)",02845,03,폐업,,,,
우리글로벌,2017-12-05,203356.110282156,461599.456980604,2026-05-03 22:34:54,I,03,폐업,2017-12-05 13:15:19,,2016-12-20,,서울특별시 도봉구 쌍문동 ***번지 지층,PHMG120163090033047000056,3090000,"서울특별시 도봉구 해등로 ***, 지층 (쌍문동)",01432,03,폐업,,,,
슈올즈 방학점,,203693.726102062,462606.573131716,2026-05-03 22:36:06,I,13,영업중,2025-09-23 17:29:15,,2024-12-09,,서울특별시 도봉구 방학동 ***-**,PHMG120243090033047000064,3090000,"서울특별시 도봉구 도봉로 ***, *층 (방학동)",01340,01,영업/정상,,,,
(주) 브라이텍,,201768.954624973,453426.841551586,2026-05-03 22:35:01,I,15,전출,2024-07-25 09:33:39,,2016-02-05,,서울특별시 성북구 보문동*가 **번지,PHMG120163070034047000006,3070000,"서울특별시 성북구 보문로 **, A동 *층 (보문동*가)",02852,05,제외/삭제/전출,,,02-948-8246,
(주)클린라이프케어,,201048.060161314,455604.450856387,2026-05-03 22:35:48,I,02,휴업,2024-07-09 14:30:01,,2020-08-12,,서울특별시 성북구 정릉동 ***-*,PHMG120203070034047000048,3070000,"서울특별시 성북구 정릉로**가길 *, *층 (정릉동)",02814,02,휴업,2024-07-09,2025-05-31,,
(주)아성다이소방학역점,,203758.747577559,462662.58088669,2026-05-03 22:34:50,I,13,영업중,2023-05-11 15:58:52,,2016-03-14,,서울특별시 도봉구 방학동 ***번지 *호,PHMG120163090033047000010,3090000,서울특별시 도봉구 도봉로 *** (방학동),01333,01,영업/정상,,,02-3494-6016,
도봉보청기센터,2015-12-17,202823.174373122,460470.534272629,2026-05-03 22:34:21,I,24,직권폐업,2015-12-17 16:26:25,,2011-05-16,132-864,서울특별시 도봉구 쌍문*동 ***번지 **호 *층,PHMG120113090033047000019,3090000,"서울특별시 도봉구 도봉로***길 *, *층 (쌍문동)",01448,04,취소/말소/만료/정지/중지,,,,
미건의료기 성북성신여대지점,2011-07-08,201149.2310736,454383.861117126,2026-05-03 22:34:07,I,03,폐업,2011-07-08 16:21:22,,2010-03-15,136-035,서울특별시 성북구 동소문동*가 *번지 *층,PHMG120103070034047000007,3070000,"서울특별시 성북구 보문로**길 * (동소문동*가,*층)",,03,폐업,,,,
솔덴탈,2020-05-26,204275.68569287,456094.452209942,2026-05-03 22:34:30,I,03,폐업,2020-05-26 15:22:19,,2012-04-13,,서울특별시 성북구 상월곡동 **번지 **호,PHMG120123070034047000019,3070000,"서울특별시 성북구 화랑로**길 **, *층 (상월곡동)",02773,03,폐업,,,02-911-0013,
엔비티에스,2012-07-02,203187.009761004,460639.247949502,2026-05-03 22:34:07,I,03,폐업,2012-07-02 15:56:30,,2010-07-02,132-924,서울특별시 도봉구 창*동 ***번지 *호 *층,PHMG120103090033047000021,3090000,"서울특별시 도봉구 도봉로***길 **, *층 (창동)",,03,폐업,,,,
레미니스,,201152.126199925,454955.669314121,2026-05-03 22:36:38,I,13,영업중,2025-07-22 13:31:24,,2025-07-21,,서울특별시 성북구 동소문동*가 ** 경향빌딩,PHMG120253070034047000040,3070000,"서울특별시 성북구 아리랑로*길 **, 경향빌딩 *층 (동소문동*가)",02826,01,영업/정상,,,,
씨유 안암센트럴점,,202633.236308421,453691.276730945,2026-05-03 22:36:06,I,13,영업중,2022-02-07 13:55:05,,2022-02-07,,서울특별시 성북구 안암동*가 **-*** 안암랜드빌딩,PHMG120223070034047000041,3070000,"서울특별시 성북구 고려대로**길 **, 안암랜드빌딩 *층 (안암동*가)",02856,01,영업/정상,,,02-921-4321,
세븐일레븐 고대본점,,202519.12911971,453504.175537535,2026-05-03 22:35:55,I,13,영업중,2024-02-13 10:37:32,,2021-05-04,,서울특별시 성북구 안암동*가 ***-***,PHMG120213070034047000051,3070000,서울특별시 성북구 고려대로**길 ** (안암동*가),02855,01,영업/정상,,,02-6012-0631,
(주)호랑이가게,,200082.297001586,456382.580178831,2026-05-03 22:35:46,I,13,영업중,2025-04-30 15:21:14,,2020-05-26,,서울특별시 성북구 정릉동 ***,PHMG120203070034047000026,3070000,"서울특별시 성북구 정릉로 ***, 고려대학교 메디사이언스파크 동화바이오관 *층 ***호 (정릉동)",02708,01,영업/정상,,,02-920-6204,
GS25방학명문점,2021-06-30,203558.847496706,462789.017638655,2026-05-03 22:34:47,I,03,폐업,2021-06-30 15:05:11,,2015-12-09,,서울특별시 도봉구 방학동 ***번지 **호 *층,PHMG120153090033047000071,3090000,"서울특별시 도봉구 도당로 ***, *층 (방학동)",01351,03,폐업,,,,
(주)트윈프라자,2021-11-22,200930.548861804,454243.746608075,2026-05-03 22:35:48,I,03,폐업,2021-11-22 15:54:13,,2020-12-11,,서울특별시 성북구 동소문동*가 **-* 삼성빌딩,PHMG120203070034047000066,3070000,"서울특별시 성북구 동소문로 **, 삼성빌딩 *층 (동소문동*가)",02860,03,폐업,,,02-324-2000,
㈜코리아세븐 S상월곡점,2016-08-16,204330.488275113,456085.349815294,2026-05-03 22:34:45,I,03,폐업,2016-08-16 16:52:30,,2014-10-31,136-120,서울특별시 성북구 상월곡동 **번지 *호 B*X*-*,PHMG120143070034047000049,3070000,"서울특별시 성북구 화랑로 지하 *** (상월곡동, B*X*-*)",02773,03,폐업,,,,
진명메디칼,,205395.265333334,456275.26,2026-05-03 22:33:49,I,13,영업중,2021-12-14 15:32:56,,2007-06-11,136-818,서울특별시 성북구 석관동 ***번지 **호,PHMG120073070034047000009,3070000,서울특별시 성북구 돌곶이로**길 **-* (석관동),02784,01,영업/정상,,,,
씨유 월곡씨티원점,2016-12-31,202849.315509152,456420.068799884,2026-05-03 22:34:51,I,03,폐업,2017-01-02 17:53:38,,2015-01-07,136-130,서울특별시 성북구 하월곡동 **번지 ***호,PHMG120153070034047000005,3070000,서울특별시 성북구 오패산로*길 *** (하월곡동),02737,03,폐업,,,,
자프트,2022-09-26,203470.637467836,462087.995434277,2026-05-03 22:35:46,I,03,폐업,2022-09-26 17:57:44,,2022-03-07,,서울특별시 도봉구 쌍문동 ***-**,PHMG120223090033047000082,3090000,"서울특별시 도봉구 도봉로***길 **, 지층 (쌍문동)",01391,03,폐업,,,02-999-2035,
새한코퍼레이션(주),2021-09-10,203348.210556651,461557.310544671,2026-05-03 22:34:44,I,03,폐업,2021-09-10 13:52:39,,2015-05-29,132-893,서울특별시 도봉구 쌍문동 ***번지,PHMG120153090033047000036,3090000,"서울특별시 도봉구 도봉로 ***, ***호 (쌍문동, 삼환프라자빌딩)",01432,03,폐업,,,02-990-9100,
건강백화점,2018-12-11,204236.384318687,460496.708388936,2026-05-03 22:34:53,I,24,직권폐업,2018-12-12 09:05:17,,2016-11-10,,서울특별시 도봉구 창동 **번지 *호 ***호,PHMG120163090033047000051,3090000,"서울특별시 도봉구 노해로**길 ***, ***호 (창동, 화창프라자)",01423,04,취소/말소/만료/정지/중지,,,02-990-1721,
㈜위드로 성북지사,2009-02-04,202068.46994215,453771.009759745,2026-05-03 22:33:53,I,03,폐업,2020-12-04 14:29:19,,2008-06-27,,서울특별시 성북구 안암동*가 ***-* 안암오피스텔,PHMG120083070034047000025,3070000,"서울특별시 성북구 고려대로 **, 안암오피스텔 B***호 (안암동*가)",02853,03,폐업,,,02-922-4030,
㈜코리아세븐 고대신의학관점,2019-10-14,202313.850759843,453871.264665299,2026-05-03 22:34:48,I,03,폐업,2019-10-14 17:36:29,,2014-11-19,,서울특별시 성북구 안암동*가 ***번지 *호 고려대병원,PHMG120143070034047000093,3070000,"서울특별시 성북구 고려대로 **, 고려대학교신의학관 학생식당내 *층 (안암동*가)",02841,03,폐업,,,,
GS25쌍문신원점,,203089.442773514,461770.488758803,2026-05-03 22:35:48,I,13,영업중,2022-05-18 15:59:49,,2022-05-18,,서울특별시 도봉구 쌍문동 *** 신원주상복합*차아파트,PHMG120223090033047000108,3090000,"서울특별시 도봉구 해등로 ***, *층 ***호 (쌍문동, 신원주상복합*차아파트)",01394,01,영업/정상,,,,58
웨이브히어링 스타키보청기 도봉점,,204263.706546457,461207.244729609,2026-05-03 22:35:01,I,13,영업중,2026-04-23 14:04:35,,2018-07-04,,서울특별시 도봉구 창동 *번지 *호 *층 *호,PHMG120183090033047000018,3090000,"서울특별시 도봉구 마들로**길 **, *층 *호 (창동)",01414,01,영업/정상,,,02-997-1580,
(주)누리로,,200316.125498544,457232.358367929,2026-05-03 22:35:21,I,15,전출,2022-04-07 16:51:38,,2017-08-28,,서울특별시 성북구 정릉동 ***번지 *호,PHMG120173070034047000056,3070000,"서울특별시 성북구 보국문로**가길 *-*, 제지층 제*호 (정릉동)",02701,05,제외/삭제/전출,,,,
에코시민,2025-06-17,204372.245062863,460989.314086239,2026-05-03 22:35:19,I,03,폐업,2025-06-18 15:54:23,,2020-09-07,,서울특별시 도봉구 창동 ** 동아아파트,PHMG120203090033047000035,3090000,"서울특별시 도봉구 노해로**길 **, *동 ****호 (창동, 동아아파트)",01416,03,폐업,,,02-955-0482,
씨유도봉대로점,,203956.514022597,464591.516973411,2026-05-03 22:35:44,I,13,영업중,2022-02-11 13:47:12,,2022-02-11,,서울특별시 도봉구 도봉동 ***,PHMG120223090033047000052,3090000,"서울특별시 도봉구 도봉로 ***, *층 (도봉동)",01304,01,영업/정상,,,02-3492-1760,
디커넥션 주식회사,,204079.994702647,457579.21641655,2026-05-03 22:36:26,I,13,영업중,2023-08-02 15:35:13,,2023-08-02,,서울특별시 성북구 장위동 *** 꿈의숲대명루첸아파트,PHMG120233070034047000075,3070000,"서울특별시 성북구 월계로**길 **, ***동 ***호 (장위동, 꿈의숲대명루첸아파트)",02757,01,영업/정상,,,,
부강메디칼,2014-04-09,203099.820255706,456228.085436995,2026-05-03 22:34:39,I,03,폐업,2014-04-09 17:17:56,,2013-09-06,136-869,서울특별시 성북구 월곡*동 **번지 *호 *층,PHMG120133070034047000042,3070000,"서울특별시 성북구 오패산로 **, *층 (하월곡동)",,03,폐업,,,,
GS수퍼마켓 성북돈암점,,201501.474496909,455061.698603977,2026-05-03 22:35:53,I,13,영업중,2025-04-16 21:20:12,,2021-04-30,,서울특별시 성북구 돈암동 *** 브라운스톤 돈암 아파트,PHMG120213070034047000030,3070000,"서울특별시 성북구 북악산로 ***, 상가동 ***호 (돈암동, 브라운스톤 돈암 아파트)",02828,01,영업/정상,,,02-3291-3333,
지에스(GS)25 쌍문노해로점,,202663.246206185,460934.324974472,2026-05-03 22:36:02,I,13,영업중,2024-04-09 17:10:51,,2024-04-09,,서울특별시 도봉구 쌍문동 ***-*,PHMG120243090033047000012,3090000,"서울특별시 도봉구 노해로 ***, *층 (쌍문동)",01441,01,영업/정상,,,,
주식회사 뉴패스,2015-04-14,203740.571705436,463009.86255605,2026-05-03 22:34:27,I,03,폐업,2015-04-14 16:23:03,,2012-06-21,132-846,서울특별시 도봉구 방학*동 ***번지 *호 금천빌딩 *층,PHMG120123090033047000010,3090000,서울특별시 도봉구 도봉로 ***-* (방학동),,03,폐업,,,070-7425-0559,
씨유 성북진영점,2015-10-19,203064.895688085,454994.47520647,2026-05-03 22:34:47,I,03,폐업,2015-12-04 13:42:36,,2014-11-06,136-090,서울특별시 성북구 종암동 **번지 **호,PHMG120143070034047000076,3070000,서울특별시 성북구 종암로 ** (종암동),02800,03,폐업,,,,
태멘생활건강,,203391.822778429,455590.997554483,2026-05-03 22:36:33,I,15,전출,2025-06-17 17:58:12,,2024-05-23,,서울특별시 성북구 하월곡동 **-**,PHMG120243070034047000030,3070000,"서울특별시 성북구 화랑로 **, *층 (하월곡동)",02751,05,제외/삭제/전출,,,,
자연과 건강,,203649.811269449,455662.299341418,2026-05-03 22:35:34,I,15,전출,2021-02-08 10:34:26,,2018-05-24,,서울특별시 성북구 하월곡동 ***번지 월곡갑을명가,PHMG120183070034047000039,3070000,"서울특별시 성북구 화랑로**길 **, *층 (하월곡동, 월곡갑을명가)",02751,05,제외/삭제/전출,,,,
메디랩,,205042.12901559,456133.69495213,2026-05-03 22:33:45,I,15,전출,2019-08-20 17:00:57,,2006-04-05,136-819,서울특별시 성북구 석관동 ***번지 ***호,PHMG120063070034047000004,3070000,서울특별시 성북구 화랑로**길 **-* (석관동),02789,05,제외/삭제/전출,,,02-968-2176,
한빛나노의료기 보문점,2012-08-21,201820.004379058,453314.407538171,2026-05-03 22:33:51,I,24,직권폐업,2020-12-04 15:37:27,,2008-04-02,,서울특별시 성북구 보문동*가 **-* 평화빌딩,PHMG120083070034047000016,3070000,"서울특별시 성북구 보문로 **, 평화빌딩 (보문동*가)",02852,04,취소/말소/만료/정지/중지,,,02-926-9551,
지비케어,,203763.075984574,464840.183818755,2026-05-03 22:35:19,I,15,전출,2024-06-04 11:22:23,,2020-06-11,,서울특별시 도봉구 도봉동 ***번지 **호,PHMG120203090033047000021,3090000,"서울특별시 도봉구 도봉로***길 **, *층 (도봉동)",01302,05,제외/삭제/전출,,,,
세븐일레븐 성북성신여고점,2019-03-11,201800.035986013,454719.929577788,2026-05-03 22:35:10,I,03,폐업,2019-03-11 13:40:19,,2016-09-29,,서울특별시 성북구 동선동*가 **번지,PHMG120163070034047000051,3070000,"서울특별시 성북구 동소문로**가길 **, *층 (동선동*가)",02840,03,폐업,,,02-6369-4845,
삼보메디텍,2010-02-25,,,2026-05-03 22:33:50,I,03,폐업,2010-02-25 15:52:30,,2007-03-08,132-907,서울특별시 도봉구미리내길 **-*(창*동 ***-**) 대원빌딩 ***호,PHMG120073090033047000001,3090000,,,03,폐업,,,,
더유일케어,2024-09-19,202865.086056178,462744.571972964,2026-05-03 22:35:36,I,03,폐업,2024-09-19 16:02:55,,2021-07-23,,서울특별시 도봉구 방학동 ***-**,PHMG120213090033047000059,3090000,"서울특별시 도봉구 시루봉로 ***, *층, 지하*층 (방학동)",01358,03,폐업,,,02-6406-0348,
해피도봉총판,2017-09-20,203491.522248351,459613.739499841,2026-05-03 22:34:39,I,24,직권폐업,2017-09-20 16:14:52,,2014-11-04,132-917,서울특별시 도봉구 창동 ***번지 *호,PHMG120143090033047000053,3090000,"서울특별시 도봉구 덕릉로**길 **, *층 (창동)",01474,04,취소/말소/만료/정지/중지,,,,
맨어바웃타운,,201501.474496909,455061.698603977,2026-05-03 22:35:46,I,13,영업중,2020-02-25 09:19:11,,2020-02-24,,서울특별시 성북구 돈암동 ***번지 브라운스톤 돈암 아파트,PHMG120203070034047000007,3070000,"서울특별시 성북구 북악산로 ***, ***동 ***호 (돈암동, 브라운스톤 돈암 아파트)",02828,01,영업/정상,,,,
세븐일레븐 창동중앙점,,204391.615,461208.365,2026-05-03 22:35:30,I,13,영업중,2024-06-20 13:02:36,,2021-05-04,,서울특별시 도봉구 창동 **-*,PHMG120213090033047000030,3090000,"서울특별시 도봉구 노해로**길 **, *층 ***호 (창동)",01414,01,영업/정상,,,,
제이빈상사 주식회사,,200322.949073417,454057.091971755,2026-05-03 22:36:33,I,13,영업중,2024-08-05 15:57:35,,2024-06-05,,서울특별시 성북구 성북동*가 **-* 정주빌딩,PHMG120243070034047000036,3070000,"서울특별시 성북구 성북로*길 *-*, 정주빌딩 지층 (성북동*가)",02880,01,영업/정상,,,,
아이비,,201383.354840335,454606.685702449,2026-05-03 22:36:38,I,13,영업중,2025-11-19 15:46:45,,2025-11-19,,서울특별시 성북구 동선동*가 **,PHMG120253070034047000058,3070000,"서울특별시 성북구 아리랑로 **, *층 (동선동*가)",02829,01,영업/정상,,,,
인베이스,2009-03-24,202028.820116829,453172.404126521,2026-05-03 22:33:50,I,03,폐업,2020-12-04 15:39:40,,2008-02-14,,서울특별시 성북구 안암동*가 **-**,PHMG120083070034047000009,3070000,"서울특별시 성북구 안암로*길 **, *층 (안암동*가)",02858,03,폐업,,,,
(주)킵스마일,,201027.728455347,456975.034276104,2026-05-03 22:36:34,I,15,전출,2026-01-09 09:41:38,,2022-07-22,,서울특별시 성북구 정릉동 산 **-* 서경대학교,PHMG120243070034047000037,3070000,"서울특별시 성북구 서경로 ***, 서경대학교 은주관 *호 (정릉동)",02713,05,제외/삭제/전출,,,,
GS25 성신로데오점,2026-04-01,201503.4054327,454387.027952401,2026-05-03 22:36:06,I,03,폐업,2026-04-01 09:45:29,,2022-02-11,,서울특별시 성북구 동선동*가 *-*,PHMG120223070034047000055,3070000,"서울특별시 성북구 동소문로**길 **, *층 (동선동*가)",02845,03,폐업,,,02-927-2369,
내가웰빙 정릉지점,2015-09-09,200765.49762331,456541.983878197,2026-05-03 22:34:16,I,03,폐업,2015-09-09 13:56:10,,2010-12-03,136-849,서울특별시 성북구 정릉*동 ***번지 ***호 지하,PHMG120103070034047000043,3070000,"서울특별시 성북구 보국문로**길 ** (정릉동,지하)",,03,폐업,,,,
보강메디칼,,201279.075045397,461426.640350283,2026-05-03 22:34:50,I,13,영업중,2019-12-04 17:19:38,,2016-03-11,,서울특별시 도봉구 쌍문동 ***번지 *호,PHMG120163090033047000009,3090000,서울특별시 도봉구 우이천로**길 **-* (쌍문동),01367,01,영업/정상,,,02-993-1722,
에이치에스메디팜,,203682.460001181,459052.547149504,2026-05-03 22:34:42,I,15,전출,2017-01-11 16:58:34,,2015-02-16,132-916,서울특별시 도봉구 창동 ***번지 *호,PHMG120153090033047000009,3090000,"서울특별시 도봉구 우이천로*라길 **-**, *층 (창동)",01481,05,제외/삭제/전출,,,070-8792-8111,
에스헬스케어,,203358.198833151,454950.33986438,2026-05-03 22:36:37,I,13,영업중,2025-07-17 15:30:19,,2025-01-20,,서울특별시 성북구 종암동 *-**,PHMG120253070034047000039,3070000,"서울특별시 성북구 월곡로 **, ***-*호 (종암동)",02800,01,영업/정상,,,,
GS25쌍문명준,,203249.129811602,461438.060445702,2026-05-03 22:35:52,I,13,영업중,2022-09-21 09:36:26,,2022-09-20,,서울특별시 도봉구 쌍문동 *** 명준빌딩 *층,PHMG120223090033047000169,3090000,"서울특별시 도봉구 해등로**길 **, 명준빌딩 *층 (쌍문동)",01432,01,영업/정상,,,02-904-2606,
한샘석계대리점,2007-04-02,204789.323556821,456434.344883703,2026-05-03 22:33:47,I,03,폐업,2020-12-08 14:35:59,,2006-07-18,,서울특별시 성북구 장위동 *** 우방아파트,PHMG120063070034047000011,3070000,"서울특별시 성북구 화랑로 ***, 상가동 ***호 (장위동, 우방아파트)",02772,03,폐업,,,02-909-4181,
내가웰빙,2019-03-07,200504.647052213,454060.597527199,2026-05-03 22:35:19,I,03,폐업,2019-03-07 17:49:48,,2017-03-22,,서울특별시 성북구 동소문동*가 **번지,PHMG120173070034047000025,3070000,"서울특별시 성북구 동소문로 *, 지층 (동소문동*가)",02833,03,폐업,,,02-934-2581,
GS25 정릉본점,,200399.19683135,456451.634692881,2026-05-03 22:36:14,I,13,영업중,2022-06-21 16:00:24,,2022-06-21,,서울특별시 성북구 정릉동 ***-**,PHMG120223070034047000152,3070000,"서울특별시 성북구 솔샘로 **, *층 (정릉동)",02709,01,영업/정상,,,,
(주)이코스웨이코리아,2012-02-22,204208.631200867,457844.348010616,2026-05-03 22:34:08,I,03,폐업,2012-02-22 10:15:24,,2010-05-10,136-140,"서울특별시 성북구 장위동 ***번지 *호 센트럴타운상가 ***-*,*호",PHMG120103070034047000020,3070000,"서울특별시 성북구 월계로**길 * (장위동,센트럴타운상가 ***-*,*호)",,03,폐업,,,,
뉴월드메디칼유한회사,2026-01-28,205194.567438369,456254.017382874,2026-05-03 22:35:19,I,03,폐업,2026-01-30 14:29:03,,2017-04-11,,서울특별시 성북구 석관동 ***번지 *호,PHMG120173070034047000031,3070000,"서울특별시 성북구 돌곶이로 **, *층 ***호 (석관동, 상희빌딩)",02784,03,폐업,,,02-2215-3888,
본테크,2010-03-23,202043.097375902,453093.907933997,2026-05-03 22:34:00,I,03,폐업,2012-05-01 10:06:53,,2009-07-02,136-074,서울특별시 성북구 안암동*가 **번지 *호 청조사빌딩 ***호,PHMG120093070034047000037,3070000,"서울특별시 성북구 안암로*길 ** (안암동*가,청조사빌딩 ***호)",,03,폐업,,,,
메디우스,2025-06-27,204345.826664906,461119.957690091,2026-05-03 22:34:37,I,03,폐업,2025-06-27 14:57:07,,2014-07-28,,서울특별시 도봉구 창동 *,PHMG120143090033047000031,3090000,"서울특별시 도봉구 노해로**길 *, 지하*층 (창동)",01414,03,폐업,,,031-823-7159,
신성H&C,2016-06-30,200503.350103623,453963.213362937,2026-05-03 22:34:33,I,03,폐업,2016-06-30 14:03:37,,2012-08-30,136-041,서울특별시 성북구 삼선동*가 **번지 *호 *층,PHMG120123070034047000048,3070000,"서울특별시 성북구 삼선교로 *-* (삼선동*가, *층)",02866,03,폐업,,,,
성북 보청기 양압기,,200662.617377602,454094.531352725,2026-05-03 22:36:25,I,13,영업중,2023-07-20 08:51:20,,2023-07-19,,서울특별시 성북구 동소문동*가 *** 애산빌딩,PHMG120233070034047000067,3070000,"서울특별시 성북구 동소문로 **-*, 애산빌딩 *층 (동소문동*가)",02860,01,영업/정상,,,,
(주)칸메디,,203502.004139568,455500.568972657,2026-05-03 22:35:37,I,13,영업중,2024-05-07 14:24:46,,2012-06-22,,서울특별시 성북구 하월곡동 **-** 코업스타클래스,PHMG120183070034047000059,3070000,"서울특별시 성북구 화랑로 **, 코업스타클래스 ***동 ***호 (하월곡동)",02751,01,영업/정상,,,070-4206-8280,
뉴톤보청기(도봉지사),,204090.260849332,461127.032385511,2026-05-03 22:35:17,I,13,영업중,2022-08-16 17:42:36,,2019-11-22,,서울특별시 도봉구 창동 ***번지 **호 창동 SR스타빌 ***호,PHMG120193090033047000048,3090000,"서울특별시 도봉구 노해로**길 **-*, 창동 SR스타빌 *층 ***호 (창동)",01405,01,영업/정상,,,02-908-8880,
해피랑방학지점,2017-12-04,203696.831209271,463044.312599398,2026-05-03 22:34:57,I,03,폐업,2017-12-04 17:12:11,,2017-04-19,,서울특별시 도봉구 방학동 ***번지 **호 *층,PHMG120173090033047000014,3090000,"서울특별시 도봉구 도봉로***길 **, *층 (방학동)",01350,03,폐업,,,02-954-7433,
신진하이텍의료기,2013-10-11,204031.448958456,461093.08556559,2026-05-03 22:34:05,I,03,폐업,2013-10-11 15:45:16,,2010-04-12,132-903,서울특별시 도봉구 창*동 **번지 **호 *층,PHMG120103090033047000013,3090000,"서울특별시 도봉구 노해로**길 **, *층 (창동)",,03,폐업,,,,
지에스(GS)25 도봉우체국점,2026-02-27,202243.247664571,460642.094501214,2026-05-03 22:36:02,I,03,폐업,2026-02-27 14:17:05,,2024-03-25,,서울특별시 도봉구 쌍문동 ***,PHMG120243090033047000008,3090000,"서울특별시 도봉구 노해로 ***, *층 (쌍문동)",01381,03,폐업,,,,
주식회사 유머스트알엔디,,204313.906829097,461347.878668101,2026-05-03 22:36:02,I,13,영업중,2024-05-29 11:06:45,,2024-05-28,,서울특별시 도봉구 창동 *-** 씨드큐브 창동,PHMG120243090033047000021,3090000,"서울특별시 도봉구 마들로**길 **, 씨드큐브 창동 *동 *층 ***호 (창동)",01413,01,영업/정상,,,02-998-5552,
시크릿바비,,201607.182350516,454187.885815356,2026-05-03 22:35:19,I,13,영업중,2019-04-30 14:28:51,,2017-05-26,,서울특별시 성북구 동선동*가 **번지,PHMG120173070034047000041,3070000,"서울특별시 성북구 보문로**라길 **, ***호 (동선동*가)",02849,01,영업/정상,,,02-6316-0322,
씨유 성북점,2016-12-27,200314.25744795,454263.650762698,2026-05-03 22:34:51,I,03,폐업,2016-12-27 17:54:20,,2014-12-12,136-825,서울특별시 성북구 성북동 ***번지 **호,PHMG120143070034047000115,3070000,서울특별시 성북구 성북로*길 * (성북동),02834,03,폐업,,,,
SK네트웍스(주)광덕주유소,2016-12-29,201703.771642155,453426.444356597,2026-05-03 22:34:48,I,03,폐업,2016-12-29 16:47:54,,2014-11-21,136-085,서울특별시 성북구 보문동*가 ***번지 *호,PHMG120143070034047000099,3070000,서울특별시 성북구 보문로 ** (보문동*가),02872,03,폐업,,,,
씨제이올리브영(주)홈플러스방학점,2025-12-27,203790.013568785,462495.417040876,2026-05-03 22:35:01,I,03,폐업,2025-12-30 15:02:54,,2018-08-03,,서울특별시 도봉구 방학동 ***번지 *호 홈플러스데스코㈜방학점,PHMG120183090033047000021,3090000,"서울특별시 도봉구 도봉로 ***, 홈플러스데스코㈜방학점 *층 (방학동)",01334,03,폐업,,,02-954-9552,
G 메드,2012-07-16,200824.924527451,454025.315015361,2026-05-03 22:33:50,I,03,폐업,2020-12-04 15:41:25,,2008-01-31,,서울특별시 성북구 삼선동*가 ** 현명빌딩,PHMG120083070034047000006,3070000,"서울특별시 성북구 삼선교로 **, ***호 (삼선동*가, 현명빌딩)",02861,03,폐업,,,,
라파의료기도봉,2019-12-18,203023.886822597,460695.381113012,2026-05-03 22:34:38,I,03,폐업,2019-12-18 13:46:21,,2014-08-27,,서울특별시 도봉구 창동 ***번지 **호 ***호,PHMG120143090033047000035,3090000,"서울특별시 도봉구 도봉로 ***, ***호 (창동)",01454,03,폐업,,,,
우공이산,,201803.10838735,453983.55535452,2026-05-03 22:35:40,I,13,영업중,2019-03-29 14:30:38,,2019-02-26,,서울특별시 성북구 안암동*가 ***번지,PHMG120193070034047000011,3070000,"서울특별시 성북구 고려대로**길 **, *층 (안암동*가)",02850,01,영업/정상,,,02-921-2230,
㈜코리아세븐 성북점,2019-10-14,199846.660165943,454717.23174435,2026-05-03 22:34:45,I,03,폐업,2019-10-14 17:13:39,,2014-10-31,,서울특별시 성북구 성북동 **번지 *호,PHMG120143070034047000059,3070000,서울특별시 성북구 선잠로 ** (성북동),02823,03,폐업,,,,
뷰티풀헬스케어,,201514.970976778,456137.102062808,2026-05-03 22:35:48,I,13,영업중,2021-11-19 17:22:57,,2020-11-13,,서울특별시 성북구 길음동 **** 길음뉴타운,PHMG120203070034047000063,3070000,"서울특별시 성북구 길음로 **, 상가비동 *층 **호 (길음동, 길음뉴타운)",02720,01,영업/정상,,,02-912-5148,
GS25정릉본점,2022-06-17,200520.167481881,456245.027346985,2026-05-03 22:36:13,I,03,폐업,2022-06-20 08:56:01,,2022-06-02,,서울특별시 성북구 정릉동 ***-**,PHMG120223070034047000140,3070000,"서울특별시 성북구 솔샘로*길 **, *층 (정릉동)",02710,03,폐업,,,,
(주)아성다이소쌍문세라믹사거리점,,202998.896551621,461818.506049631,2026-05-03 22:35:01,I,13,영업중,2023-05-12 09:16:44,,2018-09-12,,서울특별시 도봉구 쌍문동 **번지 지하*~*층,PHMG120183090033047000023,3090000,"서울특별시 도봉구 도당로 *, 지하*~*층 (쌍문동)",01385,01,영업/정상,,,,
더우랭샵,,202337.783038524,456539.190686079,2026-05-03 22:36:37,I,13,영업중,2025-06-10 15:47:06,,2025-06-10,,서울특별시 성북구 길음동 **** 래미안길음센터피스,PHMG120253070034047000032,3070000,"서울특별시 성북구 숭인로 **, ***동 ****호 (길음동, 래미안길음센터피스)",02727,01,영업/정상,,,,
씨제이올리브영(주) 홈플러스월곡점,2025-12-23,203502.004139568,455500.568972657,2026-05-03 22:35:28,I,03,폐업,2025-12-23 17:42:36,,2018-02-21,,서울특별시 성북구 하월곡동 **번지 **호 코업스타클래스,PHMG120183070034047000010,3070000,"서울특별시 성북구 화랑로 **, 코업스타클래스 B*층 (하월곡동)",02751,03,폐업,,,02-906-6892,
GS25 월곡으뜸점,2016-12-31,203191.937320132,455847.203922326,2026-05-03 22:34:49,I,03,폐업,2017-01-09 14:51:02,,2014-11-05,136-130,서울특별시 성북구 하월곡동 **번지 ***호,PHMG120143070034047000105,3070000,서울특별시 성북구 오패산로 ** (하월곡동),02738,03,폐업,,,,
아나덴슈가링왁싱 창동역점,2024-10-02,204011.919617341,461194.791887383,2026-05-03 22:36:01,I,03,폐업,2024-10-02 13:13:07,,2024-01-18,,서울특별시 도봉구 창동 ***-** 우림빌딩,PHMG120243090033047000004,3090000,"서울특별시 도봉구 노해로**길 **, 우림빌딩 *층 ***호 (창동)",01399,03,폐업,,,,
이마트24 성북희망점,2025-07-04,201200.94559696,453950.73985914,2026-05-03 22:36:27,I,03,폐업,2025-07-09 09:06:47,,2023-08-10,,서울특별시 성북구 삼선동*가 **-*,PHMG120233070034047000081,3070000,"서울특별시 성북구 삼선교로**나길 **, *층 (삼선동*가)",02862,03,폐업,,,,
씨유방학성원점,2025-05-19,203259.107447508,462219.107803166,2026-05-03 22:35:46,I,03,폐업,2025-05-19 18:00:08,,2022-02-18,,서울특별시 도봉구 방학동 ***-**,PHMG120223090033047000077,3090000,"서울특별시 도봉구 방학로*길 *, *층 (방학동)",01390,03,폐업,,,02-955-9200,
주식회사에프엘에스서울강북지점,2021-01-28,202466.119176743,460394.329853007,2026-05-03 22:34:59,I,03,폐업,2021-01-28 13:38:10,,2018-01-12,,서울특별시 도봉구 쌍문동 ***번지 *호 한일병원 *층,PHMG120183090033047000002,3090000,"서울특별시 도봉구 우이천로 ***, 한일병원 *층 (쌍문동)",01450,03,폐업,,,,
GS25돈암한진,,200841.726990037,454721.505180141,2026-05-03 22:36:11,I,13,영업중,2022-03-08 10:21:37,,2022-03-07,,서울특별시 성북구 돈암동 ***-* 한신한진아파트,PHMG120223070034047000089,3070000,"서울특별시 성북구 성북로*길 **, *층 (돈암동, 한신한진아파트)",02831,01,영업/정상,,,,
(주)엠코리아홈케어,,204958.405518224,456443.387226032,2026-05-03 22:34:53,I,15,전출,2016-07-15 18:08:46,,2015-04-24,136-820,서울특별시 성북구 석관동 ***번지 *호 장위뉴타워 ****호,PHMG120153070034047000030,3070000,"서울특별시 성북구 화랑로 ***, ****호 (석관동, 장위뉴타워)",02787,05,제외/삭제/전출,,,1599-9363,
씨엔비헬스케어,,203788.569424152,463619.198756319,2026-05-03 22:34:59,I,13,영업중,2021-02-19 13:36:10,,2018-02-02,,서울특별시 도봉구 도봉동 ***-** 노블하우징 A,PHMG120183090033047000005,3090000,"서울특별시 도봉구 도봉로***나길 ***, *층 ***호 (도봉동, 노블하우징 A)",01308,01,영업/정상,,,,
해피월드,2009-04-03,202029.981799661,455605.716911266,2026-05-03 22:33:54,I,03,폐업,2020-12-02 16:53:46,,2008-10-01,,서울특별시 성북구 길음동 **** 삼부아파트,PHMG120083070034047000035,3070000,"서울특별시 성북구 동소문로 ***, ***동 지하*층 **-**호 (길음동, 삼부아파트)",02735,03,폐업,,,02-2214-2294,
류디자인메디,,202887.735294472,455516.204264925,2026-05-03 22:36:14,I,13,영업중,2022-06-27 14:26:18,,2022-06-27,,서울특별시 성북구 종암동 *** 종암우림카이저팰리스,PHMG120223070034047000154,3070000,"서울특별시 성북구 종암로 ***, ***호 (종암동, 종암우림카이저팰리스)",02797,01,영업/정상,,,02-929-9188,
세븐일레븐 종암고대점,,203076.939418852,454483.543109637,2026-05-03 22:36:12,I,13,영업중,2022-04-14 13:54:25,,2022-04-14,,서울특별시 성북구 종암동 **-**,PHMG120223070034047000122,3070000,"서울특별시 성북구 북악산로 ****, *층 (종암동)",02811,01,영업/정상,,,,
범(BEOM),,205663.104412531,456441.585189649,2026-05-03 22:36:37,I,13,영업중,2025-02-27 14:03:25,,2025-02-25,,서울특별시 성북구 석관동 ***-*,PHMG120253070034047000021,3070000,"서울특별시 성북구 한천로**가길 **, *층 (석관동)",02782,01,영업/정상,,,,
바이오슬립메드(주),2009-02-25,202516.075789181,454117.677541869,2026-05-03 22:33:44,I,03,폐업,2020-12-08 14:48:49,,2005-10-25,,서울특별시 성북구 안암동*가 **-* 리베르타,PHMG120053070034047000013,3070000,"서울특별시 성북구 개운사길 **, 리베르타 *층 (안암동*가)",02842,03,폐업,,,,
쉔픽스,2012-06-20,205020.608686581,456783.766604012,2026-05-03 22:34:07,I,03,폐업,2012-06-20 13:27:16,,2010-03-23,136-826,서울특별시 성북구 장위동 **번지 *호 *통 *반 삼익아파트 ***호,PHMG120103070034047000009,3070000,"서울특별시 성북구 화랑로**길 **, ***호 (장위동,삼익아파트)",,03,폐업,,,,
건강드림,,201149.2310736,454383.861117126,2026-05-03 22:36:37,I,13,영업중,2025-07-08 10:18:15,,2025-07-04,,서울특별시 성북구 동소문동*가 * 삼우빌딩,PHMG120253070034047000037,3070000,"서울특별시 성북구 보문로**길 *, 삼우빌딩 ***호 (동소문동*가)",02846,01,영업/정상,,,,
혜당메디칼 보문지점,2014-07-16,201513.300183829,453992.306231613,2026-05-03 22:34:39,I,03,폐업,2014-07-16 10:04:37,,2013-10-28,136-045,서울특별시 성북구 삼선동*가 ***번지 경동빌딩*층,PHMG120133070034047000045,3070000,"서울특별시 성북구 보문로 *** (삼선동*가, 경동빌딩 *층)",,03,폐업,,,,
(주)코리아세븐 성북스타클래스점,2025-04-11,203502.004139568,455500.568972657,2026-05-03 22:36:06,I,03,폐업,2025-04-11 17:01:25,,2022-02-08,,서울특별시 성북구 하월곡동 **-** 코업스타클래스,PHMG120223070034047000046,3070000,"서울특별시 성북구 화랑로 **, 코업스타클래스 *층 ***-*호 (하월곡동)",02751,03,폐업,,,,
매크로넷,2009-03-30,,,2026-05-03 22:33:48,I,03,폐업,2009-03-31 13:37:31,,2005-01-14,132-908,서울특별시 도봉구창*동 *** 도봉행정지원센터 ***호,PHMG120053090033047000001,3090000,,,03,폐업,,,,
안암고려의료기상사,,202420.68935175,453757.910506187,2026-05-03 22:33:36,I,13,영업중,2021-11-22 17:40:32,,2001-02-26,,서울특별시 성북구 안암동*가 ***번지 **호,PHMG120013070034047000002,3070000,서울특별시 성북구 고려대로 ** (안암동*가),02855,01,영업/정상,,,02-925-1971,
성북장애인보장구수리센터,2018-03-09,201546.326002166,453843.498891565,2026-05-03 22:35:28,I,03,폐업,2018-03-12 08:03:29,,2018-02-09,,서울특별시 성북구 보문동*가 **번지 *호 명성빌딩,PHMG120183070034047000006,3070000,"서울특별시 성북구 보문로 ***, 명성빌딩 *층 (보문동*가)",02871,03,폐업,,,02-921-7230,
(주)한솔애드컴,2025-05-20,200853.020442941,456773.004015485,2026-05-03 22:35:20,I,03,폐업,2025-05-20 16:18:37,,2017-06-28,,서울특별시 성북구 정릉동 ***번지 **호,PHMG120173070034047000050,3070000,"서울특별시 성북구 보국문로**길 **-*, *층 (정릉동)",02717,03,폐업,,,02-918-8070,
보성홀딩스,,203048.178770356,461313.202145924,2026-05-03 22:34:32,I,13,영업중,2018-08-17 17:28:34,,2013-07-23,,서울특별시 도봉구 쌍문동 **번지 **호 *층,PHMG120133090033047000028,3090000,"서울특별시 도봉구 도봉로***길 **-*, *층 (쌍문동)",01437,01,영업/정상,,,070-7744-7702,
(주)비지에프휴먼넷 성북동선점,2016-12-12,201681.740220694,454132.914886122,2026-05-03 22:34:58,I,03,폐업,2016-12-12 17:02:28,,2015-09-17,,서울특별시 성북구 동선동*가 ***번지,PHMG120153070034047000064,3070000,서울특별시 성북구 보문로**길 ** (동선동*가),02844,03,폐업,,,02-922-1253,
세기소노테크,,204136.58447783,463573.102150294,2026-05-03 22:34:26,I,15,전출,2019-09-16 08:51:37,,2011-12-14,132-012,서울특별시 도봉구 도봉*동 ***번지 도봉한양수자인상가 ***호,PHMG120113090033047000057,3090000,"서울특별시 도봉구 마들로 ***, ***호 (도봉동, 도봉한양수자인상가)",01325,05,제외/삭제/전출,,,,
케이제이메디칼,2023-07-07,204136.58447783,463573.102150294,2026-05-03 22:34:59,I,03,폐업,2023-07-07 16:14:41,,2018-01-24,,서울특별시 도봉구 도봉동 ***번지 도봉한양수자인,PHMG120183090033047000004,3090000,"서울특별시 도봉구 마들로 ***, ***호 (도봉동, 도봉한양수자인)",01325,03,폐업,,,,
햇살가득 복지용구,2025-07-07,203964.829171358,464625.423162623,2026-05-03 22:36:09,I,03,폐업,2025-07-07 13:20:04,,2025-06-30,,서울특별시 도봉구 도봉동 ***-**,PHMG120253090033047000023,3090000,"서울특별시 도봉구 도봉로 ***, *층 우측호 (도봉동)",01303,03,폐업,,,,29.34
EFEX,2016-08-24,205408.730080707,456547.819591098,2026-05-03 22:34:22,I,24,직권폐업,2016-08-24 15:50:22,,2011-03-21,136-818,서울특별시 성북구 석관동 ***번지 **호,PHMG120113070034047000017,3070000,서울특별시 성북구 한천로 *** (석관동),,04,취소/말소/만료/정지/중지,,,0505-411-4411,
(주)디알나노,,200082.297001586,456382.580178831,2026-05-03 22:36:02,I,15,전출,2023-11-08 09:35:42,,2022-01-24,,서울특별시 성북구 정릉동 ***,PHMG120223070034047000006,3070000,"서울특별시 성북구 정릉로 ***, 동화메디사이언스파크 *층 ***호 (정릉동)",02708,05,제외/삭제/전출,,,02-2038-9222,
드루와24,2024-12-31,204247.125181372,456792.063895698,2026-05-03 22:36:18,I,03,폐업,2025-01-14 10:50:11,,2022-11-02,,서울특별시 성북구 장위동 ***-**,PHMG120223070034047000229,3070000,"서울특별시 성북구 장위로 ***, *층 (장위동)",02746,03,폐업,,,,
바오고스,,202070.268816342,453890.071807713,2026-05-03 22:35:50,I,13,영업중,2021-02-02 08:50:33,,2021-02-01,,서울특별시 성북구 안암동*가 **-*,PHMG120213070034047000007,3070000,"서울특별시 성북구 고려대로**길 **-**, *층 (안암동*가)",02843,01,영업/정상,,,,
맑은피부고운몸매,2020-04-10,202999.2675169,460616.701327584,2026-05-03 22:35:11,I,03,폐업,2020-04-10 15:40:22,,2020-04-10,,서울특별시 도봉구 창동 ***번지 **호 삼성쉐르빌퍼스티 ***호,PHMG120193090033047000032,3090000,"서울특별시 도봉구 도봉로 ***, 삼성쉐르빌퍼스티 ***호 (창동)",01454,03,폐업,,,,
뷰티코리아-메디컬,,201493.937263924,454367.208930241,2026-05-03 22:35:09,I,15,전출,2019-03-28 15:02:02,,2016-08-03,,서울특별시 성북구 동선동*가 *번지 *호 *층,PHMG120163070034047000039,3070000,"서울특별시 성북구 동소문로**길 **-**, *층 (동선동*가)",02845,05,제외/삭제/전출,,,,
코어메디칼(Coremedical),2015-01-12,201760.909053301,454723.491224898,2026-05-03 22:34:40,I,03,폐업,2015-01-12 17:04:45,,2014-01-17,136-053,서울특별시 성북구 동선동*가 ***번지,PHMG120143070034047000004,3070000,"서울특별시 성북구 동소문로**가길 **, ***호 (동선동*가)",,03,폐업,,,,
엔에이상사(Na상사),2013-05-21,200156.489989688,457209.73881031,2026-05-03 22:34:35,I,03,폐업,2013-06-14 11:41:17,,2012-12-26,136-840,서울특별시 성북구 정릉*동 ***번지 ***호 *층,PHMG120123070034047000073,3070000,"서울특별시 성북구 보국문로**길 *, *층 (정릉동)",,03,폐업,,,070-8635-8534,
헬스마켓,2014-03-04,204268.745488922,456761.20463035,2026-05-03 22:34:39,I,03,폐업,2014-03-04 17:55:15,,2013-09-30,136-833,서울특별시 성북구 장위*동 ***번지 ***호 *층,PHMG120133070034047000043,3070000,"서울특별시 성북구 장월로**길 *, *층 (장위동)",,03,폐업,,,,
(주)헬스하우스,,201826.002331378,453162.376311852,2026-05-03 22:36:09,I,13,영업중,2022-02-15 17:44:58,,2010-04-20,,서울특별시 성북구 보문동*가 **-* 헬스하우스,PHMG120223070034047000070,3070000,"서울특별시 성북구 보문로 **, 헬스하우스 *, *층 (보문동*가)",02873,01,영업/정상,,,02-926-3840,
미씨아씨 피부체험,2018-06-01,204662.515101617,456555.040207103,2026-05-03 22:34:39,I,03,폐업,2018-06-01 17:45:40,,2013-09-03,136-828,서울특별시 성북구 장위*동 **번지 ***호 *층,PHMG120133070034047000041,3070000,"서울특별시 성북구 돌곶이로**길 **, *층 (장위동)",02771,03,폐업,,,,
(리니케)미시라인미,2017-05-24,204169.847670316,464814.717432497,2026-05-03 22:34:25,I,03,폐업,2017-05-24 11:08:48,,2011-11-17,132-731,서울특별시 도봉구 도봉*동 **번지 *호 한신아파트상가 B**호,PHMG120113090033047000053,3090000,"서울특별시 도봉구 도봉로***나길 **, B**호 (도봉동, 한신아파트상가)",01318,03,폐업,,,,
네오메디슨,,203760.625906565,464103.765403539,2026-05-03 22:34:35,I,15,전출,2017-05-17 09:07:11,,2014-03-05,132-817,서울특별시 도봉구 도봉동 ***번지 **호 ***호,PHMG120143090033047000009,3090000,"서울특별시 도봉구 도봉로***나길 *, ***호 (도봉동)",01306,05,제외/삭제/전출,,,62316381,
(주)코리아세븐 성북고대점,,203012.752171051,454564.360512151,2026-05-03 22:36:36,I,13,영업중,2024-12-17 16:18:13,,2024-12-17,,서울특별시 성북구 종암동 **-**,PHMG120243070034047000076,3070000,"서울특별시 성북구 북악산로**길 **, *층 (종암동)",02811,01,영업/정상,,,,
수수한,2022-12-31,202884.052776927,461853.677907351,2026-05-03 22:35:38,I,03,폐업,2023-01-16 14:41:18,,2020-11-30,,서울특별시 도봉구 쌍문동 ***-* 금호아파트,PHMG120213090033047000080,3090000,"서울특별시 도봉구 해등로**길 **, *동 ***호 (쌍문동, 금호아파트)",01386,03,폐업,,,,
(주)지에스리테일 GS25월곡역점,2017-03-27,203710.271362395,455620.497634811,2026-05-03 22:35:17,I,03,폐업,2017-03-27 13:26:57,,2017-01-25,,서울특별시 성북구 하월곡동 **번지 **호 *층 일부,PHMG120173070034047000006,3070000,"서울특별시 성북구 화랑로 **, *층 (하월곡동, 수복빌딩)",02793,03,폐업,,,02-909-6570,
지에스(GS)25 쌍문사랑점,,202809.467211304,460475.75932479,2026-05-03 22:35:58,I,13,영업중,2023-05-26 16:12:40,,2023-05-26,,서울특별시 도봉구 쌍문동 ***-**,PHMG120233090033047000038,3090000,"서울특별시 도봉구 도봉로***길 **, *층 (쌍문동)",01448,01,영업/정상,,,,
다미인,2020-07-13,203348.810465629,459757.634551893,2026-05-03 22:33:50,I,03,폐업,2020-07-13 13:05:06,,2007-05-01,132-918,서울특별시 도봉구 창*동 ***번지 **호,PHMG120073090033047000004,3090000,서울특별시 도봉구 덕릉로**가길 * (창동),01470,03,폐업,,,,
달과6펜스,,200571.908735744,455278.57357215,2026-05-03 22:36:38,I,13,영업중,2025-07-25 14:02:53,,2025-07-25,,서울특별시 성북구 정릉동 산 **-** 산장빌라,PHMG120253070034047000042,3070000,"서울특별시 성북구 북악산로 ***, *동 ***호 (정릉동, 산장빌라)",02821,01,영업/정상,,,,
GS25 길음래미안점,,201648.204071174,455717.855906877,2026-05-03 22:36:07,I,13,영업중,2022-02-14 09:24:01,,2022-02-14,,서울특별시 성북구 길음동 **** 길음뉴타운,PHMG120223070034047000064,3070000,"서울특별시 성북구 길음로*길 **, 상가동 ***호 (길음동, 길음뉴타운)",02721,01,영업/정상,,,02-909-3856,
더깨끗종합상사,2024-06-26,203773.453364183,462399.623010612,2026-05-03 22:35:28,I,03,폐업,2024-06-26 13:17:14,,2021-04-06,,서울특별시 도봉구 방학동 *** 도봉소방서,PHMG120213090033047000019,3090000,"서울특별시 도봉구 도봉로 ***, 도봉소방서 *층 ***호 (방학동)",01334,03,폐업,,,,
뉴어스,,204639.622332994,457303.0232809,2026-05-03 22:36:28,I,13,영업중,2023-10-16 09:28:48,,2023-10-12,,서울특별시 성북구 장위동 *** 래미안장위포레카운티,PHMG120233070034047000098,3070000,"서울특별시 성북구 장월로 ***, ***동 ***호 (장위동, 래미안장위포레카운티)",02763,01,영업/정상,,,,
히스토랩,2012-06-30,205083.452411454,456548.519056615,2026-05-03 22:34:24,I,03,폐업,2012-07-12 17:49:19,,2011-05-18,136-818,서울특별시 성북구 석관동 ***번지 *호,PHMG120113070034047000028,3070000,서울특별시 성북구 화랑로 *** (석관동),,03,폐업,,,,
참숯마을 숯의힘,,203517.244675108,459551.117655424,2026-05-03 22:35:51,I,13,영업중,2024-08-19 15:31:22,,2020-08-10,,서울특별시 도봉구 창동 ***-*,PHMG120223090033047000164,3090000,"서울특별시 도봉구 덕릉로**길 **, *층 (창동)",01474,01,영업/정상,,,,
우리도봉,2017-12-21,203090.990404757,460828.458528254,2026-05-03 22:34:43,I,03,폐업,2017-12-21 15:12:08,,2015-03-30,,서울특별시 도봉구 창동 ***번지 **호 ***호,PHMG120153090033047000017,3090000,"서울특별시 도봉구 도봉로 ***, *층 ***호 (창동)",01453,03,폐업,,,,
펄스캠생활과학(도봉지점),2021-10-01,203558.847496706,462789.017638655,2026-05-03 22:35:13,I,03,폐업,2021-10-01 15:51:11,,2019-10-18,,서울특별시 도봉구 방학동 ***번지 **호 *층,PHMG120193090033047000041,3090000,"서울특별시 도봉구 도당로 ***, *층 (방학동)",01351,03,폐업,,,02-938-8157,
성북마을,2024-10-04,201447.596116229,454442.573239504,2026-05-03 22:36:02,I,03,폐업,2024-10-04 11:42:15,,2022-01-26,,서울특별시 성북구 동선동*가 *-*,PHMG120223070034047000009,3070000,"서울특별시 성북구 동소문로**가길 **, *층 ***호 (동선동*가)",02845,03,폐업,,,,
CU 정릉베스트점,2025-06-18,200437.553595927,455216.359395367,2026-05-03 22:36:03,I,03,폐업,2025-06-19 13:34:29,,2022-02-03,,서울특별시 성북구 정릉동 ***-* 현대로얄빌라,PHMG120223070034047000015,3070000,"서울특별시 성북구 북악산로*길 **, 지층 (정릉동, 현대로얄빌라)",02821,03,폐업,,,02-941-0212,
엠케이홀딩스,,204146.473808874,464424.936726873,2026-05-03 22:36:06,I,15,전출,2025-02-12 09:10:59,,2021-04-30,,서울특별시 도봉구 도봉동 **-**,PHMG120253090033047000003,3090000,"서울특별시 도봉구 도봉로***길 **, *층 ***호 (도봉동)",01320,05,제외/삭제/전출,,,,
썬바이오의료기,,203384.542531594,455794.101607746,2026-05-03 22:34:40,I,15,전출,2016-05-11 10:56:58,,2014-05-29,136-130,서울특별시 성북구 하월곡동 **번지 ***호 *층,PHMG120143070034047000018,3070000,"서울특별시 성북구 화랑로*길 **, *층 (하월곡동)",02751,05,제외/삭제/전출,,,22086170,
칼라클럽,,202938.963333333,462806.303814012,2026-05-03 22:36:00,I,13,영업중,2023-09-14 18:21:04,,2023-09-13,,서울특별시 도봉구 방학동 ***-**,PHMG120233090033047000060,3090000,"서울특별시 도봉구 시루봉로 ***-*, *층 (방학동)",01355,01,영업/정상,,,02-446-0663,
주식회사 씨앤씨콘택트,,202864.325504679,455764.576819093,2026-05-03 22:35:17,I,13,영업중,2024-08-07 15:54:01,,2017-02-06,,서울특별시 성북구 하월곡동 **-*** ***호,PHMG120173070034047000012,3070000,"서울특별시 성북구 화랑로*길 **, *층 ***호 (하월곡동)",02739,01,영업/정상,,,02-909-0485,
씨유장위으뜸점,,204347.542916355,456446.667149474,2026-05-03 22:36:02,I,13,영업중,2022-02-03 09:30:34,,2022-02-03,,서울특별시 성북구 장위동 **-***,PHMG120223070034047000012,3070000,"서울특별시 성북구 장월로*길 **, *층 (장위동)",02769,01,영업/정상,,,,
헬스플러스,2011-12-22,200841.726990037,454721.505180141,2026-05-03 22:34:08,I,03,폐업,2011-12-22 17:38:23,,2010-04-22,136-753,서울특별시 성북구 돈암*동 ***번지 *호 한진아파트 상가***동****호,PHMG120103070034047000016,3070000,"서울특별시 성북구 성북로*길 ** (돈암동,한진아파트 상가***동****호)",,03,폐업,,,,
CU삼선동4가점,2025-02-13,201098.141324865,454118.960336592,2026-05-03 22:36:18,I,03,폐업,2025-02-14 11:28:49,,2022-12-02,,서울특별시 성북구 삼선동*가 ***,PHMG120223070034047000238,3070000,"서울특별시 성북구 삼선교로 **, *층 (삼선동*가)",02861,03,폐업,,,,
(주)케어풋솔루션,,204689.678517629,456354.895918245,2026-05-03 22:36:34,I,13,영업중,2024-07-04 16:21:21,,2024-07-04,,서울특별시 성북구 장위동 **-*** 우남빌딩 ***호,PHMG120243070034047000044,3070000,"서울특별시 성북구 화랑로 ***, 우남빌딩 *층 ***호 (장위동)",02772,01,영업/정상,,,,
니꼴 아르베니,2011-04-27,201644.535808512,454611.252488482,2026-05-03 22:34:15,I,03,폐업,2020-12-01 11:18:42,,2010-11-11,,서울특별시 성북구 동선동*가 *** 대은빌딩,PHMG120103070034047000041,3070000,"서울특별시 성북구 동소문로**가길 **, 대은빌딩 지하*층 (동선동*가)",02845,03,폐업,,,,
듀죤쥬리네 신창지점,2009-06-05,,,2026-05-03 22:33:51,I,03,폐업,2009-11-30 10:50:22,,2007-10-05,132-906,"서울특별시 도봉구모랫말길 **(창*동 ***-*), *층",PHMG120073090033047000014,3090000,,,03,폐업,,,,
GS25방학로,2018-11-12,204216.7367144,462196.768209029,2026-05-03 22:34:43,I,03,폐업,2018-11-13 09:50:33,,2015-04-09,132-854,서울특별시 도봉구 방학동 ***번지 **호,PHMG120153090033047000021,3090000,"서울특별시 도봉구 방학로 **, *층 (방학동)",01407,03,폐업,,,,
드림케어,,205039.603609202,456862.175018474,2026-05-03 22:34:38,I,15,전출,2017-12-13 16:13:28,,2013-06-07,136-826,서울특별시 성북구 장위*동 **번지 **호 *층,PHMG120133070034047000027,3070000,서울특별시 성북구 장위로**길 ** (장위동),02775,05,제외/삭제/전출,,,,
좋은날플러스,2013-08-13,201693.365747329,454130.969943327,2026-05-03 22:34:27,I,03,폐업,2013-08-13 10:51:25,,2011-10-24,136-052,서울특별시 성북구 동선동*가 ***번지 *층,PHMG120113070034047000058,3070000,서울특별시 성북구 보문로**가길 * (동선동*가),,03,폐업,,,02-3291-0009,
지티(Good Trade),2016-05-24,200226.372590249,456669.937930634,2026-05-03 22:34:43,I,03,폐업,2016-05-24 11:21:38,,2014-08-26,136-853,서울특별시 성북구 정릉동 ***번지 *호 *층,PHMG120143070034047000037,3070000,"서울특별시 성북구 솔샘로**라길 *-*, *층 (정릉동)",02706,03,폐업,,,,
코리아엘씨(Korea L/C),2023-07-05,201611.813982106,454335.984501904,2026-05-03 22:36:11,I,03,폐업,2023-07-05 15:45:34,,2022-03-07,,서울특별시 성북구 동선동*가 **-* 창천프라자,PHMG120223070034047000090,3070000,"서울특별시 성북구 보문로**길 **, 창천프라자 ***호 (동선동*가)",02845,03,폐업,,,,
나음,2018-05-14,204455.17643053,457220.216056518,2026-05-03 22:35:22,I,03,폐업,2018-05-14 16:36:03,,2017-10-23,,서울특별시 성북구 장위동 **번지 **호,PHMG120173070034047000061,3070000,"서울특별시 성북구 장월로**길 **, *층 (장위동)",02766,03,폐업,,,,
한빛유통,2023-11-01,202223.981996739,461645.103989763,2026-05-03 22:35:55,I,03,폐업,2023-11-01 17:24:27,,2023-01-09,,서울특별시 도봉구 방학동 ***-* 청구아파트 ***동 ****호,PHMG120233090033047000008,3090000,"서울특별시 도봉구 시루봉로 **, ***동 ****호 (방학동, 청구아파트)",01374,03,폐업,,,,
상상디자인연구소,2025-12-05,200836.169860288,453384.726106159,2026-05-03 22:36:31,I,03,폐업,2025-12-05 14:15:00,,2024-01-23,,서울특별시 성북구 삼선동*가 *** 한성대학교,PHMG120243070034047000010,3070000,"서울특별시 성북구 삼선교로**길 ***, 한성대학교 ***호 (삼선동*가)",02876,03,폐업,,,02-760-4072,
세븐일레븐방학빌리지점,,203225.254694576,462426.890845641,2026-05-03 22:35:32,I,13,영업중,2021-05-12 17:41:27,,2021-05-12,,서울특별시 도봉구 방학동 ***-*,PHMG120213090033047000045,3090000,"서울특별시 도봉구 방학로*길 **-*, *층 (방학동)",01342,01,영업/정상,,,,
㈜바이더웨이 성북길음점,2015-04-24,202353.894301223,456019.210100392,2026-05-03 22:34:46,I,03,폐업,2015-04-24 15:03:12,,2014-10-31,136-800,서울특별시 성북구 길음동 ***번지 **호,PHMG120143070034047000067,3070000,서울특별시 성북구 동소문로**길 * (길음동),,03,폐업,,,,
보경메디칼,2022-08-05,204345.826664906,461119.957690091,2026-05-03 22:34:25,I,03,폐업,2022-08-05 14:49:51,,2011-10-20,,서울특별시 도봉구 창동 *,PHMG120113090033047000050,3090000,"서울특별시 도봉구 노해로**길 *, 지하*층 **-*호 (창동)",01414,03,폐업,,,02-954-4393,
(주)세븐일레븐 성신여대수정관점,2019-10-23,201875.186140306,454403.293978173,2026-05-03 22:34:45,I,03,폐업,2019-10-23 10:43:14,,2014-10-31,136-742,서울특별시 성북구 돈암동 ***번지 *호,PHMG120143070034047000052,3070000,서울특별시 성북구 보문로**다길 * (돈암동),02844,03,폐업,,,,
(주)코리아세븐 성북동소문점,2019-10-14,200983.813856115,454392.520904994,2026-05-03 22:35:01,I,03,폐업,2019-10-14 16:14:58,,2016-02-05,,서울특별시 성북구 동소문동*가 ***번지 *층,PHMG120163070034047000007,3070000,"서울특별시 성북구 동소문로**가길 **, *층 (동소문동*가, 용우빌딩)",02832,03,폐업,,,,
GS25방학신동아점,2017-12-21,202448.880217889,462334.998539526,2026-05-03 22:34:47,I,03,폐업,2017-12-21 14:40:45,,2015-10-29,,"서울특별시 도봉구 방학동 ***번지 신동아아파트 *층 ***, ***, ***호",PHMG120153090033047000064,3090000,"서울특별시 도봉구 방학로**길 **, *층 ***,***,***호 (방학동, 신동아아파트상가동)",01359,03,폐업,,,070-7572-8039,
연코리아,2010-03-05,201983.022626823,456151.774223393,2026-05-03 22:33:55,I,03,폐업,2010-03-07 14:39:26,,2009-01-21,136-110,서울특별시 성북구 길음동 ****번지 (*층),PHMG120093070034047000002,3070000,"서울특별시 성북구 삼양로 ** (길음동,(*층))",,03,폐업,,,,
숯과건강,2016-05-23,,,2026-05-03 22:34:02,I,03,폐업,2016-07-10 14:30:18,,2009-10-14,136-140,서울특별시 성북구 장위동 ***번지 **호,PHMG120093070034047000051,3070000,서울특별시 성북구 장월로 *** (장위동),02760,03,폐업,,,,
가민네트워크,2023-01-10,204079.994702647,457579.21641655,2026-05-03 22:36:17,I,03,폐업,2023-01-10 17:43:54,,2022-08-29,,서울특별시 성북구 장위동 *** 꿈의숲대명루첸아파트,PHMG120223070034047000211,3070000,"서울특별시 성북구 월계로**길 **, ***동 ***호 (장위동, 꿈의숲대명루첸아파트)",02757,03,폐업,,,,
이엠케이,,200242.231598804,456499.635071145,2026-05-03 22:36:31,I,13,영업중,2024-01-16 17:06:44,,2024-01-14,,서울특별시 성북구 정릉동 ***-**,PHMG120243070034047000008,3070000,"서울특별시 성북구 솔샘로*가길 **, ***호 (정릉동)",02708,01,영업/정상,,,,
지에스25도봉럭키점,,203755.220288412,463954.899061275,2026-05-03 22:35:48,I,13,영업중,2022-07-08 09:37:53,,2022-07-08,,서울특별시 도봉구 도봉동 ***-**,PHMG120223090033047000124,3090000,"서울특별시 도봉구 도봉로***나길 **, *층 (도봉동)",01307,01,영업/정상,,,02-972-0344,
(주)코리아세븐 S안암역점,2016-08-16,,,2026-05-03 22:34:48,I,03,폐업,2016-08-16 14:20:18,,2014-11-19,136-075,서울특별시 성북구 안암동*가 ***번지  지하철안암역 B*X*-*,PHMG120143070034047000092,3070000,,,03,폐업,,,,
세영과학,2015-05-15,200426.003382604,456287.693876267,2026-05-03 22:34:40,I,03,폐업,2015-05-15 14:44:03,,2014-03-17,136-850,서울특별시 성북구 정릉동 ***번지 **호,PHMG120143070034047000011,3070000,서울특별시 성북구 솔샘로 **-** (정릉동),,03,폐업,,,02-3292-1803,
GS25 정릉시티점,2016-06-30,200765.49762331,456541.983878197,2026-05-03 22:34:47,I,03,폐업,2016-06-30 11:29:49,,2014-11-06,136-849,서울특별시 성북구 정릉동 ***번지 ***호,PHMG120143070034047000075,3070000,서울특별시 성북구 보국문로**길 ** (정릉동),02717,03,폐업,,,,
호주 코리아,2023-08-14,203787.397929497,465106.406054016,2026-05-03 22:35:37,I,03,폐업,2023-08-14 15:50:03,,2021-10-01,,서울특별시 도봉구 도봉동 ***-*,PHMG120213090033047000068,3090000,"서울특별시 도봉구 도봉산*나길 **, ***호 (도봉동)",01301,03,폐업,,,,
주식회사 코리아오앤드피,2011-03-22,201939.334933766,453801.296552837,2026-05-03 22:34:07,I,03,폐업,2011-03-22 11:05:08,,2010-04-15,136-072,서울특별시 성북구 안암동*가 ***번지 *호 나동 *층,PHMG120103070034047000013,3070000,"서울특별시 성북구 인촌로 ** (안암동*가,나동 *층)",,03,폐업,,,,
주식회사엠씨메디텍,2020-07-09,202998.896551621,461818.506049631,2026-05-03 22:35:05,I,03,폐업,2020-07-09 13:31:15,,2019-01-10,,서울특별시 도봉구 쌍문동 **번지,PHMG120193090033047000002,3090000,"서울특별시 도봉구 도당로 *, *층 ***호 (쌍문동)",01385,03,폐업,,,,
심안메디칼,2012-06-07,205996.717928956,456704.522324447,2026-05-03 22:34:13,I,03,폐업,2020-12-01 11:21:05,,2010-10-25,,서울특별시 성북구 석관동 ** 두산아파트,PHMG120103070034047000037,3070000,"서울특별시 성북구 화랑로**길 **, *층 ***호 (석관동, 두산아파트)",02780,03,폐업,,,02-963-6710,
올굿즈,2021-11-08,203121.339068796,455858.27133484,2026-05-03 22:35:19,I,03,폐업,2021-11-08 13:11:11,,2017-05-22,,서울특별시 성북구 하월곡동 **번지 *호 월드빌,PHMG120173070034047000039,3070000,"서울특별시 성북구 오패산로*길 **-*, 월드빌 A동 ***호 (하월곡동)",02738,03,폐업,,,,
(주)미래스쿨앤,2012-08-07,203775.841374634,464819.528370118,2026-05-03 22:34:20,I,24,직권폐업,2012-08-23 09:39:14,,2011-04-15,132-815,서울특별시 도봉구 도봉*동 ***번지 *호 *층,PHMG120113090033047000014,3090000,"서울특별시 도봉구 도봉산*길 **, *층 (도봉동)",,04,취소/말소/만료/정지/중지,,,21137666,
장수돌침대(주)현대백화점미아점,,202466.801084521,456227.571720914,2026-05-03 22:34:12,I,13,영업중,2025-06-30 15:47:03,,2010-09-06,,서울특별시 성북구 길음동 **번지 *호 현대백화점미아점,PHMG120103070034047000031,3070000,"서울특별시 성북구 동소문로 ***, 현대백화점미아점 *층 (길음동)",02730,01,영업/정상,,,,
씨유 동선중앙점,2015-09-08,201554.329941384,454266.730084178,2026-05-03 22:34:47,I,03,폐업,2015-09-08 17:18:46,,2014-11-17,136-052,서울특별시 성북구 동선동*가 **번지,PHMG120143070034047000088,3070000,서울특별시 성북구 동소문로**길 ** (동선동*가),02849,03,폐업,,,,
안경박사도봉점,2016-05-23,203832.632451133,464654.516411871,2026-05-03 22:34:51,I,03,폐업,2016-05-23 10:42:18,,2016-05-12,,서울특별시 도봉구 도봉동 ***번지 **호,PHMG120163090033047000020,3090000,"서울특별시 도봉구 도봉로***길 **, *층 (도봉동)",01303,03,폐업,,,02-954-3049,
샛별의료기,,203513.927361812,461686.617003529,2026-05-03 22:35:57,I,15,전출,2024-04-25 16:13:04,,2021-01-25,,서울특별시 도봉구 창동 ***-**,PHMG120233090033047000024,3090000,"서울특별시 도봉구 도봉로***길 *, *층 (창동)",01401,05,제외/삭제/전출,,,,149
석계메디칼,2015-06-05,205996.717928956,456704.522324447,2026-05-03 22:34:32,I,03,폐업,2015-06-05 17:07:25,,2012-06-12,136-761,서울특별시 성북구 석관동 두산아파트단지내상가 ***동 *-***호,PHMG120123070034047000033,3070000,서울특별시 성북구 화랑로**길 ** (석관동),,03,폐업,,,,
파피용,2022-11-21,203831.240616823,460855.122289493,2026-05-03 22:35:20,I,03,폐업,2022-11-21 17:46:40,,2020-09-23,,서울특별시 도봉구 창동 *** 주공*단지아파트,PHMG120203090033047000039,3090000,"서울특별시 도봉구 해등로 **, ***동 ***호 (창동, 주공*단지아파트)",01421,03,폐업,,,,
드림케어,2025-05-20,204397.004135761,461175.40204195,2026-05-03 22:34:56,I,03,폐업,2025-05-20 11:32:05,,2017-03-02,,서울특별시 도봉구 창동 **번지 *호 세정빌딩,PHMG120173090033047000009,3090000,"서울특별시 도봉구 노해로**길 **, 세정빌딩 ***-*호 (창동)",01414,03,폐업,,,,18.06
씨유도봉방학점,,203529.624359408,462929.478042746,2026-05-03 22:35:49,I,13,영업중,2022-07-13 17:28:00,,2022-07-13,,서울특별시 도봉구 방학동 ***-**,PHMG120223090033047000128,3090000,"서울특별시 도봉구 도당로**길 **, *층 (방학동)",01352,01,영업/정상,,,02-955-3818,
해피도봉힐링대리점,2014-10-29,203435.181360382,463070.729209446,2026-05-03 22:34:33,I,03,폐업,2014-12-15 14:03:40,,2013-10-11,132-011,서울특별시 도봉구 도봉*동 ***번지 **호,PHMG120133090033047000042,3090000,서울특별시 도봉구 도당로**길 ** (도봉동),,03,폐업,,,,107.5
대진의료기,2011-03-04,201768.954624973,453426.841551586,2026-05-03 22:33:50,I,03,폐업,2020-12-04 15:43:51,,2008-01-10,,서울특별시 성북구 보문동*가 **,PHMG120083070034047000002,3070000,"서울특별시 성북구 보문로 **, ***호 (보문동*가)",02852,03,폐업,,,,
주식회사 정인인더스,2013-05-10,201633.091375136,454287.742130074,2026-05-03 22:34:14,I,03,폐업,2013-05-10 11:13:33,,2010-11-02,136-052,서울특별시 성북구 동선동*가 ***번지 **호 지층,PHMG120103070034047000039,3070000,"서울특별시 성북구 보문로**길 **-* (동선동*가,지층)",,03,폐업,,,,
온샘바이오,2021-11-29,202925.57087047,455253.523708402,2026-05-03 22:35:46,I,03,폐업,2021-11-30 15:08:57,,2020-02-28,,서울특별시 성북구 종암동 **번지 *호,PHMG120203070034047000008,3070000,"서울특별시 성북구 종암로 ***, *층 (종암동)",02804,03,폐업,,,,
센스엘,2014-12-31,204368.471162464,456862.770756791,2026-05-03 22:34:13,I,03,폐업,2014-12-31 16:51:49,,2010-10-19,136-833,서울특별시 성북구 장위*동 ***번지 **호 지층,PHMG120103070034047000034,3070000,"서울특별시 성북구 장월로**길 ** (장위동,지층)",,03,폐업,,,02-909-4907,
(주)코리아세븐 정릉e편한세상점,,201646.640300822,455297.375163193,2026-05-03 22:35:57,I,13,영업중,2024-04-09 14:28:11,,2021-05-04,,서울특별시 성북구 정릉동 **** 정릉*차 e-편한세상,PHMG120213070034047000065,3070000,"서울특별시 성북구 북악산로 ***, 상가동 ***, ***호 (정릉동, 정릉*차 e-편한세상)",02818,01,영업/정상,,,02-909-5684,
오성테크,2019-08-13,200955.86180712,454578.881989911,2026-05-03 22:35:19,I,24,직권폐업,2019-08-14 14:09:34,,2017-02-22,,서울특별시 성북구 동소문동*가 ***번지 *호,PHMG120173070034047000022,3070000,"서울특별시 성북구 동소문로**길 **-*, 지층 ***호 (동소문동*가, 백호빌딩)",02832,04,취소/말소/만료/정지/중지,,,,
씨엠플러스,2009-04-03,201846.990777367,454948.808871862,2026-05-03 22:33:53,I,03,폐업,2020-12-02 17:00:18,,2008-09-05,,서울특별시 성북구 동선동*가 ***-*,PHMG120083070034047000033,3070000,"서울특별시 성북구 동소문로**길 *, *층 (동선동*가)",02840,03,폐업,,,,
효스토어,,202337.783038524,456539.190686079,2026-05-03 22:36:00,I,13,영업중,2021-09-06 14:46:13,,2021-09-01,,서울특별시 성북구 길음동 **** 래미안길음센터피스,PHMG120213070034047000100,3070000,"서울특별시 성북구 숭인로 **, ***동 ****호 (길음동, 래미안길음센터피스)",02727,01,영업/정상,,,,
세븐일레븐 정릉대로점,2021-11-26,201639.692721783,455523.142201788,2026-05-03 22:35:02,I,03,폐업,2021-11-26 13:51:18,,2016-03-14,,서울특별시 성북구 정릉동 **번지 ***호,PHMG120163070034047000013,3070000,서울특별시 성북구 정릉로 *** (정릉동),02816,03,폐업,,,02-942-2840,
우진아이엔씨,2024-10-16,203172.784644199,454430.648009792,2026-05-03 22:36:02,I,03,폐업,2024-10-16 13:26:01,,2019-06-21,,서울특별시 성북구 종암동 ** 거산프라자,PHMG120223070034047000005,3070000,"서울특별시 성북구 종암로 **, 거산프라자 신관동 *층 ***호 (종암동)",02796,03,폐업,,,02-6397-0801,
에스에이치웰빙샵,,201152.126199925,454955.669314121,2026-05-03 22:36:35,I,15,전출,2025-09-17 13:36:57,,2024-09-04,,서울특별시 성북구 동소문동*가 ** 경향빌딩,PHMG120243070034047000062,3070000,"서울특별시 성북구 아리랑로*길 **, 경향빌딩 *층 (동소문동*가)",02826,05,제외/삭제/전출,,,,
(주)이마트에브리데이창동점,2024-06-17,203027.627111443,460124.418353378,2026-05-03 22:35:31,I,03,폐업,2024-06-17 13:06:53,,2021-05-11,,서울특별시 도봉구 창동 ***-**,PHMG120213090033047000042,3090000,서울특별시 도봉구 도봉로***길 ** (창동),01460,03,폐업,,,,
센스엘,,204851.30533293,456309.446170016,2026-05-03 22:34:59,I,15,전출,2017-08-03 17:39:17,,2015-10-15,,서울특별시 성북구 석관동 ***번지 **호 *층,PHMG120153070034047000068,3070000,"서울특별시 성북구 화랑로**가길 **, *층 (석관동)",02789,05,제외/삭제/전출,,,,
CU안암학사점,2025-06-30,202789.692329185,454049.551940162,2026-05-03 22:36:16,I,03,폐업,2025-07-01 11:05:09,,2022-07-19,,서울특별시 성북구 안암동*가 *-* 고려대학교안암캠퍼스,PHMG120223070034047000194,3070000,"서울특별시 성북구 안암로 ***, 고려대학교안암캠퍼스 기숙사 지하*층 (안암동*가)",02841,03,폐업,,,,
(주)창용,,200662.617377602,454094.531352725,2026-05-03 22:35:40,I,13,영업중,2021-12-15 09:39:54,,2019-04-19,,서울특별시 성북구 동소문동*가 ***번지 애산빌딩,PHMG120193070034047000026,3070000,"서울특별시 성북구 동소문로 **-*, 애산빌딩 *층 (동소문동*가)",02860,01,영업/정상,,,02-742-6522,
이든네이처(도봉방학지사),2017-12-28,203633.124301546,463069.434141848,2026-05-03 22:34:51,I,03,폐업,2017-12-28 15:38:09,,2016-06-29,,서울특별시 도봉구 도봉동 ***번지 **호,PHMG120163090033047000031,3090000,"서울특별시 도봉구 도봉로***길 **, *층 (도봉동)",01349,03,폐업,,,02-954-9448,
맑은소리보청기,,203663.222587199,462505.455032714,2026-05-03 22:34:07,I,13,영업중,2011-11-01 15:42:48,,2010-06-23,132-853,서울특별시 도봉구 방학*동 ***번지 **호 외 *필지   ***호,PHMG120103090033047000020,3090000,"서울특별시 도봉구 도봉로 ***, ***호 (방학동)",01340,01,영업/정상,,,,
(주)케이피씨인터네셔널,,201623.097214797,454526.361323164,2026-05-03 22:36:29,I,13,영업중,2023-11-24 14:45:57,,2023-11-24,,서울특별시 성북구 동선동*가 ***-* 코아루센타시아,PHMG120233070034047000105,3070000,"서울특별시 성북구 동소문로**나길 **, 코아루센타시아 ***호 (동선동*가)",02845,01,영업/정상,,,,
CU창동그랜드점,,203516.311422556,461312.778998307,2026-05-03 22:35:30,I,13,영업중,2021-05-06 15:37:09,,2021-05-05,,서울특별시 도봉구 창동 ***-**,PHMG120213090033047000037,3090000,서울특별시 도봉구 해등로 *** (창동),01426,01,영업/정상,,,02-999-6445,
효제상사,2023-06-29,200812.658723443,455996.211145446,2026-05-03 22:35:46,I,03,폐업,2023-06-29 16:13:08,,2020-03-09,,서울특별시 성북구 정릉동 *** 정릉푸르지오아파트,PHMG120203070034047000009,3070000,"서울특별시 성북구 보국문로 **, ***동 ****호 (정릉동, 정릉푸르지오아파트)",02710,03,폐업,,,,
제이에스컴퍼니,,201951.992280451,455993.808805952,2026-05-03 22:36:36,I,13,영업중,2025-01-23 18:20:56,,2025-01-19,,서울특별시 성북구 길음동 **** 길음뉴타운,PHMG120253070034047000011,3070000,"서울특별시 성북구 길음로 **, ***동 ***호 (길음동, 길음뉴타운)",02725,01,영업/정상,,,,
(주)비지에프휴먼넷CU방학렉시온점,,203877.316994433,462960.615197443,2026-05-03 22:35:34,I,13,영업중,2025-01-23 16:31:21,,2021-06-03,,서울특별시 도봉구 방학동 ***-* 북한산현대렉시온오피스텔,PHMG120213090033047000052,3090000,"서울특별시 도봉구 도봉로***길 **, *층 ***호 (방학동)",01332,01,영업/정상,,,02-956-4557,
탑셀바이오뱅크,2023-04-20,200443.56826147,453974.078307204,2026-05-03 22:36:16,I,03,폐업,2023-04-20 14:39:09,,2018-06-19,,서울특별시 성북구 삼선동*가 ** 기아자동차,PHMG120223070034047000178,3070000,"서울특별시 성북구 창경궁로 ***, *층 (삼선동*가)",02866,03,폐업,,,,
다온케어,,203788.569424152,463619.198756319,2026-05-03 22:35:15,I,15,전출,2021-02-19 17:48:15,,2019-11-06,,서울특별시 도봉구 도봉동 ***번지 **호 노블하우징 A ***호,PHMG120193090033047000044,3090000,"서울특별시 도봉구 도봉로***나길 ***, *층 ***호 (도봉동, 노블하우징 A)",01308,05,제외/삭제/전출,,,,
천기권의료기,2012-10-08,201320.065748094,454426.542038009,2026-05-03 22:33:54,I,03,폐업,2012-10-08 13:43:50,,2008-10-13,136-035,서울특별시 성북구 동소문동*가 **번지 *호,PHMG120083070034047000039,3070000,서울특별시 성북구 동소문로**길 * (동소문동*가),,03,폐업,,,02-951-7588,
알파문구 고대안암점,2023-07-05,202626.152384261,453802.065103345,2026-05-03 22:35:37,I,03,폐업,2023-07-05 15:46:19,,2018-09-07,,서울특별시 성북구 안암동*가 **번지 주니퍼빌딩,PHMG120183070034047000062,3070000,"서울특별시 성북구 고려대로 **, 주니퍼빌딩 지하*층 (안암동*가)",02842,03,폐업,,,02-953-6720,
에바다체험케어,2016-09-28,203686.81708356,459009.265716602,2026-05-03 22:34:34,I,03,폐업,2016-09-28 16:57:39,,2014-01-16,,서울특별시 도봉구 창동 ***번지 **통 *반 초안산신도브래뉴아파트 ***동 ***호,PHMG120143090033047000001,3090000,"서울특별시 도봉구 해등로**길 **-**, *층 (창동)",01402,03,폐업,,,,
겸스토어,2024-06-21,203262.897642384,460455.83997874,2026-05-03 22:36:00,I,03,폐업,2024-06-22 10:37:34,,2023-09-04,,서울특별시 도봉구 창동 ***-**,PHMG120233090033047000057,3090000,"서울특별시 도봉구 도봉로***길 **, ***호 (창동)",01456,03,폐업,,,,
GS25방학점,2025-07-08,202954.190289158,462859.320040282,2026-05-03 22:35:40,I,03,폐업,2025-07-08 11:32:13,,2022-02-04,,서울특별시 도봉구 방학동 ***-**,PHMG120223090033047000024,3090000,"서울특별시 도봉구 시루봉로 ***, *층 (방학동)",01314,03,폐업,,,02-3493-5800,
비즈모아,2024-12-26,204161.941964513,463593.048074882,2026-05-03 22:35:45,I,03,폐업,2024-12-26 14:24:33,,2022-02-14,,서울특별시 도봉구 도봉동 ***-***,PHMG120223090033047000065,3090000,"서울특별시 도봉구 마들로 ***-*, *층 *호 (도봉동)",01325,03,폐업,,,,
신신의료기,2014-08-18,203104.375371508,462460.664149857,2026-05-03 22:34:09,I,03,폐업,2014-08-18 15:34:40,,2010-10-25,132-021,서울특별시 도봉구 방학*동 ***번지 *호 *층 ***호,PHMG120103090033047000033,3090000,"서울특별시 도봉구 도당로 **, ***호 (방학동)",,03,폐업,,,63973542,
GS25쌍문사계절점,2023-09-04,202815.313561518,461851.103374685,2026-05-03 22:35:45,I,03,폐업,2023-09-04 14:05:28,,2022-02-14,,서울특별시 도봉구 쌍문동 ***-*,PHMG120223090033047000064,3090000,"서울특별시 도봉구 해등로**길 **, *층 (쌍문동)",01387,03,폐업,,,,
엠디케어,,204354.5,461162.92,2026-05-03 22:34:45,I,13,영업중,2015-07-01 18:25:06,,2015-06-30,132-898,창동 **번지 *호,PHMG120153090033047000046,3090000,"서울특별시 도봉구 노해로**길 **-**, *층 **호 (창동)",01414,01,영업/정상,,,22739775,
신진하이텍의료기,2013-11-25,201473.596167504,454273.333172772,2026-05-03 22:33:52,I,03,폐업,2013-11-26 09:19:35,,2008-05-21,136-051,서울특별시 성북구 동선동*가 **번지 *층,PHMG120083070034047000022,3070000,서울특별시 성북구 보문로**길 ** (동선동*가),,03,폐업,,,,
지오텍,,200694.230347109,454055.980570363,2026-05-03 22:36:18,I,13,영업중,2022-12-16 17:39:41,,2022-12-16,,서울특별시 성북구 동소문동*가 ***,PHMG120223070034047000240,3070000,서울특별시 성북구 동소문로*길 *-**(동소문동*가),02860,01,영업/정상,,,,
세븐일레븐쌍문역점,,202999.2675169,460616.701327584,2026-05-03 22:35:46,I,13,영업중,2023-06-21 16:46:06,,2022-02-15,,서울특별시 도봉구 창동 ***-** 삼성쉐르빌퍼스티,PHMG120223090033047000072,3090000,"서울특별시 도봉구 도봉로 ***, 삼성쉐르빌퍼스티 ***호 (창동)",01454,01,영업/정상,,,02-990-6963,
(주)발상코퍼레이션,,203250.198669162,455701.490029192,2026-05-03 22:35:38,I,15,전출,2019-11-28 08:56:24,,2019-01-04,,서울특별시 성북구 하월곡동 **번지 **호 구원빌딩,PHMG120193070034047000001,3070000,"서울특별시 성북구 오패산로 **, 구원빌딩 *층 (하월곡동)",02751,05,제외/삭제/전출,,,,
메디파워,2022-08-22,204345.826664906,461119.957690091,2026-05-03 22:34:55,I,03,폐업,2022-08-22 10:04:39,,2017-01-04,,서울특별시 도봉구 창동 *번지 지*층,PHMG120173090033047000001,3090000,"서울특별시 도봉구 노해로**길 *, 지*층 (창동)",01414,03,폐업,,,,
길재소프트 주식회사,,203934.360214315,455417.925754463,2026-05-03 22:35:06,I,15,전출,2019-05-10 11:04:20,,2016-05-04,,서울특별시 성북구 하월곡동 **번지 *호 한국과학기술연구원 에이치-*동 ***디호,PHMG120163070034047000025,3070000,"서울특별시 성북구 화랑로**길 *, 에이치-*동 ***디호 (하월곡동, 한국과학기술연구원)",02792,05,제외/삭제/전출,,,,
세우메디케어(주),2013-03-31,204238.33386129,461159.384486912,2026-05-03 22:34:16,I,03,폐업,2013-04-05 10:28:17,,2011-02-25,132-898,서울특별시 도봉구 창*동 *번지 다모아빌딩 ***호,PHMG120113090033047000008,3090000,"서울특별시 도봉구 마들로**가길 **, ***호 (창동)",,03,폐업,,,,
세븐일레븐창동금빛길점,,202927.968900392,459973.275358416,2026-05-03 22:35:44,I,13,영업중,2022-02-14 09:34:04,,2022-02-14,,서울특별시 도봉구 창동 ***-**,PHMG120223090033047000063,3090000,"서울특별시 도봉구 우이천로**길 **, *층 (창동)",01462,01,영업/정상,,,02-935-6576,
제일사,2015-12-17,205130.634679102,455967.84865536,2026-05-03 22:34:30,I,03,폐업,2015-12-17 15:21:17,,2012-04-18,136-819,서울특별시 성북구 석관동 ***번지 ***호,PHMG120123070034047000021,3070000,서울특별시 성북구 화랑로**길 *** (석관동),02789,03,폐업,,,32952021,
더조은메디컬,,203731.499066024,464103.750603124,2026-05-03 22:34:59,I,15,전출,2022-01-13 16:39:08,,2018-03-02,,서울특별시 도봉구 도봉동 ***-** 전자빌라,PHMG120183090033047000007,3090000,"서울특별시 도봉구 도봉로***길 **, ***호 (도봉동, 전자빌라)",01306,05,제외/삭제/전출,,,,
(주)코리아세븐 상월곡역점,2019-10-14,204268.741908141,456073.655437397,2026-05-03 22:35:12,I,03,폐업,2019-10-14 15:46:30,,2016-10-31,,서울특별시 성북구 상월곡동 **번지 *호,PHMG120163070034047000059,3070000,서울특별시 성북구 화랑로 *** (상월곡동),02773,03,폐업,,,,
워넬코리아,2010-05-31,,,2026-05-03 22:33:54,I,03,폐업,2010-05-31 13:22:12,,2008-07-18,132-926,서울특별시 도봉구해등길 ***-*(창*동 ***-**),PHMG120083090033047000020,3090000,,,03,폐업,,,,
지에스25(GS25)창동그린점,2025-02-13,203961.427729229,461370.607446335,2026-05-03 22:36:00,I,03,폐업,2025-02-13 13:32:47,,2023-10-26,,서울특별시 도봉구 창동 *** 동아빌라,PHMG120233090033047000067,3090000,"서울특별시 도봉구 노해로**다길 **, ****, ****, ***, ***호 (창동, 동아빌라)",01399,03,폐업,,,,
아가방(주)엘르뿌뽕 미아점,2015-06-09,202466.801084521,456227.571720914,2026-05-03 22:33:39,I,03,폐업,2015-06-09 16:44:02,,2003-10-07,136-719,서울특별시 성북구 길음동 **번지 *호,PHMG120033070034047000005,3070000,서울특별시 성북구 동소문로 *** (길음동),,03,폐업,,,02-2117-2624,
와이제이,2010-07-08,203745.98889507,456787.183736206,2026-05-03 22:34:05,I,03,폐업,2013-04-01 10:32:31,,2010-01-06,136-140,서울특별시 성북구 장위동 ***번지 ***호 *층,PHMG120103070034047000001,3070000,"서울특별시 성북구 장위로**길 **-* (장위동,*층)",,03,폐업,,,,
(주)제일메드,,205996.717928956,456704.522324447,2026-05-03 22:35:48,I,13,영업중,2020-09-08 16:24:06,,2019-04-15,,서울특별시 성북구 석관동 ** 두산아파트,PHMG120203070034047000051,3070000,"서울특별시 성북구 화랑로**길 **, 주상가동 ***호 (석관동, 두산아파트)",02780,01,영업/정상,,,02-900-9248,
세븐일레븐도봉파크빌점,,204222.46195029,465025.246646886,2026-05-03 22:35:33,I,13,영업중,2021-05-12 17:42:27,,2021-05-12,,서울특별시 도봉구 도봉동 *** 도봉파크빌*단지아파트,PHMG120213090033047000046,3090000,"서울특별시 도봉구 마들로 ***, 상가동 ***호 (도봉동, 도봉파크빌*단지아파트)",01318,01,영업/정상,,,,
㈜코리아세븐 장위꿈의숲점,2024-08-07,204370.098492491,457210.645675333,2026-05-03 22:36:16,I,03,폐업,2024-08-07 17:22:52,,2022-07-18,,서울특별시 성북구 장위동 ***-**,PHMG120223070034047000190,3070000,"서울특별시 성북구 장월로 ***, *층 (장위동)",02766,03,폐업,,,,
세븐일레븐 쌍문점,,201076.85313831,461021.925111838,2026-05-03 22:35:30,I,13,영업중,2024-06-20 11:47:42,,2021-05-04,,서울특별시 도봉구 쌍문동 ***-**,PHMG120213090033047000036,3090000,서울특별시 도봉구 삼양로 *** (쌍문동),01368,01,영업/정상,,,,
엔라이프,2018-05-28,203194.11728589,455683.938872791,2026-05-03 22:35:02,I,03,폐업,2018-05-28 09:48:25,,2016-03-25,,서울특별시 성북구 하월곡동 **번지 **호 ***호,PHMG120163070034047000015,3070000,"서울특별시 성북구 오패산로*길 *, ***호 (하월곡동)",02740,03,폐업,,,02-941-5428,
씨유장위미래,2016-10-11,,,2026-05-03 22:34:48,I,03,폐업,2016-10-11 17:03:14,,2014-11-24,136-140,서울특별시 성북구 장위동 ***번지 **호,PHMG120143070034047000101,3070000,서울특별시 성북구 장월로 ***-* (장위동),02760,03,폐업,,,,
(주)교림아이텍,2009-05-15,203391.822778429,455590.997554483,2026-05-03 22:33:40,I,03,폐업,2020-12-08 17:10:06,,2004-10-15,,서울특별시 성북구 하월곡동 **-**,PHMG120043070034047000012,3070000,서울특별시 성북구 화랑로 ** (하월곡동),02751,03,폐업,,,02-918-2232,
호성메디칼,,202887.735294472,455516.204264925,2026-05-03 22:35:02,I,15,전출,2019-07-09 16:47:24,,2016-03-25,,서울특별시 성북구 종암동 ***번지 ***호 *층,PHMG120163070034047000016,3070000,"서울특별시 성북구 종암로 ***, *층 ***호 (종암동, 종암우림카이저팰리스)",02797,05,제외/삭제/전출,,,02-966-4098,
원진MED,,201284.583416991,454363.294042709,2026-05-03 22:35:30,I,15,전출,2018-12-27 09:54:40,,2018-04-27,,서울특별시 성북구 동소문동*가 **번지 *호,PHMG120183070034047000029,3070000,"서울특별시 성북구 동소문로 **-**, *층 ***호 (동소문동*가)",02846,05,제외/삭제/전출,,,,
보원의료기,2012-03-26,204011.919617341,461194.791887383,2026-05-03 22:33:55,I,03,폐업,2012-03-27 10:18:34,,2008-09-19,132-045,서울특별시 도봉구 창*동 ***번지 **호 우림빌딩 ***호,PHMG120083090033047000026,3090000,"서울특별시 도봉구 노해로**길 **, ***호 (창동)",,03,폐업,,,,
월곡메디칼,2023-07-12,203649.811269449,455662.299341418,2026-05-03 22:35:42,I,03,폐업,2023-07-12 10:11:48,,2019-09-09,,서울특별시 성북구 하월곡동 ***번지 월곡갑을명가,PHMG120193070034047000042,3070000,"서울특별시 성북구 화랑로**길 **, *층 ***호 (하월곡동, 월곡갑을명가)",02751,03,폐업,,,,
태풍,,202409.737881785,453292.017730612,2026-05-03 22:35:48,I,15,전출,2022-02-16 13:19:56,,2020-10-13,,서울특별시 성북구 안암동*가 ***-**,PHMG120203070034047000055,3070000,"서울특별시 성북구 안암로 **-*, *층 (안암동*가)",02857,05,제외/삭제/전출,,,02-6348-7800,
지에스(GS)25 창동엔젤점,,203425.755368689,460244.784794262,2026-05-03 22:35:46,I,13,영업중,2022-03-25 17:55:15,,2022-03-25,,서울특별시 도봉구 창동 ***-**,PHMG120223090033047000091,3090000,"서울특별시 도봉구 도봉로***길 ***, *층 (창동)",01463,01,영업/정상,,,,
현대의료기,,202326.175760253,462116.40856417,2026-05-03 22:33:53,I,13,영업중,2012-05-24 11:12:23,,2008-01-25,132-828,서울특별시 도봉구 방학*동 ***번지 *호 신동아프라자 ***~***호,PHMG120083090033047000004,3090000,"서울특별시 도봉구 방학로 ***, ***~***호 (방학동, 신동아프라자)",01362,01,영업/정상,,,34935777,
광성메디맥스,2021-09-09,202812.17507466,462184.243362477,2026-05-03 22:35:28,I,03,폐업,2021-09-09 15:42:51,,2021-04-20,,서울특별시 도봉구 방학동 ***-*,PHMG120213090033047000021,3090000,"서울특별시 도봉구 방학로 ***, 지하*층 (방학동)",01384,03,폐업,,,,
비앤케어,,201843.677296029,454835.965145647,2026-05-03 22:35:28,I,15,전출,2022-02-17 13:11:09,,2018-03-06,,서울특별시 성북구 동선동*가 ***번지 태극에버빌아파트,PHMG120183070034047000012,3070000,"서울특별시 성북구 동소문로**마길 **, ***호 (동선동*가, 태극에버빌아파트)",02840,05,제외/삭제/전출,,,,
나우메디피아,2012-08-09,204506.921108086,461239.917552563,2026-05-03 22:34:25,I,03,폐업,2012-08-09 16:16:33,,2011-12-05,132-899,서울특별시 도봉구 창*동 **번지 *호 백상빌딩 ****호,PHMG120113090033047000056,3090000,"서울특별시 도봉구 노해로 ***-**, ****호 (창동, 백상빌딩)",,03,폐업,,,,
금강보청기,,203964.829171358,464625.423162623,2026-05-03 22:33:53,I,13,영업중,2022-07-25 16:45:08,,2008-01-17,132-813,서울특별시 도봉구 도봉*동 ***번지 **호 *층,PHMG120083090033047000003,3090000,"서울특별시 도봉구 도봉로 ***, *층 (도봉동)",01303,01,영업/정상,,,02-954-8887,
더원메디텍,2016-08-31,204136.58447783,463573.102150294,2026-05-03 22:34:27,I,03,폐업,2016-08-31 16:35:19,,2012-08-08,132-012,서울특별시 도봉구 도봉*동 ***번지 도봉한양수자인 상가  ***호,PHMG120123090033047000014,3090000,"서울특별시 도봉구 마들로 ***, ***호 (도봉동, 도봉한양수자인 상가)",01325,03,폐업,,,,
GS25 국민대점,2024-02-13,199955.212381036,456157.423270204,2026-05-03 22:35:58,I,03,폐업,2024-02-13 16:19:54,,2021-05-11,,서울특별시 성북구 정릉동 ***-**,PHMG120213070034047000073,3070000,"서울특별시 성북구 정릉로**길 **, *층 (정릉동)",02812,03,폐업,,,,
GS25 성북삼선점,2016-08-31,201399.42894153,453983.958520083,2026-05-03 22:34:47,I,03,폐업,2016-08-31 16:36:13,,2014-11-06,136-045,서울특별시 성북구 삼선동*가 ***번지,PHMG120143070034047000074,3070000,서울특별시 성북구 삼선교로**길 **-* (삼선동*가),02862,03,폐업,,,,
그린메디,2022-07-08,203595.384636616,455453.171542623,2026-05-03 22:35:34,I,03,폐업,2022-07-11 14:42:49,,2018-06-07,,서울특별시 성북구 하월곡동 **번지 **호 광흥빌딩,PHMG120183070034047000043,3070000,"서울특별시 성북구 월곡로 ***-*, 광흥빌딩 *층 (하월곡동)",02793,03,폐업,,,,
GS25동소문본점,,200621.698679342,454145.26744254,2026-05-03 22:36:05,I,13,영업중,2022-02-07 09:44:34,,2022-02-07,,서울특별시 성북구 동소문동*가 ***,PHMG120223070034047000036,3070000,"서울특별시 성북구 성북로*길 **, *층 (동소문동*가)",02833,01,영업/정상,,,,
서울보청기 창동점,,204413.616574592,461378.588676784,2026-05-03 22:36:08,I,13,영업중,2025-03-07 11:30:54,,2025-03-05,,서울특별시 도봉구 창동 *-** 농협창동유통센타,PHMG120253090033047000013,3090000,"서울특별시 도봉구 마들로**길 **, 농협창동유통센타 지하*층 (창동)",01413,01,영업/정상,,,,19.8
주식회사 덴트엔,2019-08-13,203196.800963466,455429.846270094,2026-05-03 22:35:02,I,24,직권폐업,2019-08-14 14:07:47,,2016-04-15,,서울특별시 성북구 종암동 ***번지 *호 상가동 ***호,PHMG120163070034047000019,3070000,"서울특별시 성북구 종암로**가길 **, 상가동 ***호 (종암동, SK아파트)",02798,04,취소/말소/만료/정지/중지,,,070-8807-0866,
씨엠,2015-01-16,201462.28525858,454065.653270455,2026-05-03 22:33:35,I,03,폐업,2015-01-16 16:37:38,,1999-01-13,136-045,서울특별시 성북구 삼선동*가 ***번지 (지하*층),PHMG119993070034047000001,3070000,"서울특별시 성북구 인촌로*길 ** (삼선동*가,(지하*층))",,03,폐업,,,02-927-3181,
주식회사 월드의료기,,203267.070220497,462310.699769077,2026-05-03 22:34:21,I,13,영업중,2024-05-08 10:39:14,,2011-05-18,132-851,서울특별시 도봉구 방학*동 ***번지 **호 *층,PHMG120113090033047000020,3090000,"서울특별시 도봉구 방학로 ***-*, *층 (방학동)",01344,01,영업/정상,,,02-3492-7115,
사랑케어,,204239.83508106,460474.45043846,2026-05-03 22:36:01,I,13,영업중,2023-12-21 11:19:59,,2023-12-21,,서울특별시 도봉구 창동 **-*,PHMG120233090033047000072,3090000,"서울특별시 도봉구 노해로**길 ***, *층 (창동)",01423,01,영업/정상,,,,
웰덴트,2017-08-31,200316.125498544,457232.358367929,2026-05-03 22:35:07,I,03,폐업,2017-08-31 16:14:26,,2016-06-10,,서울특별시 성북구 정릉동 ***번지 *호 제지층 제*호,PHMG120163070034047000032,3070000,"서울특별시 성북구 보국문로**가길 *-* (정릉동, 제지층 제*호 )",02701,03,폐업,,,,
(주) 화미화장품 돈암지점,2010-02-10,201623.987602498,454604.475866902,2026-05-03 22:33:44,I,03,폐업,2020-12-08 14:50:00,,2005-10-13,,서울특별시 성북구 동선동*가 *** 명기빌딩,PHMG120053070034047000012,3070000,"서울특별시 성북구 동소문로**가길 **, 명기빌딩 *층 (동선동*가)",02845,03,폐업,,,02-921-1670,
제이앤컴퍼니(JNC),2023-10-10,204538.895640894,456853.80655856,2026-05-03 22:36:02,I,03,폐업,2023-10-10 17:53:30,,2022-01-11,,서울특별시 성북구 장위동 **-***,PHMG120223070034047000002,3070000,"서울특별시 성북구 장위로 ***, *층 (장위동)",02768,03,폐업,,,,
스포츠 토탈 케어,,204452.171477828,456338.861707297,2026-05-03 22:36:19,I,15,전출,2023-03-28 09:15:09,,2023-01-02,,서울특별시 성북구 상월곡동 *-***,PHMG120233070034047000004,3070000,서울특별시 성북구 화랑로**길 **-**(상월곡동),02773,05,제외/삭제/전출,,,,
도로시,2021-01-19,203242.968498731,460001.081136921,2026-05-03 22:35:10,I,24,직권폐업,2021-01-19 16:04:14,,2019-07-25,,서울특별시 도봉구 창동 ***번지 창동대우아파트 ***동 ****호,PHMG120193090033047000030,3090000,"서울특별시 도봉구 덕릉로**가길 **, ***동 ****호 (창동, 창동대우아파트)",01465,04,취소/말소/만료/정지/중지,,,,
(주)내가웰빙,,203165.318912734,461482.444963661,2026-05-03 22:33:50,I,15,전출,2016-03-28 11:25:50,,2006-12-13,132-862,서울특별시 도봉구 쌍문*동 **번지 **호 한양빌딩 *층,PHMG120063090033047000017,3090000,"서울특별시 도봉구 도봉로***길 **, *층 (쌍문동)",01432,05,제외/삭제/전출,,,,
지에스(GS)25신창소망점,,203588.992996718,459061.623073156,2026-05-03 22:35:58,I,13,영업중,2024-04-08 16:24:21,,2023-05-17,,서울특별시 도봉구 창동 ***-**,PHMG120233090033047000034,3090000,"서울특별시 도봉구 우이천로*길 **, *층 (창동)",01481,01,영업/정상,,,,
하쿠나컴퍼니,2025-12-26,201963.671977924,453630.295067259,2026-05-03 22:36:30,I,03,폐업,2025-12-24 15:50:13,,2023-12-11,,서울특별시 성북구 안암동*가 **-* 대광빌라,PHMG120233070034047000111,3070000,"서울특별시 성북구 고려대로**길 **, ***호 (안암동*가, 대광빌라)",02853,03,폐업,,,,
씨유석관아트리치,2023-12-29,205530.525661614,455979.625086842,2026-05-03 22:36:16,I,03,폐업,2023-12-29 15:11:27,,2022-07-15,,서울특별시 성북구 석관동 *** 래미안아트리치,PHMG120223070034047000180,3070000,"서울특별시 성북구 돌곶이로*길 **, 래미안아트리치상가동 ***호 (석관동, 래미안아트리치)",02786,03,폐업,,,,
씨유 일등고대점,,202519.138631582,453486.871366175,2026-05-03 22:36:04,I,13,영업중,2022-02-03 17:54:40,,2022-02-03,,서울특별시 성북구 안암동*가 ***-***,PHMG120223070034047000026,3070000,"서울특별시 성북구 고려대로**길 **, *층 (안암동*가)",02855,01,영업/정상,,,,
해피랜드 홈플러스방학점,2015-12-17,,,2026-05-03 22:34:23,I,24,직권폐업,2015-12-17 16:21:47,,2011-07-19,132-854,서울특별시 도봉구 방학*동 ***번지 *호 홈플러스방학점 *층,PHMG120113090033047000037,3090000,"서울특별시 도봉구 도봉로 ***, *층 (방학동, 홈플러스방학점)",01334,04,취소/말소/만료/정지/중지,,,,
성진양행,,201853.327391872,453582.878414993,2026-05-03 22:35:41,I,13,영업중,2019-05-20 20:12:29,,2019-05-20,,서울특별시 성북구 안암동*가 *번지 서진빌라,PHMG120193070034047000029,3070000,"서울특별시 성북구 고려대로*길 **,  지하*층, *층 (안암동*가, 서진빌라)",02853,01,영업/정상,,,02-924-3214,
한화제약(주),,205050.874804615,456089.086071008,2026-05-03 22:36:18,I,13,영업중,2025-07-03 15:20:35,,2022-11-02,,서울특별시 성북구 석관동 ***,PHMG120223070034047000228,3070000,서울특별시 성북구 화랑로**길 **(석관동),02789,01,영업/정상,,,02-940-0253,
바이오젠,,205661.36093453,456274.787508312,2026-05-03 22:34:51,I,13,영업중,2025-05-22 10:15:38,,2014-12-26,136-816,서울특별시 성북구 석관동 **번지 *호 *층,PHMG120143070034047000119,3070000,"서울특별시 성북구 한천로 ***, *층 (석관동)",02782,01,영업/정상,,,02-960-4681,
바른보청기히어링케어성북센터,,201284.583416991,454363.294042709,2026-05-03 22:36:36,I,13,영업중,2025-01-14 10:40:56,,2025-01-13,,서울특별시 성북구 동소문동*가 **-*,PHMG120253070034047000006,3070000,"서울특별시 성북구 동소문로 **-**, *층 ***호 (동소문동*가)",02846,01,영업/정상,,,,
몽골제국,2021-01-18,202237.410410982,461736.71535014,2026-05-03 22:35:20,I,03,폐업,2021-01-18 15:14:44,,2020-09-24,,서울특별시 도봉구 방학동 *** 청구아파트,PHMG120203090033047000038,3090000,"서울특별시 도봉구 시루봉로 **, 청구아파트 ***동 ****호 (방학동)",01374,03,폐업,,,,
서울메디칼(주)성북지사,2015-12-03,200785.331905123,456238.665586216,2026-05-03 22:34:51,I,03,폐업,2015-12-09 13:47:37,,2015-01-09,136-101,서울특별시 성북구 정릉동 ***번지 *호,PHMG120153070034047000007,3070000,"서울특별시 성북구 보국문로**길 *, 지층 (정릉동)",02709,03,폐업,,,031-405-2063,
성북의료기,2015-01-05,204064.370483187,457033.131372377,2026-05-03 22:34:36,I,03,폐업,2015-01-05 16:39:40,,2013-02-07,136-837,서울특별시 성북구 장위*동 ***번지 **호 *층,PHMG120133070034047000006,3070000,"서울특별시 성북구 장월로**길 **-*, *층 (장위동)",,03,폐업,,,,
고메디칼코리아,,204047.061280934,463161.37232274,2026-05-03 22:34:07,I,13,영업중,2018-03-23 14:12:23,,2010-06-08,,서울특별시 도봉구 도봉동 ***번지 *호 *층,PHMG120103090033047000018,3090000,"서울특별시 도봉구 마들로 ***, *층 (도봉동)",01330,01,영업/정상,,,63169090,
엘티에스(LTS),2025-06-04,204169.847670316,464814.717432497,2026-05-03 22:35:58,I,03,폐업,2025-06-04 16:51:50,,2022-08-30,,서울특별시 도봉구 도봉동 **-* 도봉한신아파트,PHMG120233090033047000044,3090000,"서울특별시 도봉구 마들로 ***-**, ***동 ***호 (도봉동, 도봉한신아파트)",01318,03,폐업,,,,
9988노인복지센터,2014-03-25,203125.026118324,462282.319309104,2026-05-03 22:34:27,I,03,폐업,2014-03-26 16:40:03,,2012-08-16,132-851,서울특별시 도봉구 방학*동 ***번지 *호 *층,PHMG120123090033047000017,3090000,"서울특별시 도봉구 방학로 ***, *층 (방학동)",,03,폐업,,,,
(주)롱웨이브코리아,,196085.562388907,441927.340789096,2026-05-03 22:34:46,I,15,전출,2016-10-26 16:05:14,,2015-10-19,,서울특별시 관악구 봉천동 ****번지 **호 ***호,PHMG120153090033047000061,3090000,"서울특별시 관악구 남부순환로 ****, *층 ***호 (봉천동, 일송빌딩)",08789,05,제외/삭제/전출,,,02-956-9501,
파코라반,2020-06-10,202466.801084521,456227.571720914,2026-05-03 22:33:37,I,03,폐업,2020-06-10 11:23:43,,2001-09-04,136-719,서울특별시 성북구 길음동 **번지 *호,PHMG120013070034047000005,3070000,서울특별시 성북구 동소문로 *** (길음동),02730,03,폐업,,,02-2117-2631,
윤호엔지니어링,2023-07-05,203757.099153832,464579.518600302,2026-05-03 22:35:37,I,03,폐업,2023-07-05 17:03:04,,2021-10-18,,서울특별시 도봉구 도봉동 ***-**,PHMG120213090033047000072,3090000,"서울특별시 도봉구 도봉산*길 **, 지층 (도봉동)",01304,03,폐업,,,02-956-0898,
정성메디칼,2021-11-26,204746.21261151,456616.565104138,2026-05-03 22:35:38,I,03,폐업,2021-11-26 13:51:03,,2018-12-07,,서울특별시 성북구 장위동 **번지 *호 청마빌딩,PHMG120183070034047000077,3070000,"서울특별시 성북구 화랑로**길 **, 청마빌딩 *층 (장위동)",02771,03,폐업,,,,
씨유 안암행복점,,202170.913305744,453158.666975074,2026-05-03 22:36:11,I,13,영업중,2022-03-11 10:22:50,,2022-03-10,,서울특별시 성북구 안암동*가 **-*,PHMG120223070034047000091,3070000,"서울특별시 성북구 안암로*가길 **, *층 (안암동*가)",02857,01,영업/정상,,,,
벨류리빙사,2020-07-16,204505.05715658,461170.268566761,2026-05-03 22:33:52,I,03,폐업,2020-07-17 09:02:15,,2008-01-15,132-044,서울특별시 도봉구 창*동 **번지 *호 *층,PHMG120083090033047000002,3090000,"서울특별시 도봉구 노해로 *** (창동, *층)",01415,03,폐업,,,,
세븐일레븐 성북고대원룸점,2022-05-05,202570.044887723,453912.730017478,2026-05-03 22:36:11,I,03,폐업,2022-06-08 17:36:16,,2022-03-15,,서울특별시 성북구 안암동*가 **-**,PHMG120223070034047000097,3070000,"서울특별시 성북구 고려대로**길 **-*, *층 (안암동*가)",02842,03,폐업,,,,
혜당생활과학의료기,2022-06-13,201149.2310736,454383.861117126,2026-05-03 22:36:00,I,03,폐업,2022-06-14 14:01:57,,2021-08-23,,서울특별시 성북구 동소문동*가 * 삼우빌딩,PHMG120213070034047000097,3070000,"서울특별시 성북구 보문로**길 *, 삼우빌딩 *층 (동소문동*가)",02846,03,폐업,,,,
(주)코리아세븐길음뉴타운점,2019-10-14,201964.531844396,455825.760930114,2026-05-03 22:34:46,I,03,폐업,2019-10-14 16:47:20,,2014-10-31,136-110,서울특별시 성북구 길음동 ****번지 *호 삼성래미안 *차아파트 상가동 ***호,PHMG120143070034047000064,3070000,"서울특별시 성북구 길음로 **, ***호 (길음동, 삼성래미안 *차아파트 상가동)",02725,03,폐업,,,02-913-8628,
(주)코리아세븐 장위동방점,,203287.367470018,456732.125604413,2026-05-03 22:36:19,I,13,영업중,2022-12-27 16:04:14,,2022-12-27,,서울특별시 성북구 장위동 ***-***,PHMG120223070034047000243,3070000,"서울특별시 성북구 장위로*길 *, *층 (장위동)",02742,01,영업/정상,,,,
휴먼메디,,203710.534012388,458954.54912126,2026-05-03 22:34:43,I,13,영업중,2015-11-13 10:26:35,,2015-03-31,132-916,서울특별시 도봉구 창동 ***번지,PHMG120153090033047000018,3090000,"서울특별시 도봉구 덕릉로**길 ***-**, ***호 (창동, 창동한승미메이드아파트상가동)",01481,01,영업/정상,,,02-439-3313,
씨유쌍문사랑점,2016-12-29,202725.958827629,460286.734892203,2026-05-03 22:34:52,I,03,폐업,2016-12-29 10:35:28,,2016-08-24,,서울특별시 도봉구 쌍문동 ***번지 ***호,PHMG120163090033047000039,3090000,"서울특별시 도봉구 도봉로***길 **, *층 (쌍문동)",01448,03,폐업,,,02-993-7620,
세븐일레븐 길음센터피스점,2023-12-21,202337.783038524,456539.190686079,2026-05-03 22:35:57,I,03,폐업,2023-12-21 13:15:48,,2021-05-04,,서울특별시 성북구 길음동 **** 래미안길음센터피스,PHMG120213070034047000064,3070000,"서울특별시 성북구 숭인로 **, ****호 (길음동, 래미안길음센터피스)",02727,03,폐업,,,,
주식회사 메디안스,2015-07-06,205083.452411454,456548.519056615,2026-05-03 22:34:30,I,03,폐업,2015-07-06 12:55:53,,2012-04-12,136-818,서울특별시 성북구 석관동 ***번지 *호,PHMG120123070034047000018,3070000,서울특별시 성북구 화랑로 *** (석관동),,03,폐업,,,64039820,
퀀텀의료기,2020-02-07,203188.113178893,462547.483483093,2026-05-03 22:35:01,I,03,폐업,2020-02-07 14:15:48,,2018-06-20,,서울특별시 도봉구 방학동 ***번지 **호,PHMG120183090033047000017,3090000,"서울특별시 도봉구 도당로 **, *층 (방학동)",01342,03,폐업,,,,
해피동선대리점,2015-06-03,201319.10228443,454912.913166222,2026-05-03 22:34:38,I,03,폐업,2015-06-03 15:25:29,,2013-08-19,136-055,서울특별시 성북구 동선동*가 ***번지 *호,PHMG120133070034047000036,3070000,서울특별시 성북구 아리랑로*길 * (동선동*가),,03,폐업,,,,
덴탈성아,2025-07-16,205143.470982784,456119.774508027,2026-05-03 22:36:15,I,03,폐업,2025-07-17 10:37:27,,2022-07-12,,서울특별시 성북구 석관동 ***-**,PHMG120223070034047000166,3070000,서울특별시 성북구 돌곶이로**가길 ** (석관동),02788,03,폐업,,,,
엠씨메디칼,2020-07-09,202998.896551621,461818.506049631,2026-05-03 22:34:58,I,03,폐업,2020-07-09 13:29:36,,2017-09-21,,서울특별시 도봉구 쌍문동 **번지 벽산프라자 *층 ***호,PHMG120173090033047000023,3090000,"서울특별시 도봉구 도당로 *, *층 ***호 (쌍문동, 벽산프라자)",01385,03,폐업,,,,
엔비코리아,2010-07-01,202533.239954526,456331.466032772,2026-05-03 22:34:06,I,03,폐업,2012-05-01 10:44:21,,2010-03-02,136-110,서울특별시 성북구 길음동 **번지 *호 장안웨딩프라자 *층,PHMG120103070034047000005,3070000,"서울특별시 성북구 도봉로 * (길음동,장안웨딩프라자 *층)",,03,폐업,,,,
(주)민트디앤씨,2015-06-18,201719.171935305,454295.508859763,2026-05-03 22:33:45,I,03,폐업,2015-06-18 18:15:20,,2011-03-09,136-052,서울특별시 성북구 동선동*가 ***번지,PHMG120063070034047000003,3070000,서울특별시 성북구 보문로**나길 ** (동선동*가),,03,폐업,,,02-928-2131,
해피랜드,2016-10-25,203502.004139568,455500.568972657,2026-05-03 22:34:56,I,03,폐업,2016-10-25 13:01:40,,2015-06-24,136-743,서울특별시 성북구 하월곡동 **번지 **호 홈플러스 월곡점,PHMG120153070034047000045,3070000,"서울특별시 성북구 화랑로 ** (하월곡동, 홈플러스 월곡점 )",02799,03,폐업,,,,
천기권의료기,,200765.49762331,456541.983878197,2026-05-03 22:35:00,I,15,전출,2017-02-07 10:25:18,,2015-12-07,,서울특별시 성북구 정릉동 ***번지 ***호 B**호,PHMG120153070034047000077,3070000,"서울특별시 성북구 보국문로**길 **, 지하*층 B**호 (정릉동)",02717,05,제외/삭제/전출,,,02-734-7734,
해동헬스케어,,203827.363676485,464633.761055876,2026-05-03 22:35:19,I,15,전출,2020-06-05 10:51:23,,2018-11-09,,서울특별시 도봉구 도봉동 ***번지,PHMG120203090033047000019,3090000,"서울특별시 도봉구 도봉로***길 **, *층 (도봉동)",01304,05,제외/삭제/전출,,,,
주식회사 글로벌메디칼브릿지,2015-08-17,201234.647467534,454209.401382368,2026-05-03 22:34:32,I,24,직권폐업,2015-08-19 10:10:35,,2012-06-26,136-044,서울특별시 성북구 삼선동*가 ***번지,PHMG120123070034047000037,3070000,"서울특별시 성북구 보문로 ***, **층 (삼선동*가)",02861,04,취소/말소/만료/정지/중지,,,,
(주)헤베너스,2023-02-20,199282.177873782,455150.393986795,2026-05-03 22:35:30,I,24,직권폐업,2023-02-21 13:25:47,,2018-04-13,,서울특별시 성북구 성북동 ***번지 **호 성북빌하우스,PHMG120183070034047000026,3070000,"서울특별시 성북구 선잠로*길 **, ***동 ***호 (성북동, 성북빌하우스)",02838,04,취소/말소/만료/정지/중지,,,02-3292-1232,
주식회사 에스메디컬,,203358.198833151,454950.33986438,2026-05-03 22:36:36,I,13,영업중,2025-01-10 13:08:53,,2025-01-10,,서울특별시 성북구 종암동 *-**,PHMG120253070034047000003,3070000,"서울특별시 성북구 월곡로 **, ***호 (종암동)",02800,01,영업/정상,,,,
원도트,2023-09-27,204335.831217245,456022.614429937,2026-05-03 22:35:46,I,03,폐업,2023-09-27 14:11:52,,2020-05-27,,서울특별시 성북구 상월곡동 **번지 ***호,PHMG120203070034047000027,3070000,"서울특별시 성북구 화랑로**나길 **, ***호 (상월곡동)",02791,03,폐업,,,,
아람상사,,202999.2675169,460616.701327584,2026-05-03 22:35:46,I,15,전출,2025-05-19 17:06:43,,2022-02-15,,서울특별시 도봉구 창동 ***-** 삼성쉐르빌퍼스티,PHMG120223090033047000074,3090000,"서울특별시 도봉구 도봉로 ***, 삼성쉐르빌퍼스티 ****호 (창동)",01454,05,제외/삭제/전출,,,02-2264-3200,
벨리타홈(Belita HOME),2021-08-25,203325.687230469,461044.814658977,2026-05-03 22:35:12,I,03,폐업,2021-08-25 14:01:25,,2019-10-08,,서울특별시 도봉구 창동 ***번지 **호 *층,PHMG120193090033047000039,3090000,"서울특별시 도봉구 노해로 ***, *층 (창동)",01428,03,폐업,,,02-908-0409,
한빛나노의료기,2010-03-04,203104.375371508,462460.664149857,2026-05-03 22:33:58,I,03,폐업,2010-03-04 13:09:52,,2009-03-16,132-851,서울특별시 도봉구 방학*동 ***번지 *호 방학프라자 ***호,PHMG120093090033047000009,3090000,,,03,폐업,,,,
이구광학,2018-12-03,204219.447666667,456579.287,2026-05-03 22:34:27,I,03,폐업,2018-12-03 12:15:44,,2011-12-05,136-829,서울특별시 성북구 장위*동 **번지 ****호 **통 *반,PHMG120113070034047000063,3070000,서울특별시 성북구 장월로 ** (장위동),02769,03,폐업,,,,
조은커뮤니케이션,2020-06-10,203109.028890585,454483.994055146,2026-05-03 22:35:36,I,03,폐업,2020-06-10 14:28:42,,2018-07-04,,서울특별시 성북구 종암동 **번지 **호,PHMG120183070034047000050,3070000,"서울특별시 성북구 종암로 **, 외*필지 지층 (종암동)",02811,03,폐업,,,,
이마트24 R종암래미안점,,202672.454331248,455214.336582624,2026-05-03 22:36:16,I,13,영업중,2022-07-18 16:05:14,,2022-07-18,,서울특별시 성북구 종암동 *** 래미안세레니티,PHMG120223070034047000188,3070000,"서울특별시 성북구 종암로**길 **, 상가동 제지*층 제비***,***,***,***,***호 (종암동, 래미안세레니티)",02804,01,영업/정상,,,,
(주)미디어밸리렛,2024-12-05,202999.2675169,460616.701327584,2026-05-03 22:35:47,I,03,폐업,2024-12-05 16:05:11,,2022-04-22,,서울특별시 도봉구 창동 ***-** 삼성쉐르빌퍼스티,PHMG120223090033047000101,3090000,"서울특별시 도봉구 도봉로 ***, 삼성쉐르빌퍼스티 ****호 (창동)",01454,03,폐업,,,02-999-9041,
중앙지사 성북지점,2017-05-15,203825.166735296,463733.807406554,2026-05-03 22:34:43,I,03,폐업,2017-05-15 15:37:17,,2015-04-23,,,PHMG120153090033047000025,3090000,"서울특별시 도봉구 도봉로 ***, *,*층 (도봉동)",01308,03,폐업,,,33912110,
던캣,2025-07-18,201866.771010609,453044.669447425,2026-05-03 22:36:19,I,03,폐업,2025-07-22 13:19:27,,2023-01-05,,서울특별시 성북구 보문동*가 **,PHMG120233070034047000010,3070000,서울특별시 성북구 보문로**나길 **(보문동*가),02873,03,폐업,,,,
에누리존,2024-12-31,203527.812469608,462494.832015174,2026-05-03 22:35:54,I,03,폐업,2024-12-31 10:45:08,,2023-01-02,,서울특별시 도봉구 방학동 ***-** 지층,PHMG120233090033047000002,3090000,"서울특별시 도봉구 방학로*길 **, 지층 (방학동)",01341,03,폐업,,,,
건일바이오,,201670.550128709,453555.049617499,2026-05-03 22:36:38,I,13,영업중,2025-11-06 15:32:00,,2022-05-13,,서울특별시 성북구 보문동*가 ***,PHMG120253070034047000056,3070000,"서울특별시 성북구 보문로 ***, *층 (보문동*가)",02872,01,영업/정상,,,,
미미존,,202458.709987555,455054.12847014,2026-05-03 22:36:32,I,15,전출,2024-03-20 09:39:14,,2024-02-28,,서울특별시 성북구 종암동 **-** 한림빌라트,PHMG120243070034047000017,3070000,"서울특별시 성북구 종암로**나길 **, *층 ***호 (종암동, 한림빌라트)",02805,05,제외/삭제/전출,,,,
씨유 월곡대로점,,202718.49271875,455981.322689773,2026-05-03 22:36:05,I,13,영업중,2022-02-07 09:50:01,,2022-02-07,,서울특별시 성북구 하월곡동 **-***,PHMG120223070034047000038,3070000,"서울특별시 성북구 종암로 ***-*, *층 (하월곡동)",02739,01,영업/정상,,,,
킴스코프,2017-05-04,203738.697646618,463038.838393034,2026-05-03 22:34:32,I,03,폐업,2017-05-04 15:02:49,,2013-09-10,132-021,서울특별시 도봉구 방학*동 ***번지 **호 *층,PHMG120133090033047000036,3090000,"서울특별시 도봉구 도봉로***길 *, *층 (방학동)",01350,03,폐업,,,34940077,75.67
헤어24,2016-07-22,204129.651705833,457311.156441885,2026-05-03 22:34:27,I,03,폐업,2016-07-26 09:44:43,,2011-08-24,136-833,서울특별시 성북구 장위*동 ***번지 **호 *층,PHMG120113070034047000051,3070000,"서울특별시 성북구 돌곶이로**길 *-* (장위동,*층)",,03,폐업,,,,
(주)로코스샵,,203693.548185401,455524.381959539,2026-05-03 22:35:52,I,13,영업중,2021-03-26 13:06:20,,2021-03-26,,서울특별시 성북구 하월곡동 **-**,PHMG120213070034047000019,3070000,"서울특별시 성북구 화랑로 **-**, *층 (하월곡동)",02793,01,영업/정상,,,,
세븐일레븐 도봉오봉점,,203556.28303133,463386.436065182,2026-05-03 22:35:30,I,13,영업중,2024-02-22 17:41:40,,2021-05-04,,서울특별시 도봉구 도봉동 ***,PHMG120213090033047000029,3090000,"서울특별시 도봉구 도봉로***길 **, 제*층 제***호 (도봉동)",01310,01,영업/정상,,,02-954-0513,
지에스25창동미래점,,203965.398278529,461232.445218654,2026-05-03 22:35:48,I,13,영업중,2022-04-27 11:28:41,,2022-04-27,,서울특별시 도봉구 창동 *** 창동대림아파트,PHMG120223090033047000104,3090000,"서울특별시 도봉구 노해로**길 **, 창동대림아파트 ***호 (창동)",01399,01,영업/정상,,,,
씨티움,2021-09-24,203220.921406024,459746.924430501,2026-05-03 22:35:18,I,03,폐업,2021-09-24 09:25:14,,2020-04-01,,서울특별시 도봉구 창동 ***번지 **호,PHMG120203090033047000009,3090000,"서울특별시 도봉구 덕릉로**길 **, *층 *호 (창동)",01470,03,폐업,,,,
쿠디,2023-07-06,205569.060313242,456844.417394441,2026-05-03 22:36:11,I,03,폐업,2023-07-06 13:59:22,,2022-03-21,,서울특별시 성북구 석관동 ***-** 휴먼빌*차,PHMG120223070034047000105,3070000,"서울특별시 성북구 화랑로**길 **, ***호 (석관동, 휴먼빌*차)",02781,03,폐업,,,02-916-1090,
보쓰노스,2024-07-05,200684.042583654,454221.535461449,2026-05-03 22:36:21,I,03,폐업,2024-07-05 13:12:59,,2023-02-06,,서울특별시 성북구 동소문동*가 ***-* 티파니하우스,PHMG120233070034047000024,3070000,"서울특별시 성북구 동소문로 **-**, 티파니하우스 ***호 (동소문동*가)",02833,03,폐업,,,,
㈜슈퍼피플,2023-06-27,203212.619958841,455674.995008109,2026-05-03 22:35:28,I,03,폐업,2023-06-27 13:31:31,,2018-02-12,,서울특별시 성북구 하월곡동 **번지 **호 동신빌딩,PHMG120183070034047000007,3070000,"서울특별시 성북구 오패산로 **, 동신빌딩 *층 (하월곡동)",02740,03,폐업,,,,
씨유도봉신동아점,,202356.191933483,461983.387409791,2026-05-03 22:35:49,I,13,영업중,2022-07-19 09:06:03,,2022-07-19,,서울특별시 도봉구 방학동 ***-**,PHMG120223090033047000136,3090000,"서울특별시 도봉구 시루봉로 ***-*, *층 (방학동)",01362,01,영업/정상,,,02-955-0098,
세븐일레븐도봉방학점,2025-05-26,203529.640536144,462991.016722401,2026-05-03 22:35:42,I,03,폐업,2025-05-26 10:44:52,,2022-02-08,,서울특별시 도봉구 방학동 ***-**,PHMG120223090033047000039,3090000,"서울특별시 도봉구 도당로**길 **, *층 (방학동)",01352,03,폐업,,,02-956-7050,
씨유 정릉꿈에그린점,,200889.298790497,455475.643504795,2026-05-03 22:36:33,I,13,영업중,2024-06-03 13:16:36,,2024-06-03,,서울특별시 성북구 정릉동 **** 정릉꿈에그린,PHMG120243070034047000035,3070000,"서울특별시 성북구 아리랑로**가길 **, 상가동동 ***호 (정릉동, 정릉꿈에그린)",02820,01,영업/정상,,,,
조양의료기,2010-09-10,186164.382746037,449549.980931822,2026-05-03 22:34:07,I,03,폐업,2012-05-01 11:01:24,,2010-03-30,157-869,서울특별시 강서구 화곡동 **번지 **호 *통 *반,PHMG120103070034047000012,3070000,서울특별시 강서구 화곡로**가길 ** (화곡동),,03,폐업,,,,
세븐일레븐 도봉안방학길점,2019-10-15,202835.75619733,462837.043709912,2026-05-03 22:34:38,I,03,폐업,2019-10-15 17:16:52,,2014-10-29,132-838,서울특별시 도봉구 방학동 ***번지 **호,PHMG120143090033047000041,3090000,"서울특별시 도봉구 시루봉로**길 **, *층 (방학동)",01314,03,폐업,,,02-955-7340,
주식회사 주은메디텍,2011-03-23,202068.46994215,453771.009759745,2026-05-03 22:34:12,I,03,폐업,2011-03-23 21:02:15,,2010-10-04,136-073,서울특별시 성북구 안암동*가 ***번지 *호 에스엠오피스텔  B***호,PHMG120103070034047000033,3070000,"서울특별시 성북구 인촌로 **, B***호 (안암동*가,에스엠오피스텔)",,03,폐업,,,02-478-0268,
신메디칼,2012-01-10,201292.916059559,454148.977822425,2026-05-03 22:33:53,I,03,폐업,2012-01-27 16:55:33,,2008-08-29,136-045,서울특별시 성북구 삼선동*가 ***번지 *호 ***호,PHMG120083070034047000032,3070000,"서울특별시 성북구 보문로 *** (삼선동*가,***호)",,03,폐업,,,,
C&C 콘택트,2019-05-15,202864.325504679,455764.576819093,2026-05-03 22:35:10,I,03,폐업,2019-05-15 13:05:04,,2016-09-19,,서울특별시 성북구 하월곡동 **번지 ***호 지하 ***호,PHMG120163070034047000048,3070000,"서울특별시 성북구 화랑로*길 **, ***호 (하월곡동, 지하)",02739,03,폐업,,,02-909-0585,
Acrotec ews,2015-06-12,203585.98432128,454902.907206181,2026-05-03 22:34:22,I,03,폐업,2015-06-12 16:07:48,,2011-02-24,136-789,서울특별시 성북구 월곡*동 ***번지 샹그레빌아파트 상가 ***,PHMG120113070034047000013,3070000,"서울특별시 성북구 회기로*길 *** (하월곡동,샹그레빌아파트 상가 ***)",,03,폐업,,,22992508,
동서과학,2013-03-22,205506.809253257,456812.131911264,2026-05-03 22:33:49,I,03,폐업,2020-12-04 15:49:17,,2007-11-05,,서울특별시 성북구 석관동 ***-**,PHMG120073070034047000018,3070000,"서울특별시 성북구 화랑로**길 **-**, ***호 (석관동)",02781,03,폐업,,,,
스타덴탈2,2017-01-03,203649.811269449,455662.299341418,2026-05-03 22:34:32,I,15,전출,2017-01-04 16:44:02,,2012-08-08,136-130,서울특별시 성북구 하월곡동 ***번지 갑을명가 B***,PHMG120123070034047000044,3070000,서울특별시 성북구 화랑로**길 ** (하월곡동),02751,05,제외/삭제/전출,,,1566-2360,
(주)그린케어도봉지점,2023-10-01,204039.506718445,463124.163587963,2026-05-03 22:34:27,I,03,폐업,2023-10-02 11:57:54,,2012-08-01,,서울특별시 도봉구 도봉동 ***번지 *호 *층,PHMG120123090033047000013,3090000,"서울특별시 도봉구 마들로 ***-*, *층 (도봉동)",01330,03,폐업,,,,
한빛나노의료기정릉지점,2010-07-08,200702.732547431,456274.171487725,2026-05-03 22:33:53,I,03,폐업,2020-12-02 17:04:32,,2008-07-17,,서울특별시 성북구 정릉동 ***-*,PHMG120083070034047000029,3070000,"서울특별시 성북구 보국문로**길 **, *층 (정릉동)",02709,03,폐업,,,02-917-9177,
주식회사 르컴퍼니,,200833.860271757,456693.362273013,2026-05-03 22:36:22,I,13,영업중,2025-06-18 13:56:15,,2023-04-28,,서울특별시 성북구 정릉동 ***-** 태극빌딩,PHMG120233070034047000044,3070000,"서울특별시 성북구 보국문로**길 **, 태극빌딩 *층 (정릉동)",02717,01,영업/정상,,,,
ALLMART(올마트),2022-01-04,203548.917107191,459358.517296538,2026-05-03 22:34:45,I,03,폐업,2022-01-04 11:20:53,,2015-06-26,132-916,서울특별시 도봉구 창동 ***번지,PHMG120153090033047000044,3090000,"서울특별시 도봉구 덕릉로**길 **, *층 (창동)",01479,03,폐업,,,60840064,
(주)에이치지엘,2015-08-17,202920.22383733,455722.708100545,2026-05-03 22:33:44,I,24,직권폐업,2015-08-19 10:11:49,,2005-11-16,136-130,서울특별시 성북구 하월곡동 **번지 ****호,PHMG120053070034047000015,3070000,서울특별시 성북구 오패산로*길 ** (하월곡동),02740,04,취소/말소/만료/정지/중지,,,02-941-6668,
고려수지침 창동지회 / 갈등관리연구소,2014-11-14,203245.088377564,460744.135184416,2026-05-03 22:34:00,I,03,폐업,2014-12-02 10:21:49,,2009-09-17,132-924,서울특별시 도봉구 창*동 ***번지 ***호,PHMG120093090033047000029,3090000,서울특별시 도봉구 도봉로***길 ** (창동),,03,폐업,,,,
디자인 마음,2020-12-30,201951.992280451,455993.808805952,2026-05-03 22:35:44,I,03,폐업,2020-12-30 17:04:07,,2019-11-18,,서울특별시 성북구 길음동 ****번지 길음뉴타운,PHMG120193070034047000051,3070000,"서울특별시 성북구 길음로 **, ***동 ***호 (길음동, 길음뉴타운)",02725,03,폐업,,,,
태림메디칼,2010-04-01,203999.995387086,461267.707968169,2026-05-03 22:33:56,I,03,폐업,2010-04-01 17:01:14,,2009-02-19,132-906,서울특별시 도봉구 창*동 ***번지 *호 *층,PHMG120093090033047000003,3090000,,,03,폐업,,,,
메디로프,2024-07-02,202731.916358231,454949.127054968,2026-05-03 22:36:21,I,03,폐업,2024-07-03 09:17:49,,2023-02-02,,서울특별시 성북구 종암동 *** 종암*차 아이파크,PHMG120233070034047000022,3070000,"서울특별시 성북구 종암로*길 **, ***동 ***호 (종암동, 종암*차 아이파크)",02810,03,폐업,,,,
웅진코웨이(주)동선지국,2012-12-24,200841.726990037,454721.505180141,2026-05-03 22:34:33,I,03,폐업,2012-12-24 14:56:34,,2012-09-18,136-753,서울특별시 성북구 돈암*동 ***번지 *호 한진스포츠센타 *층,PHMG120123070034047000053,3070000,"서울특별시 성북구 성북로*길 ** (돈암동, ***-* 한진스포츠센타 *층)",,03,폐업,,,,
프라임메디칼,2012-04-03,203417.361504694,463200.532088988,2026-05-03 22:34:10,I,03,폐업,2012-04-03 15:56:43,,2010-11-15,132-837,서울특별시 도봉구 방학*동 ***번지 *호 *층 좌측,PHMG120103090033047000037,3090000,"서울특별시 도봉구 시루봉로**길 *, *층 (방학동)",,03,폐업,,,,
에스앤제이,2018-05-08,203867.511201296,463344.662587402,2026-05-03 22:34:52,I,03,폐업,2018-09-10 10:23:35,,2016-09-12,,서울특별시 도봉구 도봉동 ***번지 *호,PHMG120163090033047000043,3090000,"서울특별시 도봉구 도봉로***가길 **, 지층 (도봉동)",01328,03,폐업,,,,
건일바이오,,203206.994912461,459530.124636767,2026-05-03 22:35:48,I,15,전출,2023-06-13 11:50:03,,2020-12-04,,서울특별시 도봉구 창동 ***-***,PHMG120223090033047000115,3090000,"서울특별시 도봉구 덕릉로**길 *, *층 (창동)",01471,05,제외/삭제/전출,,,02-907-8879,
(주)엠디엠엠케이티,2012-04-18,201172.544986274,453872.349815741,2026-05-03 22:34:02,I,03,폐업,2012-04-18 15:53:55,,2009-09-29,136-043,서울특별시 성북구 삼선동*가 **번지 *호 *층,PHMG120093070034047000048,3070000,"서울특별시 성북구 보문로**길 ** (삼선동*가,*층)",,03,폐업,,,050-2200-0034,
광스라이프,,202552.06293165,462071.049647988,2026-05-03 22:36:04,I,13,영업중,2024-10-11 11:36:17,,2024-10-11,,서울특별시 도봉구 방학동 *** 신동아*단지아파트 **동 ****호,PHMG120243090033047000049,3090000,"서울특별시 도봉구 방학로 ***, **동 ****호 (방학동, 신동아*단지아파트)",01382,01,영업/정상,,,,
(주)영후시스,2011-09-21,201548.495615664,455659.81785175,2026-05-03 22:34:26,I,03,폐업,2011-11-02 14:43:29,,2011-08-02,136-100,서울특별시 성북구 정릉동 ****번지 길음뉴타운**단지 라온유아파트상가 B***호,PHMG120113070034047000044,3070000,"서울특별시 성북구 정릉로 *** (정릉동,길음뉴타운**단지 라온유아파트상가 B***호)",,03,폐업,,,,
우성탑덴탈,2017-04-30,201604.910383331,455464.850916551,2026-05-03 22:34:30,I,03,폐업,2017-05-10 11:04:47,,2012-03-28,136-857,서울특별시 성북구 정릉*동 **번지 ***호 지층,PHMG120123070034047000015,3070000,서울특별시 성북구 정릉로**라길 * (정릉동),02816,03,폐업,,,,
하이비타홍,2024-08-05,202073.752572838,456449.070674026,2026-05-03 22:36:02,I,03,폐업,2024-08-05 16:12:11,,2022-01-25,,서울특별시 성북구 길음동 **** 길음동동부센트레빌아파트,PHMG120223070034047000008,3070000,"서울특별시 성북구 숭인로*길 **, ***동 ***호 (길음동, 길음동동부센트레빌아파트)",02726,03,폐업,,,,
서흥메디칼,2015-06-30,201999.497285243,461939.697715952,2026-05-03 22:34:22,I,03,폐업,2015-07-03 13:32:11,,2011-05-30,132-023,서울특별시 도봉구 방학*동 ***번지 전용빌딩 *층,PHMG120113090033047000023,3090000,"서울특별시 도봉구 해등로**길 **, *층 (방학동)",,03,폐업,,,,
제이멕코이,2010-02-08,202480.863291217,461781.424512879,2026-05-03 22:33:55,I,03,폐업,2010-02-08 16:31:27,,2008-11-18,132-749,서울특별시 도봉구 쌍문동 **번지 성원아파트 상가 **동 B* **호,PHMG120083090033047000028,3090000,,,03,폐업,,,,
해성의료기,,203212.619958841,455674.995008109,2026-05-03 22:36:31,I,15,전출,2024-10-17 16:01:53,,2023-06-01,,서울특별시 성북구 하월곡동 **-** 동진빌딩,PHMG120233070034047000116,3070000,"서울특별시 성북구 오패산로 **, 동진빌딩 지하층 *호 (하월곡동)",02740,05,제외/삭제/전출,,,,140.3
GT바이오,2014-09-04,203086.70715405,456529.732145143,2026-05-03 22:34:37,I,03,폐업,2014-09-04 12:54:53,,2013-03-18,136-871,서울특별시 성북구 월곡*동 **번지 ***호 *층,PHMG120133070034047000017,3070000,"서울특별시 성북구 오패산로 **-*, *층 (하월곡동)",,03,폐업,,,,
지명,2013-08-05,202153.432201415,455880.685549829,2026-05-03 22:34:32,I,03,폐업,2013-08-05 16:15:04,,2012-07-24,136-801,서울특별시 성북구 길음*동 ****번지 **호 길빌딩 ***,PHMG120123070034047000041,3070000,서울특별시 성북구 동소문로 ***-** (길음동),,03,폐업,,,,
우리환경시스템,,203531.458110984,461213.989556874,2026-05-03 22:35:19,I,13,영업중,2020-04-23 13:43:59,,2020-04-22,,서울특별시 도봉구 창동 ***번지 *호 종합상가동 지하*층,PHMG120203090033047000013,3090000,"서울특별시 도봉구 해등로 ***, 종합상가동 지하*층 (창동)",01427,01,영업/정상,,,,
가인메디컬,,204397.004135761,461175.40204195,2026-05-03 22:35:02,I,15,전출,2020-10-23 13:08:12,,2015-02-12,,서울특별시 도봉구 창동 **번지 *호 세정빌딩 *층,PHMG120183090033047000027,3090000,"서울특별시 도봉구 노해로**길 **, 세정빌딩 *층 (창동)",01414,05,제외/삭제/전출,,,,
(주)엠엔에스메디텍,2014-06-26,203941.399870546,456171.049452881,2026-05-03 22:34:28,I,03,폐업,2014-06-26 17:04:18,,2012-02-02,136-120,서울특별시 성북구 상월곡동 동아에코빌 아파트 제상가동 *층 ***호,PHMG120123070034047000006,3070000,서울특별시 성북구 장월로*길 ** (상월곡동),,03,폐업,,,,
서울마켓,2025-12-29,200416.258471627,454164.712174976,2026-05-03 22:36:37,I,03,폐업,2025-12-29 16:40:22,,2025-02-05,,,PHMG120253070034047000013,3070000,"서울특별시 성북구 성북로*길  *-* , A동 ***호",02834,03,폐업,,,,
엘마트,,202834.277755281,462194.074212594,2026-05-03 22:35:55,I,13,영업중,2023-03-03 15:31:16,,2023-03-03,,서울특별시 도봉구 방학동 ***-* 지하*층,PHMG120233090033047000016,3090000,"서울특별시 도봉구 방학로 ***, 지하*층 (방학동)",01384,01,영업/정상,,,02-998-0611,
월드싸이언스,2021-01-19,203207.625254256,460455.837628654,2026-05-03 22:34:07,I,24,직권폐업,2021-01-19 16:08:12,,2010-06-22,,서울특별시 도봉구 창동 ***번지 **호,PHMG120103090033047000019,3090000,"서울특별시 도봉구 도봉로***길 **, ***호 (창동, 청마빌딩)",01455,04,취소/말소/만료/정지/중지,,,,
에치와이 장위점,2025-07-02,204183.413289522,456991.488187045,2026-05-03 22:36:12,I,03,폐업,2025-07-03 10:22:47,,2022-03-25,,서울특별시 성북구 장위동 ***-*** 승경빌딩,PHMG120223070034047000111,3070000,"서울특별시 성북구 장월로 ***, 승경빌딩 (장위동)",02756,03,폐업,,,02-916-7334,
중기아울렛,2020-01-22,201297.061240598,454428.857552394,2026-05-03 22:35:41,I,03,폐업,2020-01-22 17:21:39,,2018-08-01,,서울특별시 성북구 동소문동*가 **번지 *호 강윤빌딩,PHMG120193070034047000032,3070000,"서울특별시 성북구 동소문로 **, 강윤빌딩 지층,*층 (동소문동*가)",02846,03,폐업,,,02-924-2264,30.49
(주)기린글로비즈,,204404.539921836,456054.064326025,2026-05-03 22:36:22,I,13,영업중,2023-03-27 15:43:46,,2023-03-24,,서울특별시 성북구 석관동 ***-***,PHMG120233070034047000037,3070000,서울특별시 성북구 화랑로**길 **-**(석관동),02791,01,영업/정상,,,,
지에스(GS)25 도봉중앙점,2025-06-30,203256.066306557,461035.020717897,2026-05-03 22:35:49,I,03,폐업,2025-06-30 14:32:05,,2022-07-18,,서울특별시 도봉구 창동 ***-** 리솜하우스,PHMG120223090033047000135,3090000,"서울특별시 도봉구 노해로**길 *, 지층 ***호 (창동, 리솜하우스)",01428,03,폐업,,,,
가현테크,,204172.527806715,463449.540298026,2026-05-03 22:35:10,I,15,전출,2024-10-07 09:47:14,,2019-06-10,,서울특별시 도봉구 도봉동 ***번지 서원아파트,PHMG120193090033047000022,3090000,"서울특별시 도봉구 마들로 ***-*, 서원아파트 상가동 지하층 B**-*호 (도봉동)",01324,05,제외/삭제/전출,,,,
블루클럽,2021-11-26,202029.981799661,455605.716911266,2026-05-03 22:35:53,I,03,폐업,2021-11-30 15:08:12,,2021-04-06,,서울특별시 성북구 길음동 **** 삼부아파트,PHMG120213070034047000021,3070000,"서울특별시 성북구 동소문로 ***, ***동 ***호 (길음동, 삼부아파트)",02735,03,폐업,,,02-941-9561,
아이리쉬,2019-12-10,202834.471831245,460498.308225358,2026-05-03 22:35:02,I,03,폐업,2019-12-10 10:04:40,,2018-11-02,,서울특별시 도봉구 쌍문동 **번지 **호 스마트타운 *층 ***호,PHMG120183090033047000028,3090000,"서울특별시 도봉구 도봉로***길 *, *층 ***호 (쌍문동, 스마트타운)",01447,03,폐업,,,02-3492-9305,
누가페 성신여대점,2025-07-14,201063.426103978,454397.348456493,2026-05-03 22:36:17,I,03,폐업,2025-07-15 15:46:56,,2017-10-18,,서울특별시 성북구 동소문동*가 *** 성심빌딩,PHMG120223070034047000216,3070000,"서울특별시 성북구 동소문로 **-*, 성심빌딩 *층 (동소문동*가)",02832,03,폐업,,,02-744-1423,
(주)바이온라이프사이언스,,199831.089325175,456620.790711659,2026-05-03 22:34:43,I,15,전출,2018-03-19 17:29:03,,2014-09-12,136-101,서울특별시 성북구 정릉동 ***번지 **호,PHMG120143070034047000039,3070000,"서울특별시 성북구 정릉로 **, *층 ***호 (정릉동, 국민대학교 창업보육센터 (*동, 체육관))",02707,05,제외/삭제/전출,,,,
올웨이즈늘,2022-04-07,204629.736121071,456341.359410406,2026-05-03 22:35:59,I,03,폐업,2022-04-07 14:14:02,,2021-05-20,,서울특별시 성북구 장위동 **-*** 성북벤처창업지원센터,PHMG120213070034047000081,3070000,"서울특별시 성북구 화랑로 ***, 성북벤처창업지원센터 B***호 (장위동)",02772,03,폐업,,,,
신성보청기,2012-08-30,200503.350103623,453963.213362937,2026-05-03 22:34:29,I,03,폐업,2012-08-31 09:57:29,,2012-03-20,136-041,서울특별시 성북구 삼선동*가 **번지 *호 *층,PHMG120123070034047000012,3070000,서울특별시 성북구 삼선교로 *-* (삼선동*가),,03,폐업,,,,
라이프스캐너,,203276.556278046,454398.15190155,2026-05-03 22:35:53,I,13,영업중,2021-04-29 16:12:20,,2021-04-29,,서울특별시 성북구 종암동 **-**,PHMG120213070034047000025,3070000,"서울특별시 성북구 회기로 *-**, ***호 (종암동)",02796,01,영업/정상,,,,
서우메디칼,2012-10-12,203620.081171162,462592.640068056,2026-05-03 22:34:25,I,03,폐업,2012-10-12 09:42:40,,2011-10-24,132-853,서울특별시 도봉구 방학*동 ***번지 **호 ***호,PHMG120113090033047000051,3090000,"서울특별시 도봉구 도봉로***나길 **, ***호 (방학동)",,03,폐업,,,,
(주)리치바이오,,203590.625560677,461829.3815553,2026-05-03 22:36:02,I,13,영업중,2026-02-25 17:37:01,,2024-06-24,,서울특별시 도봉구 창동 ***-* 창동리더스빌딩,PHMG120243090033047000023,3090000,"서울특별시 도봉구 도봉로***가길 *, 창동리더스빌딩 ***-*호 (창동)",01401,01,영업/정상,,,02-991-0097,
지에스(GS)25 성북구청점,,201420.68054445,454078.394536241,2026-05-03 22:36:14,I,13,영업중,2023-10-06 16:48:32,,2022-06-30,,서울특별시 성북구 삼선동*가 ***,PHMG120223070034047000156,3070000,"서울특별시 성북구 보문로 ***, *층 (삼선동*가)",02848,01,영업/정상,,,,
(주)비지에프리테일 고대민주광장점,2015-06-30,202750.039610193,453807.608611233,2026-05-03 22:34:47,I,03,폐업,2015-06-30 17:24:13,,2014-11-07,136-075,서울특별시 성북구 안암동*가 **번지 (인촌로*빌딩지하*층),PHMG120143070034047000078,3070000,"서울특별시 성북구 인촌로 *** (안암동*가, 인촌로*빌딩지하*층)",,03,폐업,,,02-925-1110,
펄스 젬,2011-04-19,204348.91,461195.825,2026-05-03 22:33:54,I,03,폐업,2011-05-19 09:33:17,,2008-04-01,132-898,서울특별시 도봉구 창*동 **번지 *호 영진빌딩 ***호,PHMG120083090033047000011,3090000,,,03,폐업,,,,
(주)엠펠,2025-02-28,202466.801084521,456227.571720914,2026-05-03 22:35:35,I,03,폐업,2025-03-04 11:22:37,,2018-06-25,,서울특별시 성북구 길음동 **번지 *호 현대백화점미아점,PHMG120183070034047000046,3070000,"서울특별시 성북구 동소문로 ***, 현대백화점미아점 *층 (길음동)",02730,03,폐업,,,,
파로스메디칼,2010-02-19,203078.937017511,454628.821819647,2026-05-03 22:33:45,I,03,폐업,2020-12-08 14:44:40,,2006-02-23,,서울특별시 성북구 종암동 **-**,PHMG120063070034047000001,3070000,"서울특별시 성북구 종암로 **, *층 (종암동)",02811,03,폐업,,,02-928-4736,
아이엠어굿맨,,201204.864609489,456506.401907974,2026-05-03 22:35:40,I,15,전출,2022-03-07 09:13:53,,2019-03-19,,서울특별시 성북구 정릉동 ***번지 **호,PHMG120193070034047000017,3070000,"서울특별시 성북구 서경로 **, ***호 (정릉동)",02713,05,제외/삭제/전출,,,,
(주)온메디칼,,203663.004911194,461936.196335302,2026-05-03 22:36:06,I,13,영업중,2025-01-03 16:46:23,,2021-01-19,,서울특별시 도봉구 창동 ***-**,PHMG120253090033047000002,3090000,"서울특별시 도봉구 도봉로***길 **, ***동 ****호 (창동)",01397,01,영업/정상,,,,
씨제이올리브영(주)길음점,,201973.88683884,455713.244570106,2026-05-03 22:34:32,I,13,영업중,2025-06-18 16:29:05,,2012-08-06,,서울특별시 성북구 길음동 ***-* 길음역롯데캐슬트윈골드아파트,PHMG120123070034047000043,3070000,"서울특별시 성북구 길음로 **, ***호 (길음동, 길음역롯데캐슬트윈골드아파트)",02722,01,영업/정상,,,02-918-3990,
(주)엔터윈,2010-07-22,202942.995903605,462849.68925632,2026-05-03 22:34:07,I,03,폐업,2010-07-22 16:48:31,,2010-07-21,132-838,서울특별시 도봉구 방학*동 ***번지 **호 *층,PHMG120103090033047000022,3090000,,,03,폐업,,,,
제우시스,2021-01-19,203092.263837285,462698.357509918,2026-05-03 22:34:52,I,24,직권폐업,2021-01-19 16:10:35,,2016-08-31,,서울특별시 도봉구 방학동 ***번지 **호,PHMG120163090033047000041,3090000,"서울특별시 도봉구 도당로**길 **, *층 (방학동)",01355,04,취소/말소/만료/정지/중지,,,,
아이피엠코리아,2023-10-17,202124.620401097,453128.633791705,2026-05-03 22:35:48,I,03,폐업,2023-10-17 17:49:56,,2019-07-25,,서울특별시 성북구 안암동*가 **-** 영락빌딩,PHMG120203070034047000059,3070000,"서울특별시 성북구 안암로*길 **, 영락빌딩 지하*층 (안암동*가)",02857,03,폐업,,,02-2265-0625,
스타덴탈,2013-03-20,203649.811269449,455662.299341418,2026-05-03 22:34:31,I,03,폐업,2013-03-20 17:15:58,,2012-05-16,136-130,서울특별시 성북구 하월곡동 ***번지  갑을명가 B***,PHMG120123070034047000028,3070000,"서울특별시 성북구 화랑로**길 ** (하월곡동,갑을명가 B***)",,03,폐업,,,,
벨톤보청기창동지사,2013-06-20,204041.007303493,461156.331832275,2026-05-03 22:34:19,I,03,폐업,2013-06-20 17:31:25,,2011-04-14,132-903,서울특별시 도봉구 창*동 **번지 **호 *층,PHMG120113090033047000013,3090000,"서울특별시 도봉구 노해로**길 **, *층 (창동)",,03,폐업,,,,
롯데슈퍼 창동2점,2023-12-28,203773.673252483,461466.704755988,2026-05-03 22:35:46,I,03,폐업,2023-12-28 15:33:09,,2022-02-14,,서울특별시 도봉구 창동 ***-*,PHMG120223090033047000070,3090000,"서울특별시 도봉구 해등로**길 **, A동 *층 (창동)",01400,03,폐업,,,02-907-5689,
유민의료기,2013-05-13,202466.119176743,460394.329853007,2026-05-03 22:34:00,I,03,폐업,2013-05-13 16:57:56,,2009-09-15,132-703,서울특별시 도봉구 쌍문*동 ***번지 *호 한일병원내 *층,PHMG120093090033047000028,3090000,"서울특별시 도봉구 우이천로 ***, *층 (쌍문동, 한일병원)",,03,폐업,,,02-3672-2191,27.38
모바일퀸즈,2023-06-27,203212.619958841,455674.995008109,2026-05-03 22:35:48,I,03,폐업,2023-06-27 13:40:25,,2020-11-26,,서울특별시 성북구 하월곡동 **-** 동신빌딩,PHMG120203070034047000064,3070000,"서울특별시 성북구 오패산로 **, 동신빌딩 지하*층 (하월곡동)",02740,03,폐업,,,,
해피소닉 쌍문지점,2013-11-13,203376.005826972,462038.6068658,2026-05-03 22:34:33,I,03,폐업,2013-11-13 11:42:53,,2013-10-18,132-032,서울특별시 도봉구 쌍문*동 ***번지 **호,PHMG120133090033047000046,3090000,서울특별시 도봉구 도봉로***길 ** (쌍문동),,03,폐업,,,,65
몬도,,204303.405,461147.92,2026-05-03 22:35:46,I,13,영업중,2022-02-14 17:47:42,,2022-02-14,,서울특별시 도봉구 창동 *-*,PHMG120223090033047000071,3090000,"서울특별시 도봉구 마들로**가길 **-*, ***호 (창동)",01414,01,영업/정상,,,02-996-1472,
엠에스메드,,203710.534012388,458954.54912126,2026-05-03 22:34:42,I,13,영업중,2015-03-30 08:53:31,,2015-03-26,132-916,서울특별시 도봉구 창동 ***번지,PHMG120153090033047000013,3090000,"서울특별시 도봉구 덕릉로**길 ***-**, ***호 (창동)",01481,01,영업/정상,,,,
JM메디컬,2023-04-25,203875.874891863,463190.652830889,2026-05-03 22:35:57,I,03,폐업,2023-04-25 13:30:38,,2023-04-12,,서울특별시 도봉구 도봉동 ***-** *층,PHMG120233090033047000023,3090000,"서울특별시 도봉구 도봉로***길 **, *층 (도봉동)",01329,03,폐업,,,,
지에스25방학우성점,2024-12-05,201849.092906033,461606.576544858,2026-05-03 22:35:41,I,03,폐업,2024-12-05 14:52:41,,2022-02-07,,서울특별시 도봉구 방학동 *** 우성*차아파트,PHMG120223090033047000037,3090000,"서울특별시 도봉구 해등로 ***, 우성*차아파트 ***동 지하층 B**, B**호 (방학동)",01373,03,폐업,,,,
심심출출,2025-04-29,203777.582722166,456973.895561291,2026-05-03 22:36:27,I,03,폐업,2025-04-29 11:06:22,,2023-08-18,,서울특별시 성북구 장위동 ***-** 다솜하우스,PHMG120233070034047000083,3070000,"서울특별시 성북구 장위로**길 **-*, A동 ***호 (장위동, 다솜하우스)",02755,03,폐업,,,,
C SPACE 성신여대역점,2022-08-01,201524.25234019,454675.680802627,2026-05-03 22:35:58,I,03,폐업,2022-08-03 11:45:43,,2021-05-17,,서울특별시 성북구 동선동*가 *** 지안빌딩,PHMG120213070034047000077,3070000,"서울특별시 성북구 동소문로**길 *-**, 지안빌딩 *층 (동선동*가)",02829,03,폐업,,,,
이랑바이오,,202990.521732934,462666.234021168,2026-05-03 22:35:17,I,15,전출,2021-03-11 14:58:36,,2020-01-02,,서울특별시 도봉구 방학동 ***번지 *호,PHMG120203090033047000001,3090000,"서울특별시 도봉구 도당로**길 **, *층 (방학동)",01355,05,제외/삭제/전출,,,,
제이에스메디칼,,203984.137173444,461008.914009807,2026-05-03 22:36:06,I,13,영업중,2025-01-02 16:23:40,,2025-01-02,,서울특별시 도봉구 창동 *** 신원리베르텔,PHMG120253090033047000001,3090000,"서울특별시 도봉구 노해로 ***, 신원리베르텔 ****호 (창동)",01405,01,영업/정상,,,,
주식회사 와우메디칼,,204047.061280934,463161.37232274,2026-05-03 22:34:36,I,15,전출,2022-01-11 08:55:04,,2014-05-08,,서울특별시 도봉구 도봉동 ***번지 *호 *층,PHMG120143090033047000014,3090000,"서울특별시 도봉구 마들로 ***, *층 (도봉동)",01330,05,제외/삭제/전출,,,,
S&J상사,2022-12-09,202726.209147503,455971.118719055,2026-05-03 22:34:51,I,03,폐업,2022-12-16 11:24:53,,2015-01-02,136-130,서울특별시 성북구 하월곡동 **번지 ***호 *층,PHMG120153070034047000002,3070000,"서울특별시 성북구 종암로 ***, *층 (하월곡동)",02739,03,폐업,,,070-7405-8530,
케이. 투. 팜,2015-01-13,203492.110034429,459548.102640663,2026-05-03 22:34:36,I,03,폐업,2015-05-21 11:36:52,,2014-06-16,132-917,서울특별시 도봉구 창동 ***번지 *호,PHMG120143090033047000017,3090000,서울특별시 도봉구 덕릉로**길 ** (창동),,03,폐업,,,,
주식회사 싸이랩코리아,,204436.252590165,456082.023162489,2026-05-03 22:34:30,I,13,영업중,2018-09-18 17:04:21,,2012-04-20,,서울특별시 성북구 석관동 ***번지 **호,PHMG120123070034047000022,3070000,"서울특별시 성북구 화랑로**길 **-**, *층 (석관동)",02791,01,영업/정상,,,02-969-9217,
세븐일레븐창동우성점,2018-06-25,203435.070010822,459881.110133122,2026-05-03 22:34:44,I,03,폐업,2018-06-26 09:22:39,,2015-04-28,132-919,서울특별시 도봉구 창동 ***번지 **호,PHMG120153090033047000028,3090000,"서울특별시 도봉구 덕릉로**길 **, *층 (창동)",01464,03,폐업,,,070-4105-0501,
지엠바이오,2011-03-14,203877.316994433,462960.615197443,2026-05-03 22:33:57,I,03,폐업,2011-03-14 17:38:46,,2009-02-26,132-854,서울특별시 도봉구 방학*동 ***번지 *호 현대렉시온오피스텔 ***호,PHMG120093090033047000006,3090000,,,03,폐업,,,,
지에스25 동소문타운점,,201257.807905282,454526.275460186,2026-05-03 22:36:28,I,13,영업중,2023-10-17 17:14:55,,2023-10-17,,서울특별시 성북구 동소문동*가 ***-*,PHMG120233070034047000100,3070000,"서울특별시 성북구 동소문로**길 **, *층 (동소문동*가)",02830,01,영업/정상,,,02-929-3445,
(주)에스원,,200853.304168134,454183.709599927,2026-05-03 22:34:00,I,15,전출,2019-05-11 14:00:35,,2009-06-08,136-033,서울특별시 성북구 동소문동*가 **번지 연세빌딩 *층,PHMG120093070034047000030,3070000,서울특별시 성북구 동소문로 ** (동소문동*가),02860,05,제외/삭제/전출,,,,
위드미방학학마을,2017-11-07,203392.443631313,462760.631933918,2026-05-03 22:34:41,I,03,폐업,2017-11-07 13:03:13,,2015-01-02,132-847,방학동 ***번지 *호,PHMG120153090033047000001,3090000,"서울특별시 도봉구 도당로 ***, *층 (방학동)",01352,03,폐업,,,02-956-0925,
글로리아상사,2013-05-10,201803.62404929,454867.240191258,2026-05-03 22:34:34,I,03,폐업,2013-05-10 15:41:27,,2012-11-09,136-053,서울특별시 성북구 동선동*가 **번지,PHMG120123070034047000064,3070000,"서울특별시 성북구 동소문로**길 ** (동선동*가, *층)",,03,폐업,,,050-2330-1111,
주)파로스메디코리아,,203078.937017511,454628.821819647,2026-05-03 22:33:52,I,15,전출,2017-11-17 10:08:06,,2008-04-22,136-860,서울특별시 성북구 종암동 **번지 **호,PHMG120083070034047000020,3070000,서울특별시 성북구 종암로 ** (종암동),02811,05,제외/삭제/전출,,,02-928-4736,
씨유 정릉우성점,2017-08-10,201327.418241891,455410.800040067,2026-05-03 22:34:48,I,03,폐업,2017-08-10 09:40:21,,2014-11-19,136-772,서울특별시 성북구 정릉동 ****번지 *호 우성아파트상가 *-***,PHMG120143070034047000097,3070000,"서울특별시 성북구 북악산로 *** (정릉동, 우성아파트상가 *-***)",02819,03,폐업,,,,
위드유,2011-08-10,,,2026-05-03 22:33:54,I,03,폐업,2011-08-10 13:43:14,,2008-07-07,132-842,"서울특별시 도봉구안방학길 **(방학동 ***-**), 지층",PHMG120083090033047000018,3090000,,,03,폐업,,,,
홈플러스(주)방학점,,203790.013568785,462495.417040876,2026-05-03 22:33:47,I,13,영업중,2024-02-21 11:26:13,,2003-06-27,132-854,서울특별시 도봉구 방학*동 ***번지 *호 지하*층,PHMG120033090033047000003,3090000,"서울특별시 도봉구 도봉로 ***, 지하*층 (방학동)",01334,01,영업/정상,,,,
hy수유점,2025-06-20,202846.68695598,460717.521811075,2026-05-03 22:35:46,I,03,폐업,2025-06-20 17:15:48,,2022-03-23,,서울특별시 도봉구 쌍문동 **-**,PHMG120223090033047000088,3090000,"서울특별시 도봉구 도봉로***길 **, *층 (쌍문동)",01443,03,폐업,,,,
이원건강의료기 종암점점,2019-04-05,203064.895688085,454994.47520647,2026-05-03 22:34:20,I,03,폐업,2019-04-05 15:12:49,,2011-01-17,136-090,서울특별시 성북구 종암동 **번지 **호 *층,PHMG120113070034047000005,3070000,"서울특별시 성북구 종암로 ** (종암동,*층)",,03,폐업,,,,
큐베인,,201457.823652545,454070.136293077,2026-05-03 22:34:39,I,13,영업중,2021-11-22 10:15:39,,2014-01-03,,서울특별시 성북구 삼선동*가 ***번지,PHMG120143070034047000002,3070000,"서울특별시 성북구 고려대로*길 **, 지층 (삼선동*가)",02848,01,영업/정상,,,,
조앤지컴퍼니,,202954.67642836,460846.888198385,2026-05-03 22:36:02,I,13,영업중,2025-05-29 11:22:58,,2021-09-13,,서울특별시 도봉구 쌍문동 ***-*,PHMG120243090033047000015,3090000,"서울특별시 도봉구 노해로**길 **, ***호 (쌍문동)",01442,01,영업/정상,,,02-948-7891,
또바기,,204214.210632572,460746.553675666,2026-05-03 22:36:06,I,13,영업중,2024-11-21 10:12:49,,2024-11-20,,서울특별시 도봉구 창동 ** 삼성아파트,PHMG120243090033047000058,3090000,"서울특별시 도봉구 노해로**길 **, 삼성아파트 ***호 (창동)",01422,01,영업/정상,,,,
네오웰빙10분운동샵 성북지점,2014-01-02,200815.940090982,454046.411975474,2026-05-03 22:34:38,I,03,폐업,2014-01-02 17:51:21,,2013-08-20,136-042,서울특별시 성북구 삼선동*가 *번지 *층,PHMG120133070034047000037,3070000,"서울특별시 성북구 삼선교로**길 **, *층 (삼선동*가)",,03,폐업,,,,
내가웰빙,,201140.318332667,454293.08224083,2026-05-03 22:35:38,I,13,영업중,2019-05-15 13:07:58,,2008-08-14,,서울특별시 성북구 삼선동*가 ***번지,PHMG120183070034047000066,3070000,"서울특별시 성북구 보문로 ***, *층 ***호 (삼선동*가)",02861,01,영업/정상,,,02-533-7525,
모두굿즈,2023-12-01,200958.804987758,453889.562150121,2026-05-03 22:36:10,I,03,폐업,2023-11-15 18:08:48,,2022-02-28,,서울특별시 성북구 삼선동*가 *** 삼선 SK VIEW 아파트,PHMG120223070034047000082,3070000,"서울특별시 성북구 삼선교로**길 **, ***동 ****호 (삼선동*가, 삼선 SK VIEW 아파트)",02863,03,폐업,,,,
비에스덴탈,,202683.685417577,461798.221433785,2026-05-03 22:35:19,I,13,영업중,2020-07-03 16:09:01,,2019-04-05,,서울특별시 도봉구 쌍문동 ** 현대아파트,PHMG120203090033047000028,3090000,"서울특별시 도봉구 해등로 ***-**, ***호 (쌍문동, 현대아파트)",01387,01,영업/정상,,,,72
씨유 창동에이스점,,204468.657003222,460879.97297526,2026-05-03 22:35:48,I,13,영업중,2022-07-07 13:17:58,,2022-07-07,,서울특별시 도봉구 창동 **-* 주공아파트,PHMG120223090033047000122,3090000,"서울특별시 도봉구 노해로**길 **, *층 ***-*호 (창동)",01417,01,영업/정상,,,,
독일보청기,2015-12-17,203882.238752491,461149.87315452,2026-05-03 22:34:31,I,24,직권폐업,2015-12-17 16:39:41,,2013-05-22,132-041,서울특별시 도봉구 창*동 ***번지 *호 *층,PHMG120133090033047000017,3090000,"서울특별시 노해로**길 **, *층",01403,04,취소/말소/만료/정지/중지,,,,34
(주)하이프라자 미아사거리점,2024-12-12,202578.280887672,456226.029649781,2026-05-03 22:35:47,I,03,폐업,2024-12-12 13:40:17,,2020-06-16,,서울특별시 성북구 하월곡동 ***번지 LG전자 베스트샵,PHMG120203070034047000034,3070000,"서울특별시 성북구 동소문로 ***, LG전자 베스트샵 *층 (하월곡동)",02733,03,폐업,,,02-914-0009,
원메디칼,,202245.484802387,453152.289722744,2026-05-03 22:35:18,I,15,전출,2024-02-05 11:42:20,,2017-02-08,,서울특별시 성북구 안암동*가 **번지 *호,PHMG120173070034047000014,3070000,"서울특별시 성북구 안암로 **-*, *층 (안암동*가)",02857,05,제외/삭제/전출,,,20881977,
펄스젬생명공학성북길음지점,2012-01-20,,,2026-05-03 22:34:12,I,03,폐업,2012-01-27 16:54:33,,2010-09-06,136-811,서울특별시 성북구 길음*동 ****번지 **호 (*층)동,PHMG120103070034047000032,3070000,"서울특별시 성북구 숭인로 **-*, (*층)동 (길음동)",,03,폐업,,,,
씨유(CU)도봉해등로점,,203695.628935677,461414.137070819,2026-05-03 22:35:40,I,13,영업중,2022-02-04 13:09:49,,2022-02-04,,서울특별시 도봉구 창동 ***-** 양지빌딩,PHMG120223090033047000017,3090000,"서울특별시 도봉구 해등로**길 **, 양지빌딩 *층 (창동)",01402,01,영업/정상,,,,
세븐일레븐창동금빛길,2019-10-11,202927.968900392,459973.275358416,2026-05-03 22:34:40,I,03,폐업,2019-10-11 15:47:48,,2014-12-05,132-922,서울특별시 도봉구 창동 ***번지 **호,PHMG120143090033047000078,3090000,"서울특별시 도봉구 우이천로**길 **, *층 (창동)",01462,03,폐업,,,,
마켓나인,2026-02-10,202073.752572838,456449.070674026,2026-05-03 22:35:58,I,03,폐업,2026-02-11 09:09:45,,2021-05-07,,서울특별시 성북구 길음동 **** 길음동동부센트레빌아파트,PHMG120213070034047000068,3070000,"서울특별시 성북구 숭인로*길 **, ***동 ****호 (길음동, 길음동동부센트레빌아파트)",02726,03,폐업,,,,
EsMedical,2017-09-14,202998.896551621,461818.506049631,2026-05-03 22:33:52,I,03,폐업,2017-09-14 15:54:42,,2007-11-19,,서울특별시 도봉구 쌍문동 **번지 벽산프라자 *층 ***호,PHMG120073090033047000023,3090000,"서울특별시 도봉구 도당로 *, *층 ***호 (쌍문동, 벽산프라자)",01385,03,폐업,,,02-906-3615,
세븐일레븐 정릉서경대점,2025-12-17,200793.37900013,456631.001706829,2026-05-03 22:36:13,I,03,폐업,2025-12-18 15:58:32,,2022-05-16,,서울특별시 성북구 정릉동 ***-***,PHMG120223070034047000134,3070000,"서울특별시 성북구 보국문로**길 **, *층 (정릉동)",02717,03,폐업,,,,
(주)비젼메디텍,2024-10-11,203288.360139548,459829.498366363,2026-05-03 22:34:34,I,03,폐업,2024-10-11 09:32:30,,2014-02-19,132-918,서울특별시 도봉구 창동 ***번지 **호,PHMG120143090033047000004,3090000,서울특별시 도봉구 덕릉로**길 ** (창동),01470,03,폐업,,,02-900-6479,59.25
신기메디칼,2022-11-01,200621.865864787,456546.160846171,2026-05-03 22:34:39,I,03,폐업,2022-11-02 14:06:39,,2013-08-20,136-850,서울특별시 성북구 정릉*동 *번지 지하*층,PHMG120133070034047000038,3070000,"서울특별시 성북구 솔샘로**길 ** (정릉동, 지하*층)",02709,03,폐업,,,,
(주)가야인팜,2013-04-30,202750.470589227,456016.875635773,2026-05-03 22:34:23,I,03,폐업,2013-04-30 13:23:10,,2011-04-27,136-874,서울특별시 성북구 월곡*동 **번지 ****호 지층,PHMG120113070034047000025,3070000,"서울특별시 성북구 종암로**길 * (하월곡동,지층)",,03,폐업,,,02-357-1761,
엘리컴퍼니,2023-12-04,203169.796139784,462173.874363255,2026-05-03 22:35:55,I,03,폐업,2023-12-04 17:33:40,,2023-01-02,,서울특별시 도봉구 방학동 ***-* 성원아파트 ***동 ***호,PHMG120233090033047000003,3090000,"서울특별시 도봉구 방학로*길 **, ***동 ***호 (방학동, 성원아파트)",01389,03,폐업,,,,
지에스(GS)25방학명문점,2023-05-31,203558.847496706,462789.017638655,2026-05-03 22:35:41,I,03,폐업,2023-05-31 14:13:48,,2022-02-07,,서울특별시 도봉구 방학동 ***-**,PHMG120223090033047000033,3090000,"서울특별시 도봉구 도당로 ***, *층 (방학동)",01351,03,폐업,,,02-955-1494,
사랑유통,2017-09-20,204365.037901995,461125.753926996,2026-05-03 22:34:34,I,24,직권폐업,2017-09-20 16:17:53,,2014-01-20,132-898,서울특별시 도봉구 창동 *번지 *호 대성빌딩 ***호,PHMG120143090033047000002,3090000,"서울특별시 도봉구 노해로 ***, ***호 (창동, 대성빌딩)",01414,04,취소/말소/만료/정지/중지,,,070-4711-6286,
(주)피알파트너스,,204021.693481145,463389.683879449,2026-05-03 22:34:48,I,13,영업중,2016-01-08 13:31:09,,2016-01-08,,"서울특별시 도봉구 도봉동 ***번지 **호 ***, ***호",PHMG120163090033047000001,3090000,"서울특별시 도봉구 마들로 ***, ***, ***호 (도봉동)",01327,01,영업/정상,,,02-954-0880,
토담골,2015-06-24,203708.512850545,463373.806905082,2026-05-03 22:34:33,I,03,폐업,2015-06-24 15:30:20,,2013-10-21,132-820,서울특별시 도봉구 도봉동 ***번지 *호,PHMG120133090033047000048,3090000,서울특별시 도봉구 도봉로***길 **-* (도봉동),,03,폐업,,,,
제이케이메디맵,,205639.045288557,456421.476759264,2026-05-03 22:34:37,I,13,영업중,2025-12-05 11:22:10,,2013-02-28,,서울특별시 성북구 석관동 ***-**,PHMG120133070034047000011,3070000,"서울특별시 성북구 한천로**길 **-*, *층 (석관동)",02782,01,영업/정상,,,63382038,
(주)위즈케이엘,,203358.198833151,454950.33986438,2026-05-03 22:35:38,I,15,전출,2019-08-23 14:51:00,,2018-12-26,,서울특별시 성북구 종암동 *번지 **호,PHMG120183070034047000078,3070000,"서울특별시 성북구 월곡로 **, *층 (종암동)",02800,05,제외/삭제/전출,,,,
GS25성북스테이트점,2024-02-29,202613.131792067,456022.34503858,2026-05-03 22:36:04,I,03,폐업,2024-02-29 16:21:42,,2022-02-07,,서울특별시 성북구 하월곡동 **-** 성북힐스테이트,PHMG120223070034047000035,3070000,"서울특별시 성북구 동소문로**길 **, ***동 ***호 (하월곡동, 성북힐스테이트)",02733,03,폐업,,,02-943-6690,
이원건강의료기 쌍문점,2021-05-24,202531.829312848,460224.197874758,2026-05-03 22:34:00,I,03,폐업,2021-05-24 16:19:56,,2009-07-16,132-864,서울특별시 도봉구 쌍문*동 ***번지 ***호 *층,PHMG120093090033047000020,3090000,"서울특별시 도봉구 우이천로 ***, *층 (쌍문동)",01452,03,폐업,,,,
(주)휴먼스라인,2015-06-10,201459.631351667,454725.925956661,2026-05-03 22:34:42,I,03,폐업,2015-06-10 14:45:42,,2014-08-11,136-054,서울특별시 성북구 동선동*가 ***번지 *호 *층 ***호,PHMG120143070034047000033,3070000,"서울특별시 성북구 아리랑로*길 **, *층 ***호 (동선동*가)",,03,폐업,,,,
제이스타코퍼레이션 주식회사,,203974.826951671,461040.287040565,2026-05-03 22:35:38,I,13,영업중,2025-12-09 10:26:42,,2021-10-26,,서울특별시 도봉구 창동 ***-*,PHMG120213090033047000079,3090000,"서울특별시 도봉구 노해로**길 *-**, *층 **-비호 (창동)",01405,01,영업/정상,,,02-955-2010,3.3
지에스(GS)방학ESA점,2023-12-18,203953.833720651,462675.950480622,2026-05-03 22:35:40,I,03,폐업,2023-12-18 13:20:09,,2022-02-04,,서울특별시 도봉구 방학동 ***-* ESA 아파트,PHMG120223090033047000022,3090000,"서울특별시 도봉구 도봉로***길 **, ***호 (방학동, ESA 아파트)",01332,03,폐업,,,02-956-9005,
(주)에치와이 안암점,2025-07-31,202309.8695333,453220.977708434,2026-05-03 22:36:12,I,03,폐업,2025-07-22 11:07:19,,2022-03-31,,서울특별시 성북구 안암동*가 ***-*,PHMG120223070034047000119,3070000,"서울특별시 성북구 안암로 **, *층 (안암동*가)",02857,03,폐업,,,,
클럽벨런스5쌍문점,2014-05-15,203089.442773514,461770.488758803,2026-05-03 22:34:35,I,03,폐업,2014-05-15 15:52:35,,2014-03-13,132-897,서울특별시 도봉구 쌍문동 ***번지 신원프라자  *층,PHMG120143090033047000010,3090000,"서울특별시 도봉구 해등로 ***, *층 (쌍문동, 신원프라자)",,03,폐업,,,,
글로비컴퍼니,,202350.407168165,456026.125951249,2026-05-03 22:35:01,I,15,전출,2017-07-06 09:02:41,,2016-01-04,,서울특별시 성북구 길음동 ***번지 *호 *층,PHMG120163070034047000001,3070000,"서울특별시 성북구 동소문로**길 *, *층 (길음동)",02732,05,제외/삭제/전출,,,,
씨제이올리브영(주) 길음역점,,202166.019028452,455524.351454451,2026-05-03 22:35:36,I,13,영업중,2023-02-08 17:11:56,,2018-07-31,,서울특별시 성북구 돈암동 ***번지 *호 BR빌딩,PHMG120183070034047000053,3070000,"서울특별시 성북구 정릉로 ***, BR빌딩 지하*층 (돈암동)",02806,01,영업/정상,,,,
실버이안,2010-03-09,204413.616574592,461378.588676784,2026-05-03 22:33:58,I,03,폐업,2010-03-09 16:12:10,,2009-04-21,132-898,서울특별시 도봉구 창*동 *번지 **호 *층,PHMG120093090033047000013,3090000,,,03,폐업,,,,
나우덴탈,2012-08-07,203964.099772835,464779.326449954,2026-05-03 22:34:25,I,24,직권폐업,2012-08-23 09:37:01,,2011-11-30,132-813,서울특별시 도봉구 도봉*동 ***번지 **호 ***호,PHMG120113090033047000055,3090000,"서울특별시 도봉구 도봉로 ***, ***호 (도봉동)",,04,취소/말소/만료/정지/중지,,,,
(주) HNF,2013-05-14,205083.452411454,456548.519056615,2026-05-03 22:33:37,I,03,폐업,2020-12-01 10:59:23,,2001-09-19,,서울특별시 성북구 석관동 ***-* 신정빌딩,PHMG120013070034047000006,3070000,"서울특별시 성북구 화랑로 ***, 신정빌딩 (석관동)",02783,03,폐업,,,02-961-8279,
(주)엔에스시스템,2018-01-12,202466.119176743,460394.329853007,2026-05-03 22:34:47,I,03,폐업,2018-01-12 10:19:17,,2015-12-04,,,PHMG120153090033047000070,3090000,"서울특별시 도봉구 우이천로 ***, *층 (쌍문동, 한전병원)",01450,03,폐업,,,02-999-2544,
파미시스 가루다,,200539.709573333,454127.822334369,2026-05-03 22:36:28,I,13,영업중,2024-04-17 17:24:21,,2023-08-07,,서울특별시 성북구 동소문동*가 **,PHMG120233070034047000097,3070000,"서울특별시 성북구 성북로*길 **, *층 (동소문동*가)",02833,01,영업/정상,,,,
씨유창동주공점,,203318.36644361,461167.632867076,2026-05-03 22:35:49,I,13,영업중,2022-07-14 17:28:02,,2022-07-14,,서울특별시 도봉구 창동 ***-*,PHMG120223090033047000130,3090000,"서울특별시 도봉구 도봉로***길 **, *층 (창동)",01428,01,영업/정상,,,,
(주)세황무역,2010-04-22,201292.831751651,454400.822409435,2026-05-03 22:33:38,I,03,폐업,2020-12-01 11:03:37,,2002-06-05,,서울특별시 성북구 동소문동*가 **-*,PHMG120023070034047000004,3070000,"서울특별시 성북구 보문로**길 **, 지하*층 (동소문동*가)",02846,03,폐업,,,02-925-0333,
푸르마,,200744.658587506,453991.267327136,2026-05-03 22:34:38,I,13,영업중,2021-11-23 13:31:36,,2013-05-28,,서울특별시 성북구 삼선동*가 ***번지 *층,PHMG120133070034047000026,3070000,서울특별시 성북구 삼선교로 ** (삼선동*가),02861,01,영업/정상,,,,
케이엠아이텍,2020-06-19,201852.588541848,455598.947533777,2026-05-03 22:35:11,I,03,폐업,2020-06-19 16:44:59,,2016-10-20,,서울특별시 성북구 길음동 ***번지 *호 *층 **;호,PHMG120163070034047000056,3070000,"서울특별시 성북구 동소문로 ***, *층 **호 (길음동, 길음시장)",02721,03,폐업,,,,
모가나SMP탈모센터,,204313.906829097,461347.878668101,2026-05-03 22:36:09,I,13,영업중,2025-04-08 09:54:08,,2025-04-07,,서울특별시 도봉구 창동 *-** 씨드큐브 창동,PHMG120253090033047000016,3090000,"서울특별시 도봉구 마들로**길 **, 씨드큐브 창동 B***-*호 (창동)",01413,01,영업/정상,,,,52.83
한메드존,,204247.213401781,461131.830916668,2026-05-03 22:35:19,I,15,전출,2020-12-09 16:16:18,,2020-08-21,,서울특별시 도봉구 창동 *-* KING 프라자,PHMG120203090033047000031,3090000,"서울특별시 도봉구 마들로**가길 **, KING 프라자 ***호 (창동)",01414,05,제외/삭제/전출,,,,
다원메디컬,2024-07-01,203712.588634155,455712.035845314,2026-05-03 22:36:18,I,03,폐업,2024-07-01 16:06:34,,2019-01-11,,서울특별시 성북구 하월곡동 **-*,PHMG120223070034047000231,3070000,"서울특별시 성북구 화랑로**길 *, 지층 (하월곡동)",02752,03,폐업,,,02-941-0692,
유한내추럴,,202671.033985204,462369.100682349,2026-05-03 22:33:45,I,13,영업중,2017-06-13 15:05:26,,2002-01-07,,서울특별시 도봉구 방학동 ***번지 *호,PHMG120023090033047000001,3090000,서울특별시 도봉구 방학로**가길 ** (방학동),01357,01,영업/정상,,,,
(주)하이프라자 현대미아점,2024-04-15,202466.801084521,456227.571720914,2026-05-03 22:35:47,I,03,폐업,2024-04-15 10:15:50,,2020-06-18,,서울특별시 성북구 길음동 **번지 *호 현대백화점미아점,PHMG120203070034047000038,3070000,"서울특별시 성북구 동소문로 ***, 현대백화점미아점 *층 (길음동)",02730,03,폐업,,,02-2117-1844,
유로피,2023-12-12,200844.523335887,453645.974523798,2026-05-03 22:35:46,I,24,직권폐업,2024-02-29 15:10:26,,2020-04-14,,서울특별시 성북구 삼선동*가 ***번지,PHMG120203070034047000017,3070000,"서울특별시 성북구 삼선교로**길 **-*, *층 (삼선동*가)",02864,04,취소/말소/만료/정지/중지,,,,
한일메디텍,2015-08-31,204397.004135761,461175.40204195,2026-05-03 22:34:13,I,03,폐업,2015-08-31 15:49:35,,2011-01-04,,,PHMG120113090033047000001,3090000,"서울특별시 도봉구 노해로**길 **, ***-*호 (창동)",01414,03,폐업,,,,
행복의료기,2015-07-10,203242.968498731,460001.081136921,2026-05-03 22:34:29,I,03,폐업,2015-07-10 17:06:18,,2013-02-07,132-784,서울특별시 도봉구 창*동 ***번지 ***호 대우아파트 상가동,PHMG120133090033047000003,3090000,"서울특별시 덕릉로**가길 **, ***호 (창동대우아파트, 상가동)",,03,폐업,,,,
라온메드,2021-03-02,201185.342684833,455578.532014669,2026-05-03 22:34:54,I,03,폐업,2021-03-02 16:39:15,,2015-05-22,,서울특별시 성북구 정릉동 ***번지 **호,PHMG120153070034047000036,3070000,"서울특별시 성북구 정릉로**길 **, *층 ***호 (정릉동, 송현빌딩)",02815,03,폐업,,,,
하트가디안(Heart  Guardian),,201249.881668025,454135.558665645,2026-05-03 22:34:42,I,13,영업중,2018-01-10 18:03:35,,2014-08-01,,서울특별시 성북구 삼선동*가 **번지 *층,PHMG120143070034047000029,3070000,"서울특별시 성북구 삼선교로**길 *, *층 (삼선동*가, 동원빌딩)",02862,01,영업/정상,,,,
롯데쇼핑(주) 롯데슈퍼 장위점,2024-01-02,204208.631200867,457844.348010616,2026-05-03 22:36:09,I,03,폐업,2024-01-02 16:21:30,,2022-02-15,,서울특별시 성북구 장위동 ***-* 센트럴타운,PHMG120223070034047000069,3070000,"서울특별시 성북구 월계로**길 *, 센트럴타운 지하*층 B***, B***호 (장위동)",02759,03,폐업,,,,
비겐바디케어,2014-07-22,200969.910066571,455855.289193804,2026-05-03 22:33:48,I,03,폐업,2015-04-06 16:40:34,,2007-01-17,136-845,서울특별시 성북구 정릉동 ***번지 **호,PHMG120073070034047000001,3070000,서울특별시 성북구 보국문로 * (정릉동),,03,폐업,,,02-918-9792,
솔메디컬,2019-05-30,205246.850610706,455841.514356482,2026-05-03 22:35:08,I,03,폐업,2019-05-30 18:10:24,,2016-06-30,,서울특별시 성북구 석관동 ***번지 ***호 *층,PHMG120163070034047000034,3070000,"서울특별시 성북구 화랑로**길 ***, *층 (석관동)",02788,03,폐업,,,,
세진,2012-06-07,201826.002331378,453162.376311852,2026-05-03 22:34:10,I,03,폐업,2012-06-07 17:30:26,,2010-07-19,136-087,서울특별시 성북구 보문동*가 **번지 *호 에이스빌딩***호,PHMG120103070034047000027,3070000,"서울특별시 성북구 보문로 ** (보문동*가,에이스빌딩***호)",,03,폐업,,,,
씨유 국민대후문점,2015-06-24,199883.860135693,456384.737728758,2026-05-03 22:34:48,I,03,폐업,2015-06-24 18:01:11,,2014-11-19,136-854,서울특별시 성북구 정릉동 ***번지 *호,PHMG120143070034047000096,3070000,서울특별시 성북구 정릉로*길 ** (정릉동),,03,폐업,,,,
베가케어,2016-05-13,204136.58447783,463573.102150294,2026-05-03 22:34:50,I,03,폐업,2016-05-13 16:52:19,,2016-02-22,,서울특별시 도봉구 도봉동 ***호 한양수자인 ***호,PHMG120163090033047000008,3090000,"서울특별시 도봉구 마들로 ***, ***호 (도봉동, 도봉한양수자인)",01325,03,폐업,,,,
(주)코리아세븐 정릉e편한세상점,2019-10-14,201646.640300822,455297.375163193,2026-05-03 22:35:10,I,03,폐업,2019-10-14 15:56:33,,2016-09-05,,서울특별시 성북구 정릉동 ****번지 정릉*차 e편한세상아파트 상가동 ***호,PHMG120163070034047000047,3070000,"서울특별시 성북구 북악산로 ***, 상가동 ***호 (정릉동, 정릉*차 e편한세상아파트)",02818,03,폐업,,,02-909-5684,
