영업장주변구분명,건물소유구분명,사업장명,업태구분명,폐업일자,좌표X,좌표Y,데이터갱신시점,데이터갱신구분,상세영업상태코드,상세영업상태명,시설총규모,공장사무직직원수,공장생산직직원수,공장판매직직원수,여성종사자수,등급구분명,보증액,본사직원수,홈페이지,최종수정시점,인허가일자,소재지면적,소재지우편번호,지번주소,다중이용업소여부,남성종사자수,관리번호,월세액,개방자치단체코드,도로명주소,도로명우편번호,영업상태구분코드,영업상태명,위생업태명,소재지전화번호,전통업소지정번호,전통업소주된음식,급수시설구분명
기타,,금호슈퍼(자판기),식품자동판매기영업,,189475.21062013,443294.904301675,2026-05-03 22:32:59,I,01,영업,0,,,,0,자율,,,,2016-06-02 10:24:53,1999-09-14,,152-852,서울특별시 구로구 구로동 403-3,N,0,3160000-112-1999-01028,,3160000,서울특별시 구로구 가마산로 177-1 (구로동),08287,01,영업/정상,식품자동판매기영업,02-866-0398,,,
,자가,남양택시구내식당(자판기),식품자동판매기영업,2007-08-17,184393.609700098,443470.198887517,2026-05-03 22:33:15,I,02,폐업,0,0,0,0,,,0,0,,2003-05-27 00:00:00,2003-05-27,,152-905,서울특별시 구로구 온수동 10-2,N,,3160000-112-2003-00210,0,3160000,,,03,폐업,식품자동판매기영업,,,,
기타,,하이파크장(자판기),식품자동판매기영업,2002-02-15,186348.760682412,443844.721453334,2026-05-03 22:32:57,I,02,폐업,0,,,,1,자율,,,,2000-12-06 00:00:00,1999-07-09,,152-892,서울특별시 구로구 오류동 33-9,N,0,3160000-112-1999-00790,,3160000,,,03,폐업,식품자동판매기영업,02-689-5566,,,
기타,,코리아나(자판기),식품자동판매기영업,2002-07-12,189756.759359133,442864.755754283,2026-05-03 22:32:44,I,02,폐업,0,,,,0,기타,,,,2001-09-26 00:00:00,1992-06-27,,152-872,서울특별시 구로구 구로동 737-8,N,0,3160000-112-1992-00217,,3160000,,,03,폐업,식품자동판매기영업,,,,
,,모아미용실(자판기),식품자동판매기영업,2006-09-20,186225.510675124,444450.916134262,2026-05-03 22:33:41,I,02,폐업,0,,,,,,,,,2005-11-10 00:00:00,2005-11-10,,152-802,서울특별시 구로구 개봉동 35-8,N,,3160000-112-2005-00043,,3160000,,,03,폐업,식품자동판매기영업,02-2686-6463,,,
주택가주변,,구로신용협동조합(자판기),식품자동판매기영업,2013-01-17,190044.356571664,444515.0350076,2026-05-03 22:32:54,I,02,폐업,0,,,,0,기타,,,,2000-11-07 00:00:00,1999-05-25,,152-860,서울특별시 구로구 구로동 546-1,N,0,3160000-112-1999-00567,,3160000,,,03,폐업,식품자동판매기영업,02-837-3301,,,
,자가,만나밥집(자판기),식품자동판매기영업,,187534.768193172,444553.610402,2026-05-03 22:34:13,I,01,영업,1,0,0,0,,,,0,,2025-11-11 14:49:34,2014-11-12,1.00,152-828,서울특별시 구로구 고척동 154-7,N,,3160000-112-2014-00016,,3160000,,,01,영업/정상,식품자동판매기영업,,,,
기타,,성공회대학교(자판기),식품자동판매기영업,2015-09-17,184514.602462493,442825.73689201,2026-05-03 22:32:43,I,02,폐업,0,,,,0,기타,,,,2014-06-11 09:37:37,1992-03-16,,152-140,서울특별시 구로구 항동 1-1,N,0,3160000-112-1992-00185,,3160000,서울특별시 구로구 연동로 320 (항동),08359,03,폐업,식품자동판매기영업,02-2610-4161,,,
,,이마트24 구로MS점,식품자동판매기영업,2021-08-27,191005.360990349,442153.021353333,2026-05-03 22:34:31,I,02,폐업,0,,,,,,,,,2021-08-27 09:42:24,2019-05-14,,152-880,서울특별시 구로구 구로동 1130-1,N,,3160000-112-2019-00007,,3160000,"서울특별시 구로구 시흥대로163길 15, 1층 우측1호 (구로동)",08392,03,폐업,식품자동판매기영업,,,,
,임대,씨유 구로조이점,식품자동판매기영업,2019-03-21,189670.65482673,443086.697059494,2026-05-03 22:34:27,I,02,폐업,0,,,,,,,,,2019-03-21 11:03:27,2017-09-21,1.00,152-871,서울특별시 구로구 구로동 726-1,N,,3160000-112-2017-00024,,3160000,"서울특별시 구로구 구로동로 125-4, 1층 (구로동)",08310,03,폐업,식품자동판매기영업,,,,
기타,,샤니전기(자판기),식품자동판매기영업,2004-03-25,,,2026-05-03 22:32:33,I,02,폐업,0,,,,,기타,,,,2002-07-29 00:00:00,1986-08-29,,152-848,서울특별시 구로구 구로동 189-2,N,,3160000-112-1983-01027,,3160000,,,03,폐업,식품자동판매기영업,,,,
,,대림(03) 자판기,식품자동판매기영업,2008-12-26,190561.787378446,443461.858357272,2026-05-03 22:33:44,I,02,폐업,0,,,,,,,,,2006-03-08 00:00:00,2006-03-08,,152-845,서울특별시 구로구 구로동 125-66,N,,3160000-112-2006-00005,,3160000,,,03,폐업,식품자동판매기영업,02-2285-6006,,,
아파트지역,,팔도슈퍼(자판기),식품자동판매기영업,2025-08-01,189413.907114488,443572.952547636,2026-05-03 22:32:45,I,02,폐업,0,0,0,0,0,을,,0,,2025-08-01 10:42:12,1992-12-22,,152-857,서울특별시 구로구 구로동 466-73,N,0,3160000-112-1992-00412,,3160000,서울특별시 구로구 구로동로35가길 29 (구로동),08286,03,폐업,식품자동판매기영업,02-838-7898,,,
기타,,상미슈퍼,식품자동판매기영업,2000-03-29,187463.615442645,443553.963637942,2026-05-03 22:32:49,I,02,폐업,0,,,,0,기타,,,,2001-09-26 00:00:00,1993-07-29,,152-809,서울특별시 구로구 개봉동 202-12,N,0,3160000-112-1993-01107,,3160000,,,03,폐업,식품자동판매기영업,,,,
기타,,딩동댕(자판기),식품자동판매기영업,2001-03-21,187234.286075422,443473.960166508,2026-05-03 22:32:44,I,02,폐업,0,,,,0,기타,,,,2001-09-26 00:00:00,1992-06-25,,152-816,서울특별시 구로구 개봉동 403-219,N,0,3160000-112-1992-00216,,3160000,,,03,폐업,식품자동판매기영업,,,,
,,7호선 남구로역(상선)자판기,식품자동판매기영업,,189876.930189121,442575.851990314,2026-05-03 22:34:20,I,01,영업,0,0,0,0,,,,0,,2025-11-07 10:44:58,2015-11-09,,152-876,서울특별시 구로구 구로동 805-3,N,,3160000-112-2015-00015,,3160000,"서울특별시 구로구 도림로 7 (구로동, 관리번호8137470201)",08320,01,영업/정상,식품자동판매기영업,,,,
기타,,제일분식앞(자판기),식품자동판매기영업,2012-09-13,187438.560642674,444439.529777736,2026-05-03 22:32:44,I,02,폐업,0,,,,0,기타,,,,2012-10-16 11:21:28,1992-07-28,,152-828,서울특별시 구로구 고척동 134-98,N,0,3160000-112-1992-00230,,3160000,,,03,폐업,식품자동판매기영업,,,,
기타,,나래이동통신(자판기),식품자동판매기영업,2004-04-13,189592.382528912,443450.938432853,2026-05-03 22:32:54,I,02,폐업,0,,,,1,자율,,,,2000-10-11 00:00:00,1999-05-24,,152-854,서울특별시 구로구 구로동 413-68,N,0,3160000-112-1999-00546,,3160000,,,03,폐업,식품자동판매기영업,02-835-7000,,,
기타,,가리봉극장(자판기),식품자동판매기영업,2012-03-07,190250.815226447,442006.653390069,2026-05-03 22:32:34,I,02,폐업,0,,,,0,지도,,,,2012-03-08 14:57:39,1984-12-20,,152-801,서울특별시 구로구 가리봉동 131-19,N,0,3160000-112-1984-01025,,3160000,,,03,폐업,식품자동판매기영업,,,,
,자가,너랑나랑 아구사랑(자판기),식품자동판매기영업,2007-04-12,189527.815323772,443176.778672291,2026-05-03 22:33:30,I,02,폐업,0,0,0,0,,,0,0,,2007-03-30 00:00:00,2004-11-09,,152-870,서울특별시 구로구 구로동 705-26,N,,3160000-112-2004-00031,0,3160000,,,03,폐업,식품자동판매기영업,02-852-9300,,,
,,씨유남구로명인(자판기),식품자동판매기영업,2019-03-15,190294.909791083,442402.231523498,2026-05-03 22:34:20,I,02,폐업,0,,,,,,,,,2019-03-15 10:38:11,2015-10-27,,152-800,서울특별시 구로구 가리봉동 115-11,N,,3160000-112-2015-00011,,3160000,"서울특별시 구로구 디지털로27길 53, 1층층 (가리봉동, 씨유남구로명인내(자판기))",08383,03,폐업,식품자동판매기영업,,,,
기타,,안경마을(자판기),식품자동판매기영업,2003-09-24,186203.096500459,443846.652425662,2026-05-03 22:32:57,I,02,폐업,0,,,,0,자율,,,,2000-12-06 00:00:00,1999-07-08,,152-892,서울특별시 구로구 오류동 34-12,N,1,3160000-112-1999-00786,,3160000,,,03,폐업,식품자동판매기영업,02-684-1824,,,
기타,,함바식당(자판기),식품자동판매기영업,2002-01-18,,,2026-05-03 22:32:56,I,02,폐업,0,,,,0,자율,,,,2000-11-21 00:00:00,1999-07-02,,152-905,서울특별시 구로구 온수동 18-3 온수지하철공사현장,N,0,3160000-112-1999-00752,,3160000,,,03,폐업,식품자동판매기영업,02-689-6645,,,
,자가,구로중앙외과의원,식품자동판매기영업,2004-06-14,189900.313832,442495.532677644,2026-05-03 22:33:13,I,02,폐업,0,0,0,0,,,0,0,,2003-05-20 00:00:00,2003-05-20,,152-800,서울특별시 구로구 가리봉동 89-138,N,,3160000-112-2003-00152,0,3160000,,,03,폐업,식품자동판매기영업,,,,
기타,,천왕궁(자판기),식품자동판매기영업,2004-01-26,186542.26872132,442264.381720263,2026-05-03 22:32:43,I,02,폐업,0,,,,0,기타,,,,2002-07-29 00:00:00,1992-01-13,,152-815,서울특별시 구로구 개봉동 314-33,N,0,3160000-112-1992-00162,,3160000,,,03,폐업,식품자동판매기영업,,,,
주택가주변,,유정식품(자판기),식품자동판매기영업,2001-04-24,187383.887301783,444494.697447518,2026-05-03 22:32:53,I,02,폐업,0,,,,0,자율,,,,2001-09-26 00:00:00,1999-04-16,,152-828,서울특별시 구로구 고척동 145-117,N,0,3160000-112-1999-00476,,3160000,,,03,폐업,식품자동판매기영업,02-687-5644,,,
,자가,드림넷PC방(자판기),식품자동판매기영업,2006-05-25,186212.854295658,443428.377754279,2026-05-03 22:33:10,I,02,폐업,0,0,0,0,,,0,0,,2003-03-21 00:00:00,2003-03-21,,152-896,서울특별시 구로구 오류동 147-84,N,,3160000-112-2003-00087,0,3160000,,,03,폐업,식품자동판매기영업,02-2619-2892,,,
,자가,이마트24 구로NHNKCP점,식품자동판매기영업,,190745.562402189,442062.331542356,2026-05-03 22:34:43,I,01,영업,0,,,,,,,,,2024-06-24 15:49:21,2024-06-24,3.30,152-848,서울특별시 구로구 구로동 222-22 NHN KCP,N,,3160000-112-2024-00016,,3160000,"서울특별시 구로구 디지털로26길 72, 이마트24 구로NHNKCP점 1층 (구로동)",08393,01,영업/정상,식품자동판매기영업,,,,
,자가,올터두부고을,식품자동판매기영업,2004-03-29,185972.792363989,443313.103442294,2026-05-03 22:33:17,I,02,폐업,0,0,0,0,,,0,0,,2004-03-22 00:00:00,2003-06-04,,152-896,서울특별시 구로구 오류동 136-53,N,,3160000-112-2003-00249,0,3160000,,,03,폐업,식품자동판매기영업,02-2625-3162,,,
기타,,대한문구(자판기),식품자동판매기영업,2004-08-16,185986.350094523,443901.879476197,2026-05-03 22:32:58,I,02,폐업,0,,,,1,자율,,,,2001-09-26 00:00:00,1999-07-21,,152-890,서울특별시 구로구 오류동 13-12,N,0,3160000-112-1999-00882,,3160000,,,03,폐업,식품자동판매기영업,02-2614-1064,,,
,자가,아름슈퍼(자판기),식품자동판매기영업,2006-09-14,191029.307108884,442318.44658281,2026-05-03 22:33:36,I,02,폐업,0,0,0,0,,,,0,,2005-05-17 00:00:00,2005-04-21,,152-880,서울특별시 구로구 구로동 1127-33,N,,3160000-112-2005-00006,,3160000,,,03,폐업,식품자동판매기영업,,,,
기타,,태화상협,식품자동판매기영업,2000-12-30,,,2026-05-03 22:32:43,I,02,폐업,0,,,,0,기타,,,,2001-09-26 00:00:00,1992-01-09,,152-880,서울특별시 구로구 구로동 1120-1,N,0,3160000-112-1992-00159,,3160000,,,03,폐업,식품자동판매기영업,02-3272-8988,,,
,,장수생고기집(자동판매기),식품자동판매기영업,2004-06-15,189789.239228224,443509.731826449,2026-05-03 22:33:05,I,02,폐업,0,,,,,,,,,2002-10-17 00:00:00,2002-10-17,,152-854,서울특별시 구로구 구로동 430-16,N,,3160000-112-2002-00057,,3160000,,,03,폐업,식품자동판매기영업,02-859-4792,,,
,,골드자판기,식품자동판매기영업,2011-11-15,189682.799434964,444193.860003095,2026-05-03 22:34:00,I,02,폐업,0,,,,,,,,,2009-07-28 14:39:05,2009-07-28,,152-731,서울특별시 구로구 구로동 501 나인스에비뉴,N,,3160000-112-2009-00030,,3160000,,,03,폐업,식품자동판매기영업,02-6678-8000,,,
,자가,행복만들기(자판기),식품자동판매기영업,2008-08-14,186105.126542386,444494.884194381,2026-05-03 22:33:10,I,02,폐업,0,0,0,0,,,0,0,,2003-03-17 00:00:00,2003-03-17,,152-802,서울특별시 구로구 개봉동 38-5,N,,3160000-112-2003-00078,0,3160000,,,03,폐업,식품자동판매기영업,02-2615-1207,,,
,자가,우남문구(자동판매기),식품자동판매기영업,2006-11-30,188199.050940657,444210.310297621,2026-05-03 22:33:06,I,02,폐업,0,0,0,0,,,0,0,,2002-12-23 00:00:00,2002-12-23,,152-825,서울특별시 구로구 고척동 62-135,N,,3160000-112-2002-00076,0,3160000,,,03,폐업,식품자동판매기영업,02-686-3802,,,
주택가주변,,대덕슈퍼(자판기),식품자동판매기영업,2016-08-30,189591.028790783,442927.174557798,2026-05-03 22:33:00,I,02,폐업,0,,,,1,자율,,,,2000-10-11 00:00:00,1999-09-29,,152-871,서울특별시 구로구 구로동 723-26,N,0,3160000-112-1999-01059,,3160000,서울특별시 구로구 구로동로21가길 21 (구로동),08316,03,폐업,식품자동판매기영업,02-859-6692,,,
기타,,애경새마을금고,식품자동판매기영업,1999-03-04,189995.453991496,443578.513105216,2026-05-03 22:32:48,I,02,폐업,0,,,,0,기타,,,,2001-09-26 00:00:00,1993-02-18,,152-840,서울특별시 구로구 구로동 83-0,N,0,3160000-112-1993-00291,,3160000,,,03,폐업,식품자동판매기영업,,,,
,,홈플러스 신도림점,식품자동판매기영업,2025-12-22,190005.132500398,445250.538868558,2026-05-03 22:33:59,I,02,폐업,0,0,0,0,,,,0,,2025-12-22 13:05:03,2009-07-24,,152-887,서울특별시 구로구 신도림동 337 홈플러스내,N,,3160000-112-2009-00026,,3160000,"서울특별시 구로구 경인로 661 (신도림동,홈플러스내)",08208,03,폐업,식품자동판매기영업,02-3662-2820,,,
,,농업협동조합중앙회구로,식품자동판매기영업,2009-03-26,189719.86399063,443054.981176889,2026-05-03 22:33:03,I,02,폐업,0,,,,,,,,,2002-03-21 00:00:00,2001-07-20,,152-872,서울특별시 구로구 구로동 732-3,N,,3160000-112-2001-01250,,3160000,,,03,폐업,식품자동판매기영업,,,,
,자가,엘림어패럴(식품자동판매기),식품자동판매기영업,2003-04-18,186979.025792347,444138.603228406,2026-05-03 22:33:04,I,02,폐업,0,0,0,0,,,0,0,,2002-08-21 00:00:00,2002-08-21,,152-820,서울특별시 구로구 개봉동 464-9,N,,3160000-112-2002-00031,0,3160000,,,03,폐업,식품자동판매기영업,02-686-1700,,,
기타,,참피온식당(자판기),식품자동판매기영업,2003-02-20,190288.131328105,442435.26281772,2026-05-03 22:32:55,I,02,폐업,0,,,,0,기타,,,,2001-09-26 00:00:00,1999-06-11,,152-849,서울특별시 구로구 구로동 252-48,N,0,3160000-112-1999-00632,,3160000,,,03,폐업,식품자동판매기영업,02-852-3220,,,
주택가주변,,종근당마을금고,식품자동판매기영업,1998-12-30,,,2026-05-03 22:32:33,I,02,폐업,0,,,,0,자율,,,,2001-09-26 00:00:00,1983-03-21,,152-887,서울특별시 구로구 신도림동 410-0,N,1,3160000-112-1983-00005,,3160000,,,03,폐업,식품자동판매기영업,,,,
,임대,GS25 구로하우비점,식품자동판매기영업,2017-12-15,190150.586906898,444289.051633068,2026-05-03 22:34:07,I,02,폐업,3.3,,,,,,,,,2017-12-16 15:28:47,2012-11-23,3.30,152-844,서울특별시 구로구 구로동 110-5 구로하우비 101호,N,,3160000-112-2012-00010,,3160000,"서울특별시 구로구 구로중앙로28길 73, 101호 (구로동, 구로하우비)",08295,03,폐업,식품자동판매기영업,,,,상수도전용
,,산장부페,식품자동판매기영업,2001-10-15,189741.286133394,442798.742725063,2026-05-03 22:33:03,I,02,폐업,0,,,,,,,,,2001-10-15 00:00:00,2001-10-15,,152-871,서울특별시 구로구 구로동 716-10,N,,3160000-112-2001-01228,,3160000,,,03,폐업,식품자동판매기영업,,,,
,,동서순대(자동판매기),식품자동판매기영업,2009-02-02,190405.216203536,443191.162501518,2026-05-03 22:33:54,I,02,폐업,0,,,,,,,,,2008-07-03 12:45:01,2008-07-03,,152-846,서울특별시 구로구 구로동 142-68 1층,N,,3160000-112-2008-00007,,3160000,,,03,폐업,식품자동판매기영업,02-857-3393,,,
기타,,(주)일신통상,식품자동판매기영업,1995-04-20,,,2026-05-03 22:32:49,I,02,폐업,0,,,,0,기타,,,,2001-09-26 00:00:00,1994-05-20,,152-800,서울특별시 구로구 가리봉동 60-21,N,0,3160000-112-1994-00327,,3160000,,,03,폐업,식품자동판매기영업,02-0869-3869,,,
기타,,고려대학교부속병원,식품자동판매기영업,1999-05-26,189737.563067918,443329.459368413,2026-05-03 22:32:34,I,02,폐업,0,,,,0,지도,,,,1999-05-26 00:00:00,1984-04-25,,152-840,서울특별시 구로구 구로동 80-0,N,0,3160000-112-1984-00579,,3160000,,,03,폐업,식품자동판매기영업,,,,
기타,,이임순,식품자동판매기영업,2014-07-31,190372.805263756,443813.355017705,2026-05-03 22:32:41,I,02,폐업,0,,,,0,기타,,,,2001-09-26 00:00:00,1991-12-20,,152-841,서울특별시 구로구 구로동 97-4,N,0,3160000-112-1991-00130,,3160000,서울특별시 구로구 가마산로 284 (구로동),08302,03,폐업,식품자동판매기영업,02-0000-0000,,,
주택가주변,,경인손수세차장,식품자동판매기영업,2000-10-02,185311.370050289,443484.044565274,2026-05-03 22:32:55,I,02,폐업,0,,,,0,자율,,,,2000-10-02 00:00:00,1999-06-12,,152-883,서울특별시 구로구 궁동 189-23,N,1,3160000-112-1999-00663,,3160000,,,03,폐업,식품자동판매기영업,,,,
,자가,(주)케이스크린파크골프,식품자동판매기영업,,189682.799434964,444193.860003095,2026-05-03 22:34:40,I,01,영업,0,,,,,,,,,2025-06-27 14:02:45,2023-08-10,3.30,152-731,서울특별시 구로구 구로동 501 신구로자이나인스에비뉴,N,,3160000-112-2023-00018,,3160000,"서울특별시 구로구 구로중앙로 134, 지하2층 다 016호 (구로동, 신구로자이나인스에비뉴)",08293,01,영업/정상,식품자동판매기영업,,,,
,자가,기아남구로판매점,식품자동판매기영업,2008-01-24,190099.876807711,442822.787200988,2026-05-03 22:33:14,I,02,폐업,0,0,0,0,,,0,0,,2003-05-23 00:00:00,2003-05-23,,152-875,서울특별시 구로구 구로동 779-18,N,,3160000-112-2003-00190,0,3160000,,,03,폐업,식품자동판매기영업,,,,
,자가,대림자판기,식품자동판매기영업,2006-02-27,190391.812102588,444669.667356151,2026-05-03 22:33:31,I,02,폐업,0,0,0,0,,,0,0,,2004-11-12 00:00:00,2004-11-12,,152-838,서울특별시 구로구 구로동 41-12,N,,3160000-112-2004-00042,0,3160000,,,03,폐업,식품자동판매기영업,,,,
기타,,신흥타이루(자판기),식품자동판매기영업,2006-01-13,186861.561679821,444303.883749562,2026-05-03 22:33:01,I,02,폐업,0,,,,0,자율,,,,2001-09-26 00:00:00,1999-07-19,,152-836,서울특별시 구로구 고척동 271-102,N,0,3160000-112-1999-01155,,3160000,,,03,폐업,식품자동판매기영업,02-683-2529,,,
,,데이롱 카페 고척고점,식품자동판매기영업,,186769.886124606,445096.528529175,2026-05-03 22:34:43,I,01,영업,0,,,,,,,,,2025-01-03 11:34:48,2025-01-03,26.91,152-837,서울특별시 구로구 고척동 337 한일유앤아이아파트,N,,3160000-112-2025-00001,,3160000,"서울특별시 구로구 중앙로15길 151, 상가동 104호 (고척동, 한일유앤아이아파트)",08239,01,영업/정상,식품자동판매기영업,,,,
주택가주변,,정통소고기 식당,식품자동판매기영업,1998-12-28,191105.629333771,442472.810383251,2026-05-03 22:32:47,I,02,폐업,0,,,,1,자율,,,,2001-09-26 00:00:00,1993-01-09,,152-880,서울특별시 구로구 구로동 1124-48,N,1,3160000-112-1993-00270,,3160000,,,03,폐업,식품자동판매기영업,02-0000-0000,,,
기타,,신도림역내(자판기),식품자동판매기영업,2002-12-20,,,2026-05-03 22:33:01,I,02,폐업,0,,,,0,기타,,,,2002-07-29 00:00:00,2000-02-14,,152-888,서울특별시 구로구 신도림동 460-25,N,0,3160000-112-2000-01099,,3160000,,,03,폐업,식품자동판매기영업,,,,
,자가,천왕식당(자판기),식품자동판매기영업,2005-11-09,,,2026-05-03 22:33:11,I,02,폐업,0,0,0,0,,,0,0,,2003-04-10 00:00:00,2003-04-10,,152-804,서울특별시 구로구 개봉동 92-35,N,,3160000-112-2003-00109,0,3160000,,,03,폐업,식품자동판매기영업,02-2688-3818,,,
기타,,행운슈퍼(자판기),식품자동판매기영업,2001-03-09,190034.44915769,442274.630534016,2026-05-03 22:33:01,I,02,폐업,0,,,,0,자율,,,,2002-01-08 00:00:00,1999-10-29,,152-800,서울특별시 구로구 가리봉동 122-25,N,0,3160000-112-1999-01076,,3160000,,,03,폐업,식품자동판매기영업,02-868-1679,,,
,임대,서울가든슈퍼,식품자동판매기영업,2012-06-13,,,2026-05-03 22:33:49,I,02,폐업,0,,,,,,,,,2010-11-14 16:35:54,2007-07-19,.00,152-100,서울특별시 구로구 오류동 97-4,N,,3160000-112-2007-00009,,3160000,,,03,폐업,식품자동판매기영업,,,,상수도전용
,,중원부동산랜드(자판기),식품자동판매기영업,2006-02-15,190418.759351546,443803.304335832,2026-05-03 22:33:19,I,02,폐업,0,,,,,,,,,2004-12-20 00:00:00,2003-08-20,,152-841,서울특별시 구로구 구로동 97-6,N,,3160000-112-2003-00282,,3160000,,,03,폐업,식품자동판매기영업,02-865-1114,,,
,,정이호프(자판기),식품자동판매기영업,2017-12-18,189930.853863613,442587.389538561,2026-05-03 22:34:23,I,02,폐업,0,,,,,,,,,2017-12-18 16:01:55,2016-07-27,,152-875,서울특별시 구로구 구로동 801-19 1층,N,,3160000-112-2016-00015,,3160000,"서울특별시 구로구 도림로 10, 1층 (구로동)",08374,03,폐업,식품자동판매기영업,,,,
,,새마을 유통,식품자동판매기영업,,189559.471920446,442928.223818003,2026-05-03 22:34:30,I,01,영업,0,,,,,,,,,2018-10-25 10:35:21,2018-10-25,,152-871,서울특별시 구로구 구로동 708-13,N,,3160000-112-2018-00018,,3160000,서울특별시 구로구 구로동로17길 32 (구로동),08316,01,영업/정상,식품자동판매기영업,,,,
기타,,새진약국,식품자동판매기영업,2000-10-24,187003.841500667,442639.702298709,2026-05-03 22:32:57,I,02,폐업,0,,,,0,자율,,,,2000-10-24 00:00:00,1999-07-10,,152-815,서울특별시 구로구 개봉동 360-4,N,0,3160000-112-1999-00823,,3160000,,,03,폐업,식품자동판매기영업,,,,
,자가,정품슈퍼(자판기),식품자동판매기영업,2006-05-15,,,2026-05-03 22:33:35,I,02,폐업,0,0,0,0,,,0,0,,2005-01-20 00:00:00,2005-01-20,,152-804,서울특별시 구로구 개봉동 92-44 1층,N,,3160000-112-2005-00002,0,3160000,,,03,폐업,식품자동판매기영업,02-2611-3642,,,
기타,,세계로학원,식품자동판매기영업,2000-04-03,187187.9498188,443848.251577447,2026-05-03 22:32:51,I,02,폐업,0,,,,0,기타,,,,2000-04-03 00:00:00,1998-05-27,,152-806,서울특별시 구로구 개봉동 166-9,N,0,3160000-112-1998-00394,,3160000,,,03,폐업,식품자동판매기영업,,,,
기타,,다래식품,식품자동판매기영업,1999-06-28,187729.23842593,443932.109245516,2026-05-03 22:32:52,I,02,폐업,0,,,,0,자율,,,,1999-06-28 00:00:00,1999-04-02,,152-827,서울특별시 구로구 고척동 85-29,N,1,3160000-112-1999-00463,,3160000,,,03,폐업,식품자동판매기영업,,,,
주택가주변,,그린웨딩부페(자판기),식품자동판매기영업,2000-10-31,187455.362442348,442912.030216598,2026-05-03 22:33:01,I,02,폐업,0,,,,0,자율,,,,2000-11-28 00:00:00,1999-06-24,,152-812,서울특별시 구로구 개봉동 277-7,N,1,3160000-112-1999-01151,,3160000,,,03,폐업,식품자동판매기영업,02-2614-5300,,,
기타,,구로노래연습장(자판기),식품자동판매기영업,2008-02-15,189700.281557111,443187.957120104,2026-05-03 22:32:43,I,02,폐업,0,,,,0,기타,,,,2002-07-29 00:00:00,1992-04-14,,152-871,서울특별시 구로구 구로동 730-60,N,0,3160000-112-1992-00189,,3160000,,,03,폐업,식품자동판매기영업,,,,
기타,,(주)지학사(자판기),식품자동판매기영업,2002-07-08,185261.727805591,443424.144357114,2026-05-03 22:32:44,I,02,폐업,0,,,,0,기타,,,,2001-09-26 00:00:00,1992-07-29,,152-895,서울특별시 구로구 오류동 90-10,N,0,3160000-112-1992-00233,,3160000,,,03,폐업,식품자동판매기영업,,,,
,자가,씨유 온수리치안점,식품자동판매기영업,2019-02-22,183798.274607731,443755.807534875,2026-05-03 22:34:27,I,02,폐업,0,,,,,,,,,2019-02-22 17:15:04,2017-10-13,1.00,152-906,서울특별시 구로구 온수동 154,N,,3160000-112-2017-00026,,3160000,"서울특별시 구로구 부일로1길 126, 1층 102호 (온수동)",08261,03,폐업,식품자동판매기영업,,,,
,임대,동아오츠카(고대구로병원),식품자동판매기영업,2015-11-18,189737.563067918,443329.459368413,2026-05-03 22:34:04,I,02,폐업,0,0,0,0,,,,0,,2011-07-27 13:43:30,2011-07-27,.00,152-840,서울특별시 구로구 구로동 80 고려대학교 구로병원,N,,3160000-112-2011-00004,,3160000,"서울특별시 구로구 구로동로 148 (구로동,고려대학교 구로병원)",08308,03,폐업,식품자동판매기영업,,,,상수도전용
,,중앙e마트,식품자동판매기영업,2011-03-31,189931.34102836,443981.232189093,2026-05-03 22:34:00,I,02,폐업,0,,,,,,,,,2009-07-24 16:04:54,2009-07-24,,152-859,서울특별시 구로구 구로동 531-4,N,,3160000-112-2009-00027,,3160000,,,03,폐업,식품자동판매기영업,,,,
기타,,창일상사,식품자동판매기영업,2008-09-29,,,2026-05-03 22:33:02,I,02,폐업,0,,,,,기타,,,,2001-09-26 00:00:00,2001-07-27,,152-875,서울특별시 구로구 구로동 797-84,N,,3160000-112-2001-01214,,3160000,,,03,폐업,식품자동판매기영업,02-864-9999,,,
,자가,혜성식당,식품자동판매기영업,2006-05-17,190315.822514138,444670.044833647,2026-05-03 22:33:03,I,02,폐업,0,0,0,0,,,0,0,,2001-12-13 00:00:00,2001-12-13,.00,152-838,서울특별시 구로구 구로동 30-31,N,,3160000-112-2001-01246,0,3160000,,,03,폐업,식품자동판매기영업,02-837-3618,,,
기타,,라라당약국(자판기),식품자동판매기영업,2008-12-30,190342.202865002,443095.731205655,2026-05-03 22:32:57,I,02,폐업,0,,,,0,자율,,,,2001-09-26 00:00:00,1999-07-10,,152-846,서울특별시 구로구 구로동 141-5,N,1,3160000-112-1999-00813,,3160000,,,03,폐업,식품자동판매기영업,02-802-2244,,,
기타,,지.엑스,식품자동판매기영업,2002-11-26,189769.388696732,442816.513276417,2026-05-03 22:33:02,I,02,폐업,0,,,,,기타,,,,2001-12-31 00:00:00,2001-02-09,,152-872,서울특별시 구로구 구로동 738-58,N,,3160000-112-2001-01176,,3160000,,,03,폐업,식품자동판매기영업,02-858-9293,,,
,자가,씨유 신도림보미점(자판기),식품자동판매기영업,2018-10-08,189772.876108997,445262.493847028,2026-05-03 22:34:23,I,02,폐업,1,,,,,,,,,2018-10-08 11:15:31,2016-05-31,1.00,152-887,서울특별시 구로구 신도림동 375-1 보미프라자 103호,N,,3160000-112-2016-00013,,3160000,"서울특별시 구로구 경인로65길 44, 103호 (신도림동, 보미프라자)",08207,03,폐업,식품자동판매기영업,,,,
주택가주변,,미디어파크(자판기),식품자동판매기영업,2002-04-06,,,2026-05-03 22:32:59,I,02,폐업,0,,,,0,자율,,,,2000-12-06 00:00:00,1999-09-10,,152-837,서울특별시 구로구 고척동 319-3,N,1,3160000-112-1999-00975,,3160000,,,03,폐업,식품자동판매기영업,02-689-9746,,,
기타,,계영s/p,식품자동판매기영업,2019-07-08,189871.818141585,442918.756242308,2026-05-03 22:33:02,I,02,폐업,0,,,,,기타,,,,2019-07-08 10:57:53,2001-01-08,,152-872,서울특별시 구로구 구로동 739-1,N,,3160000-112-2001-01173,,3160000,서울특별시 구로구 구로동로20길 32 (구로동),08315,03,폐업,식품자동판매기영업,02-852-2572,,,
,자가,삼애식당(자판기),식품자동판매기영업,2005-12-27,190432.329607073,444810.278033099,2026-05-03 22:33:27,I,02,폐업,0,0,0,0,,,0,0,,2004-04-12 00:00:00,2004-04-12,,152-838,서울특별시 구로구 구로동 27-4,N,,3160000-112-2004-00012,0,3160000,,,03,폐업,식품자동판매기영업,02-855-5012,,,
,,GS25구로유앤아이점,식품자동판매기영업,2024-12-18,188968.105917347,442704.993610127,2026-05-03 22:34:25,I,02,폐업,0,,,,,,,,,2024-12-18 17:33:11,2017-02-03,,152-050,서울특별시 구로구 구로동 1281 한일유앤아이아파트 상가동 104호,N,,3160000-112-2017-00002,,3160000,"서울특별시 구로구 가마산로 87, 상가동 104호 (구로동, 한일유앤아이아파트)",08327,03,폐업,식품자동판매기영업,,,,
,,신도림동 대성산업(자동판매기),식품자동판매기영업,2006-06-02,,,2026-05-03 22:33:04,I,02,폐업,0,,,,,,,,,2002-08-28 00:00:00,2002-08-28,,152-887,서울특별시 구로구 신도림동 360-45,N,,3160000-112-2002-00034,,3160000,,,03,폐업,식품자동판매기영업,02-677-5253,,,
,자가,멕시칸치킨,식품자동판매기영업,2008-06-10,190601.661795913,443226.994309226,2026-05-03 22:33:13,I,02,폐업,0,0,0,0,,,0,0,,2003-05-20 00:00:00,2003-05-20,,152-847,서울특별시 구로구 구로동 153-3 일진빌딩 앞,N,,3160000-112-2003-00146,0,3160000,,,03,폐업,식품자동판매기영업,,,,
,,(주)휘닉스벤딩서비스,식품자동판매기영업,2009-06-03,190901.977946718,442466.813410528,2026-05-03 22:33:03,I,02,폐업,0,0,0,0,,,,0,,2008-09-05 13:48:38,2001-01-05,,152-848,서울특별시 구로구 구로동 188-26 신세계 이마트 내,N,,3160000-112-2001-01251,,3160000,,,03,폐업,식품자동판매기영업,,,,
기타,,애경백화점,식품자동판매기영업,1998-12-30,189570.360930049,444336.051330144,2026-05-03 22:32:49,I,02,폐업,0,,,,0,기타,,,,2001-09-26 00:00:00,1994-06-11,,152-862,서울특별시 구로구 구로동 573-0,N,0,3160000-112-1994-00340,,3160000,,,03,폐업,식품자동판매기영업,02-0000-0000,,,
기타,,국민은행개봉동지점(자판기),식품자동판매기영업,2004-10-21,187264.250672493,442722.716287023,2026-05-03 22:32:40,I,02,폐업,0,,,,0,기타,,,,2002-07-29 00:00:00,1991-11-12,,152-816,서울특별시 구로구 개봉동 403-196,N,0,3160000-112-1991-00109,,3160000,,,03,폐업,식품자동판매기영업,,,,
기타,,현대비디오,식품자동판매기영업,1999-03-05,189836.893829897,444739.302599603,2026-05-03 22:32:51,I,02,폐업,0,,,,0,기타,,,,2001-09-26 00:00:00,1998-05-21,,152-862,서울특별시 구로구 구로동 560-0 현대(아)상가,N,0,3160000-112-1998-00390,,3160000,,,03,폐업,식품자동판매기영업,,,,
기타,,외환은행대림지점(자판기),식품자동판매기영업,2008-09-02,,,2026-05-03 22:32:49,I,02,폐업,0,,,,,기타,,,,2002-07-30 00:00:00,1993-02-26,,152-874,서울특별시 구로구 구로동 773-85,N,,3160000-112-1993-00996,,3160000,,,03,폐업,식품자동판매기영업,,,,
기타,,명지탁구장,식품자동판매기영업,2000-03-28,186928.25666961,443215.687032214,2026-05-03 22:32:42,I,02,폐업,0,,,,0,기타,,,,2000-03-28 00:00:00,1991-10-23,,152-814,서울특별시 구로구 개봉동 340-2,N,0,3160000-112-1991-01106,,3160000,,,03,폐업,식품자동판매기영업,,,,
,자가,펌펌펌부동산앞(자판기),식품자동판매기영업,2007-12-10,186972.914677624,443350.610308242,2026-05-03 22:33:30,I,02,폐업,0,0,0,0,,,0,0,,2004-11-04 00:00:00,2004-11-04,,152-814,서울특별시 구로구 개봉동 323-35,N,,3160000-112-2004-00028,0,3160000,,,03,폐업,식품자동판매기영업,,,,
기타,,화성상사(자판기),식품자동판매기영업,2001-03-28,187798.86926511,444629.704821749,2026-05-03 22:32:40,I,02,폐업,0,,,,0,기타,,,,2001-09-26 00:00:00,1991-08-27,,152-823,서울특별시 구로구 고척동 50-48,N,0,3160000-112-1991-00104,,3160000,,,03,폐업,식품자동판매기영업,,,,
기타,,구로구후생복지위원회(자판기),식품자동판매기영업,2011-11-11,190163.724552507,443865.923656986,2026-05-03 22:32:50,I,02,폐업,0,,,,,기타,,,,2002-07-30 00:00:00,1995-05-16,,152-842,서울특별시 구로구 구로동 102-0,N,,3160000-112-1995-01005,,3160000,,,03,폐업,식품자동판매기영업,,,,
주택가주변,,한림독서실(자판기),식품자동판매기영업,,186964.568388512,443391.877822801,2026-05-03 22:32:56,I,01,영업,0,0,0,0,1,자율,,0,,2025-11-07 10:33:44,1999-06-24,,152-814,서울특별시 구로구 개봉동 323-4,N,0,3160000-112-1999-00718,,3160000,서울특별시 구로구 개봉로17라길 25 (개봉동),08338,01,영업/정상,식품자동판매기영업,02-2687-0906,,,
기타,,영진부동산(자판기),식품자동판매기영업,2001-06-28,,,2026-05-03 22:32:59,I,02,폐업,0,,,,0,기타,,,,2001-09-26 00:00:00,1999-09-08,,152-823,서울특별시 구로구 고척동 46-64 동광상가 108호,N,0,3160000-112-1999-00954,,3160000,,,03,폐업,식품자동판매기영업,,,,
,,구로디지털단지(01) 자판기,식품자동판매기영업,2008-12-29,,,2026-05-03 22:33:44,I,02,폐업,0,,,,,,,,,2006-03-08 00:00:00,2006-03-08,,152-845,서울특별시 구로구 구로동 124,N,,3160000-112-2006-00006,,3160000,,,03,폐업,식품자동판매기영업,02-2285-6006,,,
,임대,하나유통,식품자동판매기영업,2023-01-18,187525.118822286,444590.669181527,2026-05-03 22:33:51,I,02,폐업,0,,,,,,,,,2023-01-18 16:49:37,2007-08-30,.00,152-831,서울특별시 구로구 고척동 172-141,N,,3160000-112-2007-00032,,3160000,서울특별시 구로구 경서로 71 (고척동),,03,폐업,식품자동판매기영업,02-3662-2483,,,상수도전용
,자가,현대식품,식품자동판매기영업,2012-09-13,188973.657255048,443848.715615601,2026-05-03 22:33:21,I,02,폐업,0,0,0,0,,,0,0,,2012-10-16 12:59:26,2003-10-18,,152-868,서울특별시 구로구 구로동 685-124 현대상가 104호,N,,3160000-112-2003-00300,0,3160000,,,03,폐업,식품자동판매기영업,02-865-6419,,,
,자가,한아름마트(식품자동판매기),식품자동판매기영업,2017-08-09,189822.910284572,442542.127293122,2026-05-03 22:33:04,I,02,폐업,0,0,0,0,,,0,0,,2017-08-09 14:29:53,2002-09-23,,152-800,서울특별시 구로구 가리봉동 25-23,N,,3160000-112-2002-00043,0,3160000,서울특별시 구로구 구로동로5길 2 (가리봉동),08321,03,폐업,식품자동판매기영업,02-855-5453,,,
,자가,남구로 가판점,식품자동판매기영업,2005-07-08,189931.253333333,442539.74,2026-05-03 22:33:13,I,02,폐업,0,0,0,0,,,0,0,,2003-05-21 00:00:00,2003-05-21,,152-875,서울특별시 구로구 구로동 801-59,N,,3160000-112-2003-00159,0,3160000,,,03,폐업,식품자동판매기영업,,,,
주택가주변,,미팅전자,식품자동판매기영업,1998-12-31,191209.106092001,442361.551816606,2026-05-03 22:32:45,I,02,폐업,0,,,,1,자율,,,,2001-09-26 00:00:00,1992-12-24,,152-880,서울특별시 구로구 구로동 1125-5 미팅전자,N,1,3160000-112-1992-00267,,3160000,,,03,폐업,식품자동판매기영업,02-0000-0000,,,
기타,,우리식품문구(자판기),식품자동판매기영업,2003-10-29,189039.501332516,444767.375215151,2026-05-03 22:32:56,I,02,폐업,0,,,,1,자율,,,,2000-11-16 00:00:00,1999-06-28,,152-865,서울특별시 구로구 구로동 612-7,N,0,3160000-112-1999-00737,,3160000,,,03,폐업,식품자동판매기영업,02-2635-2392,,,
기타,,화성오토바이,식품자동판매기영업,2000-10-02,189971.781946749,443828.772563057,2026-05-03 22:32:53,I,02,폐업,0,,,,1,자율,,,,2000-10-02 00:00:00,1999-05-08,,152-857,서울특별시 구로구 구로동 442-197,N,0,3160000-112-1999-00521,,3160000,,,03,폐업,식품자동판매기영업,,,,
,,영포장마차(자판기),식품자동판매기영업,2013-10-18,186297.491701544,444485.025032008,2026-05-03 22:34:02,I,02,폐업,0,,,,,,,,,2013-09-30 12:32:47,2010-05-25,,152-804,서울특별시 구로구 개봉동 97-6,N,,3160000-112-2010-00003,,3160000,서울특별시 구로구 고척로21가길 2 (개봉동),08251,03,폐업,식품자동판매기영업,,,,
기타,,코레일우통주식회사,식품자동판매기영업,2009-05-13,189618.89052801,444648.207916245,2026-05-03 22:32:34,I,02,폐업,0,,,,,기타,,,,2007-07-09 18:19:02,1984-07-09,,152-862,서울특별시 구로구 구로동 563-7 구로역 상행홈,N,,3160000-112-1984-01021,,3160000,,,03,폐업,식품자동판매기영업,02-2636-1723,,,
기타,,명화속으로(자판기),식품자동판매기영업,2002-12-03,189505.11152445,443415.972626677,2026-05-03 22:32:52,I,02,폐업,0,,,,1,자율,,,,2000-11-16 00:00:00,1999-03-31,,152-854,서울특별시 구로구 구로동 415-37,N,0,3160000-112-1999-00458,,3160000,,,03,폐업,식품자동판매기영업,02-851-8413,,,
기타,,두꺼비미니슈퍼(자판기),식품자동판매기영업,2001-11-30,186345.770744682,444740.143436998,2026-05-03 22:32:50,I,02,폐업,0,,,,0,기타,,,,2001-09-26 00:00:00,1998-05-19,,152-804,서울특별시 구로구 개봉동 113-11,N,0,3160000-112-1998-00380,,3160000,,,03,폐업,식품자동판매기영업,,,,
,자가,신안슈퍼(자판기),식품자동판매기영업,2009-05-08,188652.042588976,443629.416275763,2026-05-03 22:33:12,I,02,폐업,0,0,0,0,,,0,0,,2003-05-19 00:00:00,2003-05-19,,152-050,서울특별시 구로구 구로동 1058,N,,3160000-112-2003-00134,0,3160000,,,03,폐업,식품자동판매기영업,02-851-8971,,,
기타,,가로매점(자판기),식품자동판매기영업,2012-03-07,190253.165227082,445286.699781808,2026-05-03 22:32:43,I,02,폐업,0,,,,0,기타,,,,2012-03-08 15:04:35,1992-02-18,,152-887,서울특별시 구로구 신도림동 360-0,N,0,3160000-112-1992-00180,,3160000,,,03,폐업,식품자동판매기영업,,,,
기타,,열창,식품자동판매기영업,2000-01-28,186112.599008354,443739.583663212,2026-05-03 22:32:46,I,02,폐업,0,,,,0,기타,,,,2000-01-28 00:00:00,1992-07-21,,152-894,서울특별시 구로구 오류동 54-4,N,0,3160000-112-1992-00981,,3160000,,,03,폐업,식품자동판매기영업,,,,
,자가,동네미니슈퍼(자판기),식품자동판매기영업,2013-08-13,189410.370125452,443106.668202927,2026-05-03 22:33:34,I,02,폐업,0,0,0,0,,,,0,,2005-12-07 00:00:00,2004-11-30,,152-851,서울특별시 구로구 구로동 394-75,N,,3160000-112-2004-00059,,3160000,,,03,폐업,식품자동판매기영업,,,,
기타,,구로일하는여성의집(자판기),식품자동판매기영업,2004-12-20,190101.571803215,444426.01649216,2026-05-03 22:32:54,I,02,폐업,0,,,,0,기타,,,,2002-07-29 00:00:00,1999-05-25,,152-844,서울특별시 구로구 구로동 110-1,N,0,3160000-112-1999-00571,,3160000,,,03,폐업,식품자동판매기영업,02-867-4456,,,
,자가,GS25 구로가온점,식품자동판매기영업,2019-01-18,190140.549939588,442786.432146897,2026-05-03 22:34:23,I,02,폐업,3,,,,,,,,,2019-01-18 15:32:53,2016-04-28,3.00,152-875,서울특별시 구로구 구로동 780-10,N,,3160000-112-2016-00012,,3160000,"서울특별시 구로구 도림로14길 14, 1층 (구로동)",08372,03,폐업,식품자동판매기영업,,,,
,자가,개봉프라자(자판기),식품자동판매기영업,2026-02-02,187525.339802832,443643.833213749,2026-05-03 22:33:17,I,02,폐업,0,0,0,0,,,0,0,,2026-02-02 11:00:10,2003-06-04,,152-819,서울특별시 구로구 개봉동 415 개봉역사내 개봉프라자,N,,3160000-112-2003-00248,0,3160000,"서울특별시 구로구 경인로40길 47 (개봉동,개봉역사내 개봉프라자)",08276,03,폐업,식품자동판매기영업,,,,
기타,,대성쌀상회(자판기),식품자동판매기영업,2008-11-12,186744.847828328,444257.680958548,2026-05-03 22:32:51,I,02,폐업,0,,,,0,기타,,,,2002-07-30 00:00:00,1998-07-28,,152-805,서울특별시 구로구 개봉동 139-122,N,0,3160000-112-1998-00408,,3160000,,,03,폐업,식품자동판매기영업,,,,
기타,,(주)코레일유통,식품자동판매기영업,2009-05-11,188757.867181167,443817.850851308,2026-05-03 22:32:50,I,02,폐업,0,,,,0,기타,,,,2007-07-10 16:04:33,1997-04-01,,152-868,서울특별시 구로구 구로동 642-9 구일역,N,0,3160000-112-1997-00359,,3160000,,,03,폐업,식품자동판매기영업,02-2636-1723,,,
기타,,배꼽(자판기),식품자동판매기영업,2003-08-08,189521.735521901,443952.819374499,2026-05-03 22:32:53,I,02,폐업,0,,,,1,자율,,,,2000-11-16 00:00:00,1999-05-08,,152-858,서울특별시 구로구 구로동 486-49,N,0,3160000-112-1999-00522,,3160000,,,03,폐업,식품자동판매기영업,02-864-7983,,,
기타,,컷헤어크럽(자판기),식품자동판매기영업,2003-01-29,188176.565091362,444196.927356441,2026-05-03 22:32:48,I,02,폐업,0,,,,0,기타,,,,2002-07-30 00:00:00,1993-11-10,,152-826,서울특별시 구로구 고척동 76-94,N,0,3160000-112-1993-00316,,3160000,,,03,폐업,식품자동판매기영업,,,,
유흥업소밀집지역,,만민중앙교회1번(자판기),식품자동판매기영업,2007-09-17,190447.424985193,442071.447779897,2026-05-03 22:32:55,I,02,폐업,0,,,,0,자율,,,,2001-09-26 00:00:00,1999-06-15,,152-879,서울특별시 구로구 구로동 851-0,N,0,3160000-112-1999-00669,,3160000,,,03,폐업,식품자동판매기영업,02-818-7430,,,
,자가,창원상사(자판기),식품자동판매기영업,2005-05-16,183954.271761364,443273.943835606,2026-05-03 22:33:29,I,02,폐업,0,0,0,0,,,0,0,,2004-10-05 00:00:00,2004-10-05,,152-906,서울특별시 구로구 온수동 100-41,N,,3160000-112-2004-00024,0,3160000,,,03,폐업,식품자동판매기영업,02-2689-9393,,,
기타,,개봉프라자3층(자판기),식품자동판매기영업,2001-04-04,187525.339802832,443643.833213749,2026-05-03 22:33:00,I,02,폐업,0,,,,0,기타,,,,2001-09-26 00:00:00,1999-10-05,,152-819,서울특별시 구로구 개봉동 415-0 개봉역사내 3-1,N,0,3160000-112-1999-01066,,3160000,,,03,폐업,식품자동판매기영업,02-2616-4399,,,
기타,,한아름슈퍼(자판기),식품자동판매기영업,2015-08-03,186571.764633109,444339.204899632,2026-05-03 22:32:59,I,02,폐업,0,,,,0,자율,,,,2014-06-02 20:14:04,1999-09-20,,152-090,서울특별시 구로구 개봉동 130-22,N,0,3160000-112-1999-01039,,3160000,서울특별시 구로구 고척로30길 26 (개봉동),08235,03,폐업,식품자동판매기영업,02-2618-3292,,,
,자가,중소기업은행/오류동,식품자동판매기영업,2011-06-09,186150.230132331,443827.302616543,2026-05-03 22:33:16,I,02,폐업,0,0,0,0,,,0,0,,2003-05-28 00:00:00,2003-05-28,,152-893,서울특별시 구로구 오류동 37-1,N,,3160000-112-2003-00221,0,3160000,,,03,폐업,식품자동판매기영업,,,,
기타,,완도직판장(자판기),식품자동판매기영업,2004-06-01,189797.536358311,442874.3502851,2026-05-03 22:32:54,I,02,폐업,0,,,,0,자율,,,,2000-10-25 00:00:00,1999-06-01,,152-872,서울특별시 구로구 구로동 738-2,N,1,3160000-112-1999-00591,,3160000,,,03,폐업,식품자동판매기영업,02-837-0089,,,
,,구로순복음교회(자판기),식품자동판매기영업,2007-09-11,189751.343778037,443933.428128461,2026-05-03 22:33:46,I,02,폐업,0,,,,,,,,,2006-07-21 00:00:00,2006-07-21,,152-858,서울특별시 구로구 구로동 511-7,N,,3160000-112-2006-00022,,3160000,,,03,폐업,식품자동판매기영업,,,,
기타,,남부대일학원(3층자판기),식품자동판매기영업,2013-01-08,190156.399992266,445369.517787461,2026-05-03 22:32:43,I,02,폐업,0,,,,0,기타,,,,2013-05-06 16:35:21,1992-03-14,,152-887,서울특별시 구로구 신도림동 338-0,N,0,3160000-112-1992-00184,,3160000,,,03,폐업,식품자동판매기영업,,,,
,임대,씨유 신도림동아점,식품자동판매기영업,,189581.72513651,445430.97917589,2026-05-03 22:34:37,I,01,영업,0,,,,,,,,,2022-07-21 15:53:16,2022-07-21,3.30,152-888,서울특별시 구로구 신도림동 643 신도림1차동아아파트,N,,3160000-112-2022-00014,,3160000,"서울특별시 구로구 신도림로 87, 101호 (신도림동, 신도림1차동아아파트)",08202,01,영업/정상,식품자동판매기영업,,,,
기타,,구로구후생복지위원회(자판기),식품자동판매기영업,2011-11-11,189995.347071014,443682.330615552,2026-05-03 22:32:50,I,02,폐업,0,,,,0,기타,,,,2002-07-30 00:00:00,1996-04-10,,152-855,서울특별시 구로구 구로동 435-0,N,0,3160000-112-1996-00353,,3160000,,,03,폐업,식품자동판매기영업,,,,
기타,,에덴문구(자판기),식품자동판매기영업,2014-07-31,189775.573644141,443797.779557433,2026-05-03 22:33:00,I,02,폐업,0,,,,0,자율,,,,2000-11-16 00:00:00,1999-09-29,,152-857,서울특별시 구로구 구로동 448-3,N,0,3160000-112-1999-01060,,3160000,서울특별시 구로구 구로중앙로27나길 30 (구로동),08283,03,폐업,식품자동판매기영업,02-859-2254,,,
,자가,크린슈퍼,식품자동판매기영업,2018-02-09,190229.79430432,443382.669156992,2026-05-03 22:33:13,I,02,폐업,0,0,0,0,,,0,0,,2018-02-09 11:23:21,2003-05-20,,152-846,서울특별시 구로구 구로동 136-79,N,,3160000-112-2003-00153,0,3160000,서울특별시 구로구 구로동로28길 125 (구로동),08306,03,폐업,식품자동판매기영업,,,,
기타,,코레일유통주식회사,식품자동판매기영업,2008-12-01,189348.454025488,444362.418345506,2026-05-03 22:32:56,I,02,폐업,0,,,,0,기타,,,,2007-07-06 00:00:00,1999-06-28,,152-863,서울특별시 구로구 구로동 589-14,N,0,3160000-112-1999-00743,,3160000,,,03,폐업,식품자동판매기영업,02-2636-3290,,,
기타,,문선생학원,식품자동판매기영업,2013-01-08,187166.338835564,443250.627612101,2026-05-03 22:33:02,I,02,폐업,0,0,0,0,,기타,,0,,2013-05-06 16:05:43,2001-08-08,,152-816,서울특별시 구로구 개봉동 403-53,N,,3160000-112-2001-01216,,3160000,,,03,폐업,식품자동판매기영업,02-2625-0125,,,
기타,,아세아주차장(자판기),식품자동판매기영업,2001-10-04,,,2026-05-03 22:32:58,I,02,폐업,0,,,,0,자율,,,,2001-10-04 00:00:00,1999-07-19,,152-050,서울특별시 구로구 구로동 산 1124-40,N,0,3160000-112-1999-00843,,3160000,,,03,폐업,식품자동판매기영업,02-830-3368,,,
기타,,우일복집(자판기),식품자동판매기영업,2006-11-28,190029.863316708,444537.51679146,2026-05-03 22:32:57,I,02,폐업,0,,,,0,자율,,,,2000-11-07 00:00:00,1999-07-09,,152-860,서울특별시 구로구 구로동 546-0,N,1,3160000-112-1999-00799,,3160000,,,03,폐업,식품자동판매기영업,02-855-1707,,,
,자가,황금공인중개사자판기,식품자동판매기영업,2005-01-20,190369.746285354,442842.969131683,2026-05-03 22:33:33,I,02,폐업,0,0,0,0,,,0,0,,2004-11-22 00:00:00,2004-11-22,,152-849,서울특별시 구로구 구로동 256-1 삼성래미안상가1층,N,,3160000-112-2004-00056,0,3160000,,,03,폐업,식품자동판매기영업,02-865-3600,,,
기타,,조일빌딩,식품자동판매기영업,2000-02-02,189580.814678046,443487.143997934,2026-05-03 22:32:54,I,02,폐업,0,,,,0,기타,,,,2000-02-02 00:00:00,1999-05-25,,152-854,서울특별시 구로구 구로동 414-10,N,0,3160000-112-1999-00565,,3160000,,,03,폐업,식품자동판매기영업,,,,
기타,,태양전기,식품자동판매기영업,1999-10-04,186429.960964656,444437.025712742,2026-05-03 22:32:50,I,02,폐업,0,,,,0,기타,,,,1999-10-04 00:00:00,1998-05-14,,152-804,서울특별시 구로구 개봉동 92-10,N,0,3160000-112-1998-00368,,3160000,,,03,폐업,식품자동판매기영업,,,,
,자가,구로제일의원,식품자동판매기영업,2012-01-25,,,2026-05-03 22:33:49,I,02,폐업,0,,,,,,,,,2007-07-18 11:42:12,2007-07-18,.00,152-050,서울특별시 구로구 구로동 40-12,N,,3160000-112-2007-00007,,3160000,,,03,폐업,식품자동판매기영업,02-853-4256,,,
,자가,미래정보(자판기),식품자동판매기영업,2011-12-06,189424.86059442,443130.124128996,2026-05-03 22:33:15,I,02,폐업,0,0,0,0,,,0,0,,2003-05-27 00:00:00,2003-05-27,,152-851,서울특별시 구로구 구로동 394-4,N,,3160000-112-2003-00213,0,3160000,,,03,폐업,식품자동판매기영업,,,,
,,궁동종합사회복지관,식품자동판매기영업,2012-03-07,184874.479510795,444112.669240981,2026-05-03 22:33:54,I,02,폐업,0,,,,,,,,,2012-03-08 15:00:48,2008-07-16,,152-883,서울특별시 구로구 궁동 108-9 궁동길 97-2,N,,3160000-112-2008-00012,,3160000,,,03,폐업,식품자동판매기영업,02-2613-9367,,,
기타,,수정식당(자판기),식품자동판매기영업,2006-06-30,189631.397978768,443176.508006447,2026-05-03 22:32:48,I,02,폐업,0,,,,0,기타,,,,2002-07-30 00:00:00,1993-02-02,,152-873,서울특별시 구로구 구로동 754-10,N,0,3160000-112-1993-00992,,3160000,,,03,폐업,식품자동판매기영업,,,,
기타,,미진미니슈퍼(자판기),식품자동판매기영업,2008-08-13,189653.148643659,443042.36117042,2026-05-03 22:32:59,I,02,폐업,0,,,,0,자율,,,,2008-04-30 15:01:20,1999-09-28,,152-871,서울특별시 구로구 구로동 726-24,N,0,3160000-112-1999-01055,,3160000,,,03,폐업,식품자동판매기영업,02-851-3705,,,
,자가,우체통 호프,식품자동판매기영업,2004-06-16,190275.821381182,443363.371823492,2026-05-03 22:33:14,I,02,폐업,0,0,0,0,,,0,0,,2003-05-23 00:00:00,2003-05-23,,152-846,서울특별시 구로구 구로동 136-39,N,,3160000-112-2003-00191,0,3160000,,,03,폐업,식품자동판매기영업,,,,
기타,,현대우성상가1층,식품자동판매기영업,2017-12-01,187797.525601019,444079.473325902,2026-05-03 22:32:44,I,02,폐업,0,,,,0,기타,,,,2017-12-01 16:51:12,1992-07-28,,152-826,서울특별시 구로구 고척동 76-55 현대우성상가,N,0,3160000-112-1992-00232,,3160000,"서울특별시 구로구 중앙로1길 18-19 (고척동,현대우성상가)",08227,03,폐업,식품자동판매기영업,,,,
,자가,본초당건강원(자동판매기),식품자동판매기영업,2004-07-16,185726.880122474,443664.464136572,2026-05-03 22:33:04,I,02,폐업,0,0,0,0,,,0,0,,2002-09-30 00:00:00,2002-09-30,,152-894,서울특별시 구로구 오류동 81-52,N,,3160000-112-2002-00044,0,3160000,,,03,폐업,식품자동판매기영업,02-2622-2162,,,
,,현우(자동판매기),식품자동판매기영업,2011-12-08,191200.722936426,442456.401362068,2026-05-03 22:33:54,I,02,폐업,0,,,,,,,,,2008-07-04 14:04:26,2008-07-04,,152-880,서울특별시 구로구 구로동 1124-1,N,,3160000-112-2008-00008,,3160000,,,03,폐업,식품자동판매기영업,,,,
,,서울인쇄(자판기),식품자동판매기영업,2024-11-28,185826.304277248,443583.894720702,2026-05-03 22:33:54,I,02,폐업,0,,,,,,,,,2024-12-31 13:34:04,2008-08-08,,152-889,서울특별시 구로구 오류동 6-306,N,,3160000-112-2008-00013,,3160000,서울특별시 구로구 경인로 176-8 (오류동),08271,03,폐업,식품자동판매기영업,02-2612-5342,,,
기타,,칠성슈퍼(자판기),식품자동판매기영업,2005-06-27,,,2026-05-03 22:32:56,I,02,폐업,0,,,,0,기타,,,,2001-09-26 00:00:00,1999-06-23,,152-868,서울특별시 구로구 구로동 685-420 남부타운 101호,N,0,3160000-112-1999-00715,,3160000,,,03,폐업,식품자동판매기영업,02-867-4307,,,
,임대,아레나골프아카데미,식품자동판매기영업,2025-07-10,190197.627242129,444245.56335468,2026-05-03 22:34:36,I,02,폐업,0,0,0,0,,,,0,,2025-07-10 14:14:07,2022-03-22,3.30,152-843,서울특별시 구로구 구로동 108 현대파크빌,N,,3160000-112-2022-00005,,3160000,"서울특별시 구로구 공원로 41, 지1층 (구로동, 현대파크빌)",08298,03,폐업,식품자동판매기영업,,,,
,자가,데이롱카페 개봉한진점,식품자동판매기영업,2025-12-31,186900.881585822,442657.627258349,2026-05-03 22:34:36,I,02,폐업,0,,,,,,,,,2025-12-31 13:39:21,2022-03-03,30.00,152-815,서울특별시 구로구 개봉동 361-5,N,,3160000-112-2022-00002,,3160000,"서울특별시 구로구 개봉로3길 63, 1층 (개봉동)",08353,03,폐업,식품자동판매기영업,,,,
,자가,늘푸른교회,식품자동판매기영업,2008-02-27,187597.148428132,443229.883744538,2026-05-03 22:33:50,I,02,폐업,0,,,,,,,,,2007-08-24 16:27:22,2007-08-24,.00,152-810,서울특별시 구로구 개봉동 255-3,N,,3160000-112-2007-00025,,3160000,,,03,폐업,식품자동판매기영업,02-2684-8291,,,상수도전용
기타,,유우동(자판기),식품자동판매기영업,2002-04-01,190520.24484111,443218.072722657,2026-05-03 22:33:02,I,02,폐업,0,,,,,기타,,,,2001-06-18 00:00:00,2001-06-13,,152-847,서울특별시 구로구 구로동 148-13,N,,3160000-112-2001-01191,,3160000,,,03,폐업,식품자동판매기영업,02-866-7447,,,
,자가,능곡방앗간,식품자동판매기영업,2015-09-30,187126.356723437,444965.702035035,2026-05-03 22:33:50,I,02,폐업,0,,,,,,,,,2007-08-20 10:50:10,2007-08-20,.00,152-832,서울특별시 구로구 고척동 220-8,N,,3160000-112-2007-00020,,3160000,서울특별시 구로구 중앙로15길 83 (고척동),08241,03,폐업,식품자동판매기영업,02-2686-4935,,,상수도전용
기타,,종합식품(자판기),식품자동판매기영업,2014-07-31,186356.825459504,443788.10988069,2026-05-03 22:32:53,I,02,폐업,0,0,0,0,0,기타,,0,,2011-11-07 19:56:39,1999-04-27,,152-894,서울특별시 구로구 오류동 60-8,N,0,3160000-112-1999-00497,,3160000,서울특별시 구로구 경인로22길 52 (오류동),08271,03,폐업,식품자동판매기영업,02-2619-2863,,,
기타,,동화부동산(자판기),식품자동판매기영업,2025-08-01,190372.296281018,443017.240811729,2026-05-03 22:32:59,I,02,폐업,0,,,,0,자율,,,,2025-08-01 10:42:51,1999-09-20,,152-847,서울특별시 구로구 구로동 169-4,N,0,3160000-112-1999-01040,,3160000,,,03,폐업,식품자동판매기영업,02-863-6789,,,
,,7호선 온수역내 자판기,식품자동판매기영업,2015-11-09,,,2026-05-03 22:34:03,I,02,폐업,0,,,,,,,,,2010-07-12 14:09:28,2010-07-12,,152-906,서울특별시 구로구 온수동 53 7호선 온수역내 자판기,N,,3160000-112-2010-00006,,3160000,,,03,폐업,식품자동판매기영업,,,,
아파트지역,,두산공인중개사사무소(자판기),식품자동판매기영업,2013-05-31,186900.053824655,443654.60062594,2026-05-03 22:32:57,I,02,폐업,0,,,,0,자율,,,,2000-11-28 00:00:00,1999-07-03,,152-090,서울특별시 구로구 개봉동 472-0 두산아파트아파트상가 107호,N,1,3160000-112-1999-00773,,3160000,,,03,폐업,식품자동판매기영업,02-682-8454,,,
기타,,한강인쇄문구,식품자동판매기영업,,189863.715346277,442556.868966849,2026-05-03 22:33:02,I,01,영업,0,0,0,0,,기타,,0,,2025-11-07 13:58:52,2001-07-04,,152-876,서울특별시 구로구 구로동 805-22,N,,3160000-112-2001-01201,,3160000,서울특별시 구로구 구로동로 70 (구로동),08320,01,영업/정상,식품자동판매기영업,02-830-6789,,,
기타,,코레일유통(주)개봉역자판기,식품자동판매기영업,,187525.339802832,443643.833213749,2026-05-03 22:32:38,I,01,영업,0,,,,0,지도,,,,2025-04-02 15:07:55,1988-11-19,,152-819,서울특별시 구로구 개봉동 415,N,0,3160000-112-1988-00067,,3160000,"서울특별시 구로구 경인로40길 47 (개봉동, 개봉역상행홈)",08276,01,영업/정상,식품자동판매기영업,070-7092-7075,,,
,,진호수퍼(자판기),식품자동판매기영업,2013-01-08,189133.504667721,445176.478769256,2026-05-03 22:33:20,I,02,폐업,0,,,,,,,,,2013-05-06 16:37:20,2003-10-14,,152-886,서울특별시 구로구 신도림동 291-43,N,,3160000-112-2003-00295,,3160000,,,03,폐업,식품자동판매기영업,02-2677-3833,,,
,자가,풍성슈퍼(자판기),식품자동판매기영업,2009-01-19,186389.661073474,444027.821057012,2026-05-03 22:33:11,I,02,폐업,0,0,0,0,,,0,0,,2003-05-13 00:00:00,2003-05-13,,152-803,서울특별시 구로구 개봉동 70-93,N,,3160000-112-2003-00120,0,3160000,,,03,폐업,식품자동판매기영업,02-2613-4945,,,
,자가,한마음슈퍼,식품자동판매기영업,2024-12-04,188019.123317192,444645.986020761,2026-05-03 22:33:03,I,02,폐업,0,0,0,0,,,0,0,,2024-12-04 16:43:27,2001-11-30,.00,152-824,서울특별시 구로구 고척동 57-44,N,,3160000-112-2001-01241,0,3160000,서울특별시 구로구 경인로47다길 27 (고척동),08219,03,폐업,식품자동판매기영업,02-689-8835,,,
기타,,먹자촌(자판기),식품자동판매기영업,2025-08-01,191129.485491438,442459.448240948,2026-05-03 22:33:01,I,02,폐업,0,,,,1,자율,,,,2025-08-01 10:43:13,2001-12-05,,152-880,서울특별시 구로구 구로동 1124-83,N,1,3160000-112-1999-01132,,3160000,서울특별시 구로구 디지털로32나길 23 (구로동),08391,03,폐업,식품자동판매기영업,02-855-5049,,,
기타,,쌍용자동차(자판기),식품자동판매기영업,2009-05-01,189444.993702945,444254.66628236,2026-05-03 22:32:49,I,02,폐업,0,,,,0,기타,,,,2002-07-30 00:00:00,1994-03-09,,152-862,서울특별시 구로구 구로동 584-12,N,0,3160000-112-1994-00321,,3160000,,,03,폐업,식품자동판매기영업,,,,
기타,,삼거리노래연습실(자판기),식품자동판매기영업,2001-05-03,189921.701738102,442286.627799245,2026-05-03 22:32:47,I,02,폐업,0,,,,0,기타,,,,2001-09-26 00:00:00,1992-04-15,,152-020,"서울특별시 구로구 가리봉동 121-38 ,39",N,0,3160000-112-1992-01083,,3160000,,,03,폐업,식품자동판매기영업,,,,
기타,,기업은행,식품자동판매기영업,2000-03-10,,,2026-05-03 22:32:59,I,02,폐업,0,,,,0,자율,,,,2000-03-10 00:00:00,1999-09-11,,152-855,서울특별시 구로구 구로동 424-42,N,0,3160000-112-1999-00977,,3160000,,,03,폐업,식품자동판매기영업,,,,
,,삼거리분식(자판기),식품자동판매기영업,2003-12-30,187292.338071309,444216.050029106,2026-05-03 22:33:21,I,02,폐업,0,,,,,,,,,2003-10-20 00:00:00,2003-10-20,,152-828,서울특별시 구로구 고척동 98-25,N,,3160000-112-2003-00303,,3160000,,,03,폐업,식품자동판매기영업,02-2619-9019,,,
,자가,반달사우나(자판기),식품자동판매기영업,2007-07-18,187267.273190931,443935.701378911,2026-05-03 22:33:14,I,02,폐업,0,0,0,0,,,0,0,,2003-05-21 00:00:00,2003-05-21,,152-827,서울특별시 구로구 고척동 92-8 가든상가,N,,3160000-112-2003-00166,0,3160000,,,03,폐업,식품자동판매기영업,02-2681-4392,,,
,자가,씨유 개봉그린점,식품자동판매기영업,2018-10-16,186954.803352849,443258.326291894,2026-05-03 22:34:26,I,02,폐업,0,,,,,,,,,2018-10-16 14:01:54,2017-03-31,1.50,152-814,서울특별시 구로구 개봉동 323-14,N,,3160000-112-2017-00011,,3160000,"서울특별시 구로구 개봉로17길 46, 1층 (개봉동)",08338,03,폐업,식품자동판매기영업,,,,
기타,,신한은행구로APT지점(자판기),식품자동판매기영업,2002-10-11,188895.271473208,443768.168184858,2026-05-03 22:32:54,I,02,폐업,0,,,,0,기타,,,,2000-09-22 00:00:00,1999-06-11,,152-868,서울특별시 구로구 구로동 685-147,N,0,3160000-112-1999-00619,,3160000,,,03,폐업,식품자동판매기영업,02-867-0234,,,
,자가,고운손문구(자판기),식품자동판매기영업,2003-03-20,,,2026-05-03 22:33:09,I,02,폐업,0,0,0,0,,,0,0,,2003-03-17 00:00:00,2003-03-17,,152-804,서울특별시 구로구 개봉동 92-11,N,,3160000-112-2003-00075,0,3160000,,,03,폐업,식품자동판매기영업,02-2682-1678,,,
주택가주변,,동네슈퍼(자판기),식품자동판매기영업,2004-10-19,189410.370125452,443106.668202927,2026-05-03 22:32:57,I,02,폐업,0,,,,0,자율,,,,2000-10-11 00:00:00,1999-07-03,,152-851,서울특별시 구로구 구로동 394-75,N,1,3160000-112-1999-00774,,3160000,,,03,폐업,식품자동판매기영업,02-857-5855,,,
주택가주변,,진흥농산물,식품자동판매기영업,2000-03-30,184984.518967116,443660.699407601,2026-05-03 22:33:01,I,02,폐업,0,,,,0,자율,,,,2000-03-30 00:00:00,1999-11-11,,152-883,서울특별시 구로구 궁동 211-13,N,0,3160000-112-1999-01077,,3160000,,,03,폐업,식품자동판매기영업,,,,
,자가,바른손문구팬시(자판기),식품자동판매기영업,2011-12-06,189713.290387994,445458.335742134,2026-05-03 22:33:17,I,02,폐업,0,0,0,0,,,0,0,,2003-06-10 00:00:00,2003-06-10,,152-887,서울특별시 구로구 신도림동 309-6 성광메디칼빌딩 102호,N,,3160000-112-2003-00254,0,3160000,,,03,폐업,식품자동판매기영업,02-2676-2190,,,
기타,,코레일유통주식회사,식품자동판매기영업,2009-05-11,184138.106722758,443256.368021691,2026-05-03 22:32:40,I,02,폐업,0,,,,0,지도,,,,2007-07-06 00:00:00,1989-04-11,,152-906,서울특별시 구로구 온수동 119-0 국철온수역대합실,N,0,3160000-112-1989-01115,,3160000,,,03,폐업,식품자동판매기영업,02-2636-1723,,,
,,CU구로대림점,식품자동판매기영업,2021-04-20,190601.661795913,443226.994309226,2026-05-03 22:34:21,I,02,폐업,0,,,,,,,,,2021-04-20 11:29:18,2015-12-11,,152-847,서울특별시 구로구 구로동 153-3 103호,N,,3160000-112-2015-00018,,3160000,"서울특별시 구로구 도림로 104, 103호 (구로동)",08369,03,폐업,식품자동판매기영업,02-866-5036,,,
,임대,CU구인주유소점(구인주유소),식품자동판매기영업,2025-10-21,189297.50728825,444485.286134553,2026-05-03 22:34:33,I,02,폐업,0,,,,,,,,,2025-10-21 11:10:19,2020-11-24,3.30,152-864,서울특별시 구로구 구로동 602-6 구인주유소,N,,3160000-112-2020-00009,,3160000,"서울특별시 구로구 경인로 558, 구인주유소 (구로동)",08278,03,폐업,식품자동판매기영업,,,,
,자가,화랑문구(자판기),식품자동판매기영업,2010-04-12,189732.053483965,444965.977013923,2026-05-03 22:33:16,I,02,폐업,0,0,0,0,,,0,0,,2003-06-02 00:00:00,2003-06-02,,152-888,서울특별시 구로구 신도림동 431-9,N,,3160000-112-2003-00242,0,3160000,,,03,폐업,식품자동판매기영업,02-2677-6370,,,
,자가,싸마트(자동판매기),식품자동판매기영업,2004-11-11,186653.904233495,444200.431526299,2026-05-03 22:33:08,I,02,폐업,0,0,0,0,,,0,0,,2003-02-04 00:00:00,2003-02-04,,152-090,서울특별시 구로구 개봉동 132-47,N,,3160000-112-2003-00027,0,3160000,,,03,폐업,식품자동판매기영업,02-2687-5192,,,
,,뚝배기보다장맛(자판기),식품자동판매기영업,2012-12-27,191280.657696914,442477.34564225,2026-05-03 22:33:56,I,02,폐업,0,,,,,,,,,2009-06-09 17:39:03,2009-06-09,,152-880,서울특별시 구로구 구로동 1123-1 (1층1호),N,,3160000-112-2009-00012,,3160000,,,03,폐업,식품자동판매기영업,02-862-1187,,,
기타,,동부제강,식품자동판매기영업,1996-11-05,185346.474170202,443218.645812442,2026-05-03 22:32:49,I,02,폐업,0,,,,0,기타,,,,2001-09-26 00:00:00,1994-10-20,,152-895,서울특별시 구로구 오류동 123-0,N,0,3160000-112-1994-00315,,3160000,,,03,폐업,식품자동판매기영업,02-0000-0000,,,
기타,,"해피랜드 3층, 4층(자판기)",식품자동판매기영업,2016-03-30,190399.724477247,442702.053385749,2026-05-03 22:32:54,I,02,폐업,0,0,0,0,0,기타,,0,,2012-10-19 17:31:43,1999-06-11,,152-848,"서울특별시 구로구 구로동 197-11 해피랜드3,4층",N,0,3160000-112-1999-00627,,3160000,"서울특별시 구로구 디지털로31길 66 (구로동, 해피랜드3,4층)",,03,폐업,식품자동판매기영업,02-3282-5724,,,
,자가,남해슈퍼(자동판매기),식품자동판매기영업,2013-11-21,186735.684366925,444582.298300684,2026-05-03 22:33:12,I,02,폐업,0,0,0,0,,,0,0,,2003-05-15 00:00:00,2003-05-15,,152-834,서울특별시 구로구 고척동 260-18,N,,3160000-112-2003-00125,0,3160000,,,03,폐업,식품자동판매기영업,02-2612-0171,,,
기타,,삼성전자강남총대리점(자판기),식품자동판매기영업,1996-01-25,187151.14950035,444544.592000758,2026-05-03 22:32:47,I,02,폐업,0,,,,0,기타,,,,2001-09-26 00:00:00,1992-02-11,,152-794,서울특별시 구로구 고척동 296-0 대우아파트상가 104호,N,0,3160000-112-1992-01184,,3160000,,,03,폐업,식품자동판매기영업,,,,
,자가,청웅담배(자판기),식품자동판매기영업,2004-03-10,,,2026-05-03 22:33:15,I,02,폐업,0,0,0,0,,,0,0,,2003-05-26 00:00:00,2003-05-26,,152-874,서울특별시 구로구 구로동 775-7,N,,3160000-112-2003-00205,0,3160000,,,03,폐업,식품자동판매기영업,02-830-6990,,,
기타,,중앙상회(자판기),식품자동판매기영업,2000-11-10,186939.658839785,444128.98415483,2026-05-03 22:32:50,I,02,폐업,0,,,,0,기타,,,,2000-11-10 00:00:00,1998-05-21,,152-805,서울특별시 구로구 개봉동 141-82,N,0,3160000-112-1998-00384,,3160000,,,03,폐업,식품자동판매기영업,,,,
,임대,양귀비 해장국(식품자동판매기),식품자동판매기영업,2010-06-07,189796.113453675,442648.701272479,2026-05-03 22:33:54,I,02,폐업,0,,,,,,,,,2008-09-26 14:55:11,2008-09-26,.00,152-877,서울특별시 구로구 구로동 808-14,N,,3160000-112-2008-00015,,3160000,,,03,폐업,식품자동판매기영업,02-854-9066,,,상수도전용
아파트지역,,현대하이퍼,식품자동판매기영업,2000-11-01,,,2026-05-03 22:32:56,I,02,폐업,0,,,,1,자율,,,,2000-11-01 00:00:00,1999-06-24,,152-887,서울특별시 구로구 신도림동 319-5,N,0,3160000-112-1999-00724,,3160000,,,03,폐업,식품자동판매기영업,,,,
기타,,개봉1동사무소(자판기),식품자동판매기영업,2006-11-07,186414.66699784,444451.773894257,2026-05-03 22:32:47,I,02,폐업,0,,,,0,기타,,,,2002-07-30 00:00:00,1992-11-09,,152-819,서울특별시 구로구 개봉동 416-140,N,0,3160000-112-1992-01144,,3160000,,,03,폐업,식품자동판매기영업,02-2619-4761,,,
기타,,장수식당(자판기),식품자동판매기영업,2014-07-31,189991.015913927,444544.526835584,2026-05-03 22:32:57,I,02,폐업,0,,,,0,자율,,,,2001-09-26 00:00:00,1999-07-10,,152-860,서울특별시 구로구 구로동 545-5,N,1,3160000-112-1999-00808,,3160000,서울특별시 구로구 공원로9길 10 (구로동),08290,03,폐업,식품자동판매기영업,02-853-7600,,,
기타,,동양화원(자판기),식품자동판매기영업,2012-03-07,187221.714262303,443323.556343622,2026-05-03 22:32:58,I,02,폐업,0,,,,1,자율,,,,2012-03-08 15:01:17,1999-08-13,,152-816,서울특별시 구로구 개봉동 403-225,N,0,3160000-112-1999-00898,,3160000,,,03,폐업,식품자동판매기영업,02-688-0490,,,
,자가,전주할매순대국(자판기),식품자동판매기영업,2017-10-16,187629.02067577,444632.094208196,2026-05-03 22:33:12,I,02,폐업,0,0,0,0,,,0,0,,2017-10-16 10:39:03,2003-05-19,,152-831,서울특별시 구로구 고척동 173-10,N,,3160000-112-2003-00135,0,3160000,서울특별시 구로구 경서로 82-2 (고척동),08224,03,폐업,식품자동판매기영업,02-2688-5943,,,
기타,,금성벤딩(주),식품자동판매기영업,2000-02-14,190561.787378446,443461.858357272,2026-05-03 22:32:35,I,02,폐업,0,,,,0,지도,,,,2001-09-26 00:00:00,1985-01-25,,152-845,서울특별시 구로구 구로동 125-66,N,0,3160000-112-1985-00038,,3160000,,,03,폐업,식품자동판매기영업,,,,
기타,,기임빌딩,식품자동판매기영업,1998-07-08,189026.342384854,444895.113011547,2026-05-03 22:32:40,I,02,폐업,0,,,,0,기타,,,,2003-06-19 00:00:00,1991-12-10,,152-887,서울특별시 구로구 신도림동 399-0,N,0,3160000-112-1991-00115,,3160000,,,03,폐업,식품자동판매기영업,,,,
,자가,공명부동산,식품자동판매기영업,2007-11-02,186156.085052505,443421.066446277,2026-05-03 22:33:03,I,02,폐업,0,0,0,0,,,0,0,,2001-10-26 00:00:00,2001-10-26,.00,152-896,서울특별시 구로구 오류동 137-53,N,,3160000-112-2001-01235,0,3160000,,,03,폐업,식품자동판매기영업,02-2614-0933,,,
,,CU신도림대림,식품자동판매기영업,2024-11-26,189372.1910653,444854.451693268,2026-05-03 22:34:24,I,02,폐업,0,,,,,,,,,2024-11-26 14:03:55,2016-10-10,,152-888,서울특별시 구로구 신도림동 642 신도림대림아파트 상가2동 105호,N,,3160000-112-2016-00017,,3160000,"서울특별시 구로구 신도림로 16, 상가2동 105호 (신도림동, 신도림대림아파트)",08211,03,폐업,식품자동판매기영업,,,,
,자가,지에스25 디지털오거리점,식품자동판매기영업,,190160.068723092,441961.372806,2026-05-03 22:34:40,I,01,영업,0,,,,,,,,,2023-08-24 10:14:08,2023-08-24,3.30,152-801,서울특별시 구로구 가리봉동 127-14,N,,3160000-112-2023-00023,,3160000,"서울특별시 구로구 남부순환로105길 58, 1층 (가리봉동)",08387,01,영업/정상,식품자동판매기영업,,,,
주택가주변,,초원식당(자판기),식품자동판매기영업,2001-05-09,184928.789192793,443968.172993552,2026-05-03 22:32:55,I,02,폐업,0,,,,0,자율,,,,2001-05-09 00:00:00,1999-06-12,,152-883,서울특별시 구로구 궁동 179-0,N,1,3160000-112-1999-00659,,3160000,,,03,폐업,식품자동판매기영업,02-2612-3201,,,
,임대,황룡주유소,식품자동판매기영업,2010-01-20,187064.192158501,443874.017248936,2026-05-03 22:33:53,I,02,폐업,0,,,,,,,,,2008-04-11 10:33:05,2008-04-11,.00,152-805,서울특별시 구로구 개봉동 144-5 (경인로 619),N,,3160000-112-2008-00004,,3160000,,,03,폐업,식품자동판매기영업,,,,상수도전용
,임대,과일나라식품자동판매기,식품자동판매기영업,2013-08-05,184361.156693984,443014.076856106,2026-05-03 22:34:06,I,02,폐업,3.3,,,,,,,,,2012-05-08 13:22:23,2012-05-08,3.30,152-906,서울특별시 구로구 온수동 45-1 동진상가 102호 과일나라 102호,N,,3160000-112-2012-00002,,3160000,,,03,폐업,식품자동판매기영업,02-2682-8152,,,상수도전용
,,GS25 드림타워2점,식품자동판매기영업,2018-07-19,190447.24866829,442558.310755613,2026-05-03 22:34:27,I,02,폐업,0,,,,,,,,,2018-07-19 16:08:07,2017-08-03,,152-848,서울특별시 구로구 구로동 197-28 이앤씨벤처드림타워6차 107호,N,,3160000-112-2017-00020,,3160000,"서울특별시 구로구 디지털로31길 41, 107호 (구로동, 이앤씨벤처드림타워6차 )",08375,03,폐업,식품자동판매기영업,02-801-0112,,,
주택가주변,,양우슈퍼(자판기),식품자동판매기영업,2011-09-15,184757.189120902,444059.440142495,2026-05-03 22:32:54,I,02,폐업,0,,,,1,자율,,,,2000-11-21 00:00:00,1999-06-05,,152-882,서울특별시 구로구 궁동 98-3,N,0,3160000-112-1999-00600,,3160000,,,03,폐업,식품자동판매기영업,02-681-6215,,,
,,LG냉방디지털센터(자판기),식품자동판매기영업,2016-05-30,189465.453346105,443135.672298876,2026-05-03 22:34:04,I,02,폐업,0,,,,,,,,,2011-11-02 10:41:20,2011-11-02,,152-871,서울특별시 구로구 구로동 707-18,N,,3160000-112-2011-00005,,3160000,서울특별시 구로구 가마산로 162-1 (구로동),08310,03,폐업,식품자동판매기영업,02-868-6363,,,
,자가,쵸이스마트(자판기),식품자동판매기영업,2017-04-17,189304.619568542,445158.699507853,2026-05-03 22:33:31,I,02,폐업,0,0,0,0,,,0,0,,2017-04-17 11:28:58,2004-11-12,,152-887,서울특별시 구로구 신도림동 394-18,N,,3160000-112-2004-00043,0,3160000,,,03,폐업,식품자동판매기영업,26752387,,,
기타,,재남빌딩(자판기),식품자동판매기영업,2001-01-27,189755.821150409,444059.784684355,2026-05-03 22:32:54,I,02,폐업,0,,,,1,자율,,,,2001-01-27 00:00:00,1999-05-18,,152-858,서울특별시 구로구 구로동 505-0,N,0,3160000-112-1999-00543,,3160000,,,03,폐업,식품자동판매기영업,02-867-9229,,,
,자가,오미정(자판기),식품자동판매기영업,2005-02-03,,,2026-05-03 22:33:14,I,02,폐업,0,0,0,0,,,0,0,,2003-05-22 00:00:00,2003-05-22,,152-874,서울특별시 구로구 구로동 776-157,N,,3160000-112-2003-00176,0,3160000,,,03,폐업,식품자동판매기영업,,,,
,자가,낙원떡집(자판기),식품자동판매기영업,2005-06-08,185939.865709291,443825.73407147,2026-05-03 22:33:11,I,02,폐업,0,0,0,0,,,0,0,,2003-04-08 00:00:00,2003-04-08,,152-100,서울특별시 구로구 오류동 315-11,N,,3160000-112-2003-00107,0,3160000,,,03,폐업,식품자동판매기영업,02-2625-8043,,,
기타,,금화당(자판기),식품자동판매기영업,2004-02-09,185948.838033048,443227.849930123,2026-05-03 22:32:58,I,02,폐업,0,,,,0,자율,,,,2001-09-26 00:00:00,1999-07-21,,152-896,서울특별시 구로구 오류동 155-11,N,1,3160000-112-1999-00874,,3160000,,,03,폐업,식품자동판매기영업,02-2617-3345,,,
,임대,소망문방구(자판기),식품자동판매기영업,2017-07-19,187797.525601019,444079.473325902,2026-05-03 22:34:22,I,02,폐업,0,,,,,,,,,2017-07-19 14:53:09,2016-01-28,.00,152-826,서울특별시 구로구 고척동 76-55,N,,3160000-112-2016-00004,,3160000,서울특별시 구로구 중앙로1길 18-19 (고척동),08227,03,폐업,식품자동판매기영업,02-2681-0250,,,상수도전용
,,미림마트(자판기),식품자동판매기영업,2012-02-24,,,2026-05-03 22:33:19,I,02,폐업,0,,,,,,,,,2003-08-14 00:00:00,2003-08-14,,152-887,서울특별시 구로구 신도림동 397,N,,3160000-112-2003-00279,,3160000,,,03,폐업,식품자동판매기영업,02-2068-6967,,,
,자가,구로1동성당(식품자동판매기),식품자동판매기영업,2017-09-19,188686.896867673,443559.062900476,2026-05-03 22:33:49,I,02,폐업,0,0,0,0,,,0,0,,2017-09-19 14:24:48,2006-10-31,,152-868,서울특별시 구로구 구로동 685-202 구로1동 성당,N,,3160000-112-2006-00038,0,3160000,"서울특별시 구로구 구일로8길 16 (구로동,구로1동 성당)",08324,03,폐업,식품자동판매기영업,,,,
,자가,서울오류동 우체국,식품자동판매기영업,2018-02-09,186215.130150011,444098.577727052,2026-05-03 22:33:15,I,02,폐업,0,0,0,0,,,0,0,,2018-02-09 11:20:33,2003-05-28,,152-892,서울특별시 구로구 오류동 31-65,N,,3160000-112-2003-00219,0,3160000,서울특별시 구로구 고척로16가길 7-10 (오류동),08267,03,폐업,식품자동판매기영업,,,,
주택가주변,,자판기,식품자동판매기영업,2003-01-21,187442.680155711,444576.651329719,2026-05-03 22:32:58,I,02,폐업,0,,,,1,자율,,,,2000-12-06 00:00:00,1999-07-20,,152-828,서울특별시 구로구 고척동 152-2,N,0,3160000-112-1999-00868,,3160000,,,03,폐업,식품자동판매기영업,,,,
,,CU 오류칸타빌점,식품자동판매기영업,2019-09-03,186318.246628274,443771.550203575,2026-05-03 22:34:26,I,02,폐업,0,,,,,,,,,2019-09-03 16:48:28,2017-03-17,,152-894,서울특별시 구로구 오류동 56-41,N,,3160000-112-2017-00009,,3160000,"서울특별시 구로구 경인로20가길 41, 1층 (오류동)",08271,03,폐업,식품자동판매기영업,02-2625-2985,,,
,자가,삼신교통 자판기,식품자동판매기영업,,185253.193992574,443360.574918191,2026-05-03 22:34:38,I,01,영업,0,,,,,,,,,2022-10-20 14:38:05,2022-10-20,3.30,152-895,서울특별시 구로구 오류동 90-5 삼신교통(주),N,,3160000-112-2022-00020,,3160000,"서울특별시 구로구 경인로 107, 삼신교통(주) (오류동)",08265,01,영업/정상,식품자동판매기영업,,,,
기타,,팬시가든(자판기),식품자동판매기영업,2001-03-21,186330.505810822,443857.14642517,2026-05-03 22:32:46,I,02,폐업,0,,,,0,기타,,,,2001-09-26 00:00:00,1992-03-31,,152-892,서울특별시 구로구 오류동 33-73,N,0,3160000-112-1992-00967,,3160000,,,03,폐업,식품자동판매기영업,,,,
기타,,코레일유통주식회사,식품자동판매기영업,2009-05-11,186191.971095121,443576.397882301,2026-05-03 22:32:34,I,02,폐업,0,,,,0,지도,,,,2007-07-05 00:00:00,1984-07-10,,152-896,서울특별시 구로구 오류동 135-1,N,0,3160000-112-1984-01160,,3160000,,,03,폐업,식품자동판매기영업,02-2636-1723,,,
주택가주변,,신중앙약국,식품자동판매기영업,2000-10-02,187005.09279192,443255.338334928,2026-05-03 22:32:57,I,02,폐업,0,,,,0,자율,,,,2000-10-02 00:00:00,1999-07-03,,152-814,서울특별시 구로구 개봉동 331-24,N,1,3160000-112-1999-00769,,3160000,,,03,폐업,식품자동판매기영업,,,,
기타,,선영공인중개사(자판기),식품자동판매기영업,2006-05-12,188840.515865617,444306.771104527,2026-05-03 22:33:01,I,02,폐업,0,0,0,0,0,자율,,0,,2004-02-19 00:00:00,2000-01-19,,152-050,서울특별시 구로구 구로동 1258-0 중앙유통단지 라-3526,N,0,3160000-112-2000-01092,,3160000,,,03,폐업,식품자동판매기영업,02-2611-5002,,,
기타,,명문보습학원(자판기),식품자동판매기영업,2013-01-08,186036.19862737,443807.225468433,2026-05-03 22:32:52,I,02,폐업,0,,,,1,자율,,,,2013-05-06 16:40:02,1999-03-29,,152-891,서울특별시 구로구 오류동 23-36 은하수빌딩 4층,N,0,3160000-112-1999-00454,,3160000,,,03,폐업,식품자동판매기영업,02-2613-6900,,,
기타,,연예인상가(자판기),식품자동판매기영업,2008-06-13,189062.851345815,443427.686571608,2026-05-03 22:32:54,I,02,폐업,0,,,,0,기타,,,,2002-07-29 00:00:00,2002-04-17,,152-868,서울특별시 구로구 구로동 685-70,N,0,3160000-112-1999-00628,,3160000,,,03,폐업,식품자동판매기영업,02-851-8792,,,
기타,,구일공인중개사(자판기),식품자동판매기영업,2004-12-30,188946.885362447,443320.519553374,2026-05-03 22:32:54,I,02,폐업,0,,,,0,기타,,,,2001-09-26 00:00:00,1999-06-11,,152-868,서울특별시 구로구 구로동 685-215 주공종합상가 116호,N,0,3160000-112-1999-00618,,3160000,,,03,폐업,식품자동판매기영업,02-855-4738,,,
기타,,삼몬타나1층(자판기),식품자동판매기영업,2001-04-04,187525.339802832,443643.833213749,2026-05-03 22:33:00,I,02,폐업,0,,,,1,자율,,,,2001-04-04 00:00:00,1999-10-07,,152-819,서울특별시 구로구 개봉동 415-0 개봉역사내 3-1,N,0,3160000-112-1999-01067,,3160000,,,03,폐업,식품자동판매기영업,02-2616-4399,,,
기타,,대흥기계,식품자동판매기영업,2000-12-12,189091.337328819,445121.637468479,2026-05-03 22:33:01,I,02,폐업,0,,,,0,자율,,,,2000-12-12 00:00:00,1999-11-11,,152-886,서울특별시 구로구 신도림동 291-190,N,0,3160000-112-1999-01078,,3160000,,,03,폐업,식품자동판매기영업,,,,
,,GS25 구로고척점(자판기),식품자동판매기영업,2017-01-25,187583.488693184,444649.320911988,2026-05-03 22:34:02,I,02,폐업,3.3,0,0,0,,,,0,,2014-08-21 16:07:32,2010-05-18,3.30,152-831,서울특별시 구로구 고척동 172-47,N,,3160000-112-2010-00002,,3160000,,,03,폐업,식품자동판매기영업,,,,
,자가,우천교역(자판기),식품자동판매기영업,2005-07-15,186879.12855792,442595.885732375,2026-05-03 22:33:08,I,02,폐업,0,0,0,0,,,0,0,,2003-03-07 00:00:00,2003-03-07,,152-815,서울특별시 구로구 개봉동 363-8,N,,3160000-112-2003-00050,0,3160000,,,03,폐업,식품자동판매기영업,02-2613-4774,,,
,자가,지에스25 구로NC점,식품자동판매기영업,,189571.304440595,444198.152470995,2026-05-03 22:34:40,I,01,영업,0,,,,,,,,,2023-08-25 14:35:42,2023-08-25,3.30,152-858,서울특별시 구로구 구로동 500-27,N,,3160000-112-2023-00024,,3160000,"서울특별시 구로구 구로중앙로 135-6, 1층 (구로동)",08280,01,영업/정상,식품자동판매기영업,,,,
,,곱창박사(자판기),식품자동판매기영업,2010-06-22,184963.938459039,443659.0967976,2026-05-03 22:33:48,I,02,폐업,0,,,,,,,,,2010-07-12 16:17:26,2006-07-28,,152-883,서울특별시 구로구 궁동 212-10 1층,N,,3160000-112-2006-00028,,3160000,,,03,폐업,식품자동판매기영업,02-2066-2396,,,
,,낙원콜라텍(자판기),식품자동판매기영업,2020-11-26,191200.722936426,442456.401362068,2026-05-03 22:33:26,I,02,폐업,0,,,,,,,,,2020-11-26 13:14:06,2004-03-23,,152-880,서울특별시 구로구 구로동 1124-1,N,,3160000-112-2004-00007,,3160000,서울특별시 구로구 디지털로32길 97-39 (구로동),08391,03,폐업,식품자동판매기영업,02-854-4411,,,
,자가,풍국할인매장(자판기),식품자동판매기영업,2025-07-10,190083.451731773,443224.654236693,2026-05-03 22:33:10,I,02,폐업,0,0,0,0,,,0,0,,2025-07-10 14:12:14,2003-03-26,,152-850,서울특별시 구로구 구로동 317-22,N,,3160000-112-2003-00095,0,3160000,,,03,폐업,식품자동판매기영업,02-864-2086,,,
,,씨유 구로중앙 유통점,식품자동판매기영업,2019-11-26,189082.580299722,444374.218596513,2026-05-03 22:34:31,I,02,폐업,0,,,,,,,,,2019-11-26 13:13:27,2019-06-26,,152-863,서울특별시 구로구 구로동 597-13,N,,3160000-112-2019-00010,,3160000,"서울특별시 구로구 경인로 533, 1층 101호 (구로동)",08215,03,폐업,식품자동판매기영업,,,,
,,씨유 구로오퍼스점,식품자동판매기영업,,189047.773084017,444715.218537294,2026-05-03 22:34:22,I,01,영업,3.3,,,,,,,,,2016-01-05 15:19:35,2016-01-05,3.30,152-865,서울특별시 구로구 구로동 611-26 씨유 편의점내,N,,3160000-112-2016-00001,,3160000,"서울특별시 구로구 구로중앙로 207, 1층 (구로동, 씨유 편의점내)",08216,01,영업/정상,식품자동판매기영업,,,,
기타,,세광병원(자판기),식품자동판매기영업,2008-08-19,185540.042231844,443492.574008678,2026-05-03 22:32:50,I,02,폐업,0,,,,0,기타,,,,2004-12-22 00:00:00,1998-05-19,,152-883,서울특별시 구로구 궁동 198-8 세광병원 1층,N,0,3160000-112-1998-00376,,3160000,,,03,폐업,식품자동판매기영업,,,,
기타,,동화부동산,식품자동판매기영업,1999-09-17,,,2026-05-03 22:32:46,I,02,폐업,0,,,,0,기타,,,,1999-09-17 00:00:00,1992-07-24,,152-873,서울특별시 구로구 구로동 313-148,N,0,3160000-112-1992-00983,,3160000,,,03,폐업,식품자동판매기영업,,,,
,자가,중소기업은행 구로북지점(지판기),식품자동판매기영업,2004-03-18,190395.221939679,443827.309539834,2026-05-03 22:33:07,I,02,폐업,0,0,0,0,,,0,0,,2003-01-23 00:00:00,2003-01-23,,152-841,서울특별시 구로구 구로동 97-5,N,,3160000-112-2003-00023,0,3160000,,,03,폐업,식품자동판매기영업,02-838-9901,,,
기타,,금석빌딩,식품자동판매기영업,2008-07-10,187471.842860979,443829.626109665,2026-05-03 22:32:33,I,02,폐업,0,,,,0,지도,,,,2002-07-29 00:00:00,1983-03-21,,152-806,서울특별시 구로구 개봉동 170-33,N,0,3160000-112-1983-00002,,3160000,,,03,폐업,식품자동판매기영업,,,,
기타,,원조식당,식품자동판매기영업,1999-12-14,186747.629914077,444364.318947462,2026-05-03 22:32:56,I,02,폐업,0,,,,0,기타,,,,2001-09-26 00:00:00,1999-06-25,,152-836,서울특별시 구로구 고척동 269-13,N,0,3160000-112-1999-00727,,3160000,,,03,폐업,식품자동판매기영업,,,,
,,여주상회,식품자동판매기영업,2008-07-31,189345.194529943,445119.767831354,2026-05-03 22:33:50,I,02,폐업,0,,,,,,,,,2007-08-20 16:00:43,2007-08-20,,152-887,서울특별시 구로구 신도림동 416-26,N,,3160000-112-2007-00021,,3160000,,,03,폐업,식품자동판매기영업,02-2677-5288,,,
,임대,7호선천왕역내 자판기,식품자동판매기영업,2016-03-02,,,2026-05-03 22:34:03,I,02,폐업,2.4,,,,,,,,,2010-07-12 13:57:47,2010-07-12,2.40,152-897,서울특별시 구로구 오류동 174 7호선 천왕역내,N,,3160000-112-2010-00005,,3160000,,,03,폐업,식품자동판매기영업,,,,
기타,,뉴월드빌딩(자판기),식품자동판매기영업,2002-07-10,190155.525197292,443751.152989699,2026-05-03 22:32:40,I,02,폐업,0,,,,0,기타,,,,2001-09-26 00:00:00,1991-12-18,,152-842,서울특별시 구로구 구로동 103-12 (7층),N,0,3160000-112-1991-00125,,3160000,,,03,폐업,식품자동판매기영업,,,,
,자가,앨트웰,식품자동판매기영업,2004-01-27,189123.894724697,444418.827115866,2026-05-03 22:33:20,I,02,폐업,0,0,0,0,,,0,0,,2003-10-02 00:00:00,2003-10-02,,152-864,"서울특별시 구로구 구로동 600-6 은산빌딩 4,5,6층",N,,3160000-112-2003-00293,0,3160000,,,03,폐업,식품자동판매기영업,,,,
,자가,씨유 신도림 포스빌점,식품자동판매기영업,2019-09-02,190367.201813714,444783.205273821,2026-05-03 22:34:08,I,02,폐업,3.3,,,,,,,,,2019-09-02 15:32:50,2013-10-08,3.30,152-838,서울특별시 구로구 구로동 28-1,N,,3160000-112-2013-00003,,3160000,서울특별시 구로구 공원로6나길 49-15 (구로동),08289,03,폐업,식품자동판매기영업,,,,상수도전용
,자가,남영컴퓨터학원(자판기),식품자동판매기영업,2007-11-19,187601.409308013,444490.834046357,2026-05-03 22:33:12,I,02,폐업,0,0,0,0,,,0,0,,2003-05-16 00:00:00,2003-05-16,,152-760,서울특별시 구로구 고척동 141-1 서울가든아파트상가,N,,3160000-112-2003-00132,0,3160000,,,03,폐업,식품자동판매기영업,02-2615-7700,,,
,,탑공인중개사사무소(자판기),식품자동판매기영업,2011-05-17,187031.330845979,445014.031765163,2026-05-03 22:34:02,I,02,폐업,0,,,,,,,,,2009-11-20 10:12:12,2009-11-20,,152-832,서울특별시 구로구 고척동 224-9,N,,3160000-112-2009-00045,,3160000,,,03,폐업,식품자동판매기영업,02-2060-8081,,,
기타,,해피랜드2층(자판기),식품자동판매기영업,2016-03-30,190399.724477247,442702.053385749,2026-05-03 22:32:54,I,02,폐업,0,,,,0,기타,,,,2012-10-19 17:26:17,1999-06-11,,152-848,서울특별시 구로구 구로동 197-11 해피랜드 2층,N,0,3160000-112-1999-00626,,3160000,"서울특별시 구로구 디지털로31길 66 (구로동, 해피랜드 2층)",,03,폐업,식품자동판매기영업,02-3282-5724,,,
기타,,게임천국(자판기),식품자동판매기영업,2005-10-12,189593.37222801,443585.719481472,2026-05-03 22:33:00,I,02,폐업,0,,,,0,자율,,,,2000-11-16 00:00:00,1999-09-29,,152-855,서울특별시 구로구 구로동 417-3,N,0,3160000-112-1999-01062,,3160000,,,03,폐업,식품자동판매기영업,02-859-5558,,,
,,기린BD자판기,식품자동판매기영업,2013-08-22,190011.657117725,444565.613139031,2026-05-03 22:34:00,I,02,폐업,0,,,,,,,,,2009-08-21 14:22:30,2009-08-21,,152-860,서울특별시 구로구 구로동 544-2,N,,3160000-112-2009-00035,,3160000,,,03,폐업,식품자동판매기영업,,,,
,자가,남도식당(자판기),식품자동판매기영업,2007-03-22,185979.464367026,443339.047502568,2026-05-03 22:33:28,I,02,폐업,0,0,0,0,,,0,0,,2004-09-08 00:00:00,2004-09-08,,152-896,서울특별시 구로구 오류동 136-41,N,,3160000-112-2004-00021,0,3160000,,,03,폐업,식품자동판매기영업,02-2617-9058,,,
,자가,비상 574,식품자동판매기영업,2023-12-28,190354.758783929,444038.299358594,2026-05-03 22:34:36,I,02,폐업,0,,,,,,,,,2023-12-28 15:56:15,2022-01-04,1.33,152-842,서울특별시 구로구 구로동 106-1 시립구로도서관,N,,3160000-112-2022-00001,,3160000,"서울특별시 구로구 공원로 15, 시립구로도서관 (구로동)",08298,03,폐업,식품자동판매기영업,,,,
,자가,잉크스테이션(자판기),식품자동판매기영업,,187221.919315862,443119.512514925,2026-05-03 22:33:07,I,01,영업,0,0,0,0,,,0,0,,2023-10-17 15:07:47,2003-01-23,,152-816,서울특별시 구로구 개봉동 403-138,N,,3160000-112-2003-00022,0,3160000,"서울특별시 구로구 개봉로 50, 1층 (개봉동)",08332,01,영업/정상,식품자동판매기영업,02-2060-0939,,,
,자가,씨유(CU) 고척리가점,식품자동판매기영업,,187781.858526186,444973.813513665,2026-05-03 22:34:09,I,01,영업,0.3,0,0,0,,,,0,,2014-04-11 15:43:33,2014-03-04,.30,152-823,서울특별시 구로구 고척동 41-3,N,,3160000-112-2014-00003,,3160000,서울특별시 구로구 중앙로14길 23 (고척동),08218,01,영업/정상,식품자동판매기영업,,,,
,자가,트라이(자판기),식품자동판매기영업,2003-07-02,186219.212746484,444302.24378991,2026-05-03 22:33:09,I,02,폐업,0,0,0,0,,,0,0,,2003-03-17 00:00:00,2003-03-17,,152-803,서울특별시 구로구 개봉동 64-19,N,,3160000-112-2003-00069,0,3160000,,,03,폐업,식품자동판매기영업,02-2685-4807,,,
기타,,이민전산부인과(자판기),식품자동판매기영업,2006-07-05,185960.164604807,443636.812899057,2026-05-03 22:32:47,I,02,폐업,0,,,,0,기타,,,,2002-07-30 00:00:00,1993-02-15,,152-894,서울특별시 구로구 오류동 46-1,N,0,3160000-112-1993-00278,,3160000,,,03,폐업,식품자동판매기영업,,,,
,자가,신세대오락실,식품자동판매기영업,2004-02-02,189757.951666427,443090.964579933,2026-05-03 22:33:12,I,02,폐업,0,0,0,0,,,0,0,,2003-05-15 00:00:00,2003-05-15,,152-872,서울특별시 구로구 구로동 733-21,N,,3160000-112-2003-00124,0,3160000,,,03,폐업,식품자동판매기영업,,,,
,자가,한국SGI 자판기,식품자동판매기영업,,190224.947071602,444480.506850416,2026-05-03 22:33:13,I,01,영업,0,0,0,0,,,0,0,,2025-11-12 10:52:44,2003-05-20,,152-838,서울특별시 구로구 구로동 45,N,,3160000-112-2003-00145,0,3160000,서울특별시 구로구 공원로 54 (구로동),08296,01,영업/정상,식품자동판매기영업,02-6300-7040,,,
,,현지슈퍼(자판기),식품자동판매기영업,2008-06-17,189707.643100697,442859.398668091,2026-05-03 22:33:40,I,02,폐업,0,,,,,,,,,2005-10-28 00:00:00,2005-10-28,,152-871,서울특별시 구로구 구로동 721-8,N,,3160000-112-2005-00033,,3160000,,,03,폐업,식품자동판매기영업,02-868-3330,,,
기타,,애경산업새마을금고지하1층,식품자동판매기영업,1999-05-06,189995.453991496,443578.513105216,2026-05-03 22:32:51,I,02,폐업,0,,,,0,기타,,,,2001-09-26 00:00:00,1999-03-08,,152-840,서울특별시 구로구 구로동 83-0,N,0,3160000-112-1999-00438,,3160000,,,03,폐업,식품자동판매기영업,,,,
기타,,구로홍익미술학원(자판기),식품자동판매기영업,2001-04-24,189691.513882164,442694.606960183,2026-05-03 22:33:01,I,02,폐업,0,,,,1,자율,,,,2001-04-24 00:00:00,1999-08-25,,152-800,서울특별시 구로구 가리봉동 13-47,N,0,3160000-112-1999-01124,,3160000,,,03,폐업,식품자동판매기영업,02-857-3541,,,
,임대,랄라블라 구로디지털점,식품자동판매기영업,2022-03-29,191187.50683561,442350.225867324,2026-05-03 22:34:33,I,02,폐업,0,,,,,,,,,2022-03-29 13:57:59,2020-09-17,3.00,152-880,서울특별시 구로구 구로동 1125-6 동해빌딩,N,,3160000-112-2020-00007,,3160000,"서울특별시 구로구 시흥대로 561, 동해빌딩 1층 (구로동)",08391,03,폐업,식품자동판매기영업,,,,
,자가,고경식품(자판기),식품자동판매기영업,2003-07-11,187768.335464562,443855.545620208,2026-05-03 22:33:09,I,02,폐업,0,0,0,0,,,0,0,,2003-03-11 00:00:00,2003-03-11,,152-826,서울특별시 구로구 고척동 72-28,N,,3160000-112-2003-00055,0,3160000,,,03,폐업,식품자동판매기영업,02-2612-0584,,,
기타,,SGI한국불교회신도림문화회관(자판기),식품자동판매기영업,2003-05-20,190292.558294651,444408.809918055,2026-05-03 22:32:58,I,02,폐업,0,,,,0,자율,,,,2001-09-26 00:00:00,1999-07-19,,152-838,서울특별시 구로구 구로동 45-12,N,0,3160000-112-1999-00857,,3160000,,,03,폐업,식품자동판매기영업,02-3281-6301,,,
,자가,GS25 구로벚꽃점,식품자동판매기영업,2025-11-26,189346.46293401,443394.063936809,2026-05-03 22:34:27,I,02,폐업,0,0,0,0,,,,0,,2025-11-26 11:31:12,2017-06-28,1.00,152-853,서울특별시 구로구 구로동 406-6,N,,3160000-112-2017-00016,,3160000,"서울특별시 구로구 벚꽃로70길 1, 1층 (구로동)",08286,03,폐업,식품자동판매기영업,02-837-1727,,,
,자가,씨유 구로대림점,식품자동판매기영업,,190601.661795913,443226.994309226,2026-05-03 22:34:22,I,01,영업,3,,,,,,,,,2023-06-27 10:48:53,2016-03-18,3.00,152-847,서울특별시 구로구 구로동 153-3 일진빌딩,N,,3160000-112-2016-00007,,3160000,"서울특별시 구로구 도림로 104, 일진빌딩 103호 (구로동)",08369,01,영업/정상,식품자동판매기영업,,,,
기타,,제일세차장(자판기),식품자동판매기영업,2002-02-15,190231.419502544,443829.852920471,2026-05-03 22:32:53,I,02,폐업,0,,,,0,기타,,,,2001-09-26 00:00:00,1999-04-23,,152-842,서울특별시 구로구 구로동 103-8,N,0,3160000-112-1999-00481,,3160000,,,03,폐업,식품자동판매기영업,02-830-1858,,,
기타,,가로판매점(자판기),식품자동판매기영업,2012-03-07,190253.165227082,445286.699781808,2026-05-03 22:32:42,I,02,폐업,0,,,,,기타,,,,2012-03-08 15:03:44,1991-11-30,,152-887,서울특별시 구로구 신도림동 360-0,N,,3160000-112-1991-00937,,3160000,,,03,폐업,식품자동판매기영업,,,,
,,코리아나(자동판매기),식품자동판매기영업,2005-01-17,186968.288544829,442651.907780511,2026-05-03 22:33:05,I,02,폐업,0,,,,,,,,,2002-10-11 00:00:00,2002-10-09,,152-815,서울특별시 구로구 개봉동 361-1 2층동 201호,N,,3160000-112-2002-00052,,3160000,,,03,폐업,식품자동판매기영업,,,,
기타,,천왕역내자판기,식품자동판매기영업,2006-09-14,,,2026-05-03 22:33:02,I,02,폐업,0,0,0,0,,기타,,0,,2001-09-26 00:00:00,2001-07-13,,152-897,서울특별시 구로구 오류동 174-0  동  호,N,,3160000-112-2001-01209,,3160000,,,03,폐업,식품자동판매기영업,02-2212-8398,,,
주택가주변,,경주상회(자판기),식품자동판매기영업,2018-03-05,190177.969330621,443133.163863112,2026-05-03 22:32:55,I,02,폐업,0,,,,1,자율,,,,2018-03-05 10:35:35,1999-06-14,,152-873,서울특별시 구로구 구로동 313-74,N,0,3160000-112-1999-00667,,3160000,서울특별시 구로구 구로동로26길 101-3 (구로동),08312,03,폐업,식품자동판매기영업,02-865-4158,,,
,자가,쉼 카페,식품자동판매기영업,,186772.546947449,444563.542190545,2026-05-03 22:34:39,I,01,영업,0,,,,,,,,,2023-03-31 09:17:04,2023-03-31,26.40,152-835,서울특별시 구로구 고척동 265-7,N,,3160000-112-2023-00009,,3160000,"서울특별시 구로구 고척로 156, 1층 (고척동)",08234,01,영업/정상,식품자동판매기영업,,,,
,자가,구민회관매점,식품자동판매기영업,2019-11-11,190163.724552507,443865.923656986,2026-05-03 22:34:12,I,02,폐업,3.3,,,,,,,,,2019-11-11 15:23:55,2014-07-03,3.30,152-842,서울특별시 구로구 구로동 102 구로구민회관 매점옆,N,,3160000-112-2014-00011,,3160000,"서울특별시 구로구 가마산로25길 21 (구로동, 구로구민회관 매점옆)",08301,03,폐업,식품자동판매기영업,,,,
,자가,피니치니오류2동점(자판기),식품자동판매기영업,2005-02-01,185631.879554352,442951.790508735,2026-05-03 22:33:06,I,02,폐업,0,0,0,0,,,0,0,,2003-01-14 00:00:00,2003-01-14,,152-899,서울특별시 구로구 오류동 187-8,N,,3160000-112-2003-00005,0,3160000,,,03,폐업,식품자동판매기영업,02-2615-7389,,,
주택가주변,,반석금방(자판기),식품자동판매기영업,2017-04-21,186250.565244342,443453.673757445,2026-05-03 22:32:54,I,02,폐업,0,,,,0,자율,,,,2017-04-21 10:49:24,1999-05-29,,152-896,서울특별시 구로구 오류동 146-4,N,1,3160000-112-1999-00584,,3160000,서울특별시 구로구 오류로8길 96 (오류동),08340,03,폐업,식품자동판매기영업,02-2619-3220,,,
,,열린부동산(자판기),식품자동판매기영업,2008-05-22,190109.521012825,443260.551470395,2026-05-03 22:33:47,I,02,폐업,0,,,,,,,,,2006-10-30 00:00:00,2006-07-21,,152-850,서울특별시 구로구 구로동 317-115,N,,3160000-112-2006-00023,,3160000,,,03,폐업,식품자동판매기영업,02-3281-2633,,,
주택가주변,,함양여씨종친회관(자판기),식품자동판매기영업,2001-10-30,186803.262050464,444231.095529336,2026-05-03 22:32:53,I,02,폐업,0,,,,1,자율,,,,2000-11-28 00:00:00,1999-04-15,,152-805,서울특별시 구로구 개봉동 136-2,N,0,3160000-112-1999-00471,,3160000,,,03,폐업,식품자동판매기영업,02-2612-1232,,,
기타,,장수사철탕(자판기),식품자동판매기영업,2002-06-19,190041.503416461,444219.341572989,2026-05-03 22:32:57,I,02,폐업,0,,,,0,자율,,,,2001-09-26 00:00:00,1999-07-10,,152-844,서울특별시 구로구 구로동 112-15,N,1,3160000-112-1999-00812,,3160000,,,03,폐업,식품자동판매기영업,02-861-1980,,,
기타,,덕창빌딩(자판기),식품자동판매기영업,2003-04-26,190414.714577463,442979.635389002,2026-05-03 22:32:58,I,02,폐업,0,,,,0,자율,,,,2000-10-16 00:00:00,1999-07-19,,152-847,서울특별시 구로구 구로동 170-1,N,1,3160000-112-1999-00866,,3160000,,,03,폐업,식품자동판매기영업,02-334-3768,,,
기타,,그린빌라골프연습장(자판기),식품자동판매기영업,2013-01-08,184343.815877741,442640.368627873,2026-05-03 22:32:44,I,02,폐업,0,,,,0,기타,,,,2013-05-06 16:41:09,1992-07-30,,152-140,서울특별시 구로구 항동 3-4,N,0,3160000-112-1992-00237,,3160000,,,03,폐업,식품자동판매기영업,,,,
주택가주변,,동원,식품자동판매기영업,2020-12-30,185832.572912876,443694.66032273,2026-05-03 22:32:56,I,02,폐업,0,,,,0,자율,,,,2020-12-30 10:18:21,1999-07-02,,152-889,서울특별시 구로구 오류동 6-76,N,0,3160000-112-1999-00758,,3160000,서울특별시 구로구 고척로 5-1 (오류동),08254,03,폐업,식품자동판매기영업,02-689-6667,,,
기타,,조정임,식품자동판매기영업,2008-03-10,189421.741417901,445237.679535332,2026-05-03 22:32:42,I,02,폐업,0,,,,0,기타,,,,2001-09-26 00:00:00,1992-01-03,,152-887,서울특별시 구로구 신도림동 389-2,N,0,3160000-112-1992-00153,,3160000,,,03,폐업,식품자동판매기영업,02-0000-0000,,,
,,GS25구로메트로,식품자동판매기영업,2021-07-14,190447.424985193,442071.447779897,2026-05-03 22:34:27,I,02,폐업,0,,,,,,,,,2021-07-14 09:47:39,2017-07-14,,152-733,서울특별시 구로구 구로동 851 한화비즈메트로1차 107호,N,,3160000-112-2017-00017,,3160000,"서울특별시 구로구 디지털로 242, 107호 (구로동, 한화비즈메트로1차)",08394,03,폐업,식품자동판매기영업,,,,
기타,,삼일콘베어앞 대신화물(자판기),식품자동판매기영업,2011-02-07,188840.515865617,444306.771104527,2026-05-03 22:33:02,I,02,폐업,0,0,0,0,,기타,,0,,2008-03-26 13:05:03,2001-06-19,,152-050,서울특별시 구로구 구로동 1258 중앙유통상가 다동 1416,N,,3160000-112-2001-01193,,3160000,,,03,폐업,식품자동판매기영업,02-2613-9765,,,
,자가,진우 식품,식품자동판매기영업,2015-03-06,189921.270494235,442307.584055488,2026-05-03 22:33:13,I,02,폐업,0,0,0,0,,,0,0,,2003-05-20 00:00:00,2003-05-20,,152-800,서울특별시 구로구 가리봉동 121-30,N,,3160000-112-2003-00156,0,3160000,,,03,폐업,식품자동판매기영업,,,,
기타,,0,식품자동판매기영업,1999-06-17,190396.09474191,443974.900123853,2026-05-03 22:32:50,I,02,폐업,0,,,,0,기타,,,,2001-09-26 00:00:00,1998-02-27,,152-842,서울특별시 구로구 구로동 106-3 미성4층내,N,0,3160000-112-1998-00362,,3160000,,,03,폐업,식품자동판매기영업,,,,
기타,,임정원,식품자동판매기영업,1997-02-13,185796.490415239,442602.990951401,2026-05-03 22:32:45,I,02,폐업,0,,,,0,기타,,,,2001-09-26 00:00:00,1992-09-08,,152-130,서울특별시 구로구 천왕동 13-2 개봉여객 0000동 0000호,N,0,3160000-112-1992-00252,,3160000,,,03,폐업,식품자동판매기영업,02-0000-0000,,,
주택가주변,,구민슈퍼(자판기),식품자동판매기영업,2008-12-11,190095.240119314,443778.592884737,2026-05-03 22:32:54,I,02,폐업,0,,,,1,자율,,,,2000-11-07 00:00:00,1999-05-25,,152-842,서울특별시 구로구 구로동 100-5,N,0,3160000-112-1999-00550,,3160000,,,03,폐업,식품자동판매기영업,02-869-1966,,,
,,신영한중슈퍼(자판기),식품자동판매기영업,,189967.513003627,442304.502550047,2026-05-03 22:33:22,I,01,영업,0,,,,,,,,,2016-06-16 12:01:37,2003-10-21,,152-800,서울특별시 구로구 가리봉동 122-16,N,,3160000-112-2003-00306,,3160000,서울특별시 구로구 구로동로 12 (가리봉동),08384,01,영업/정상,식품자동판매기영업,02-864-7750,,,
기타,,모닝글로리(자판기),식품자동판매기영업,2003-04-24,187212.104497161,443878.17113951,2026-05-03 22:32:57,I,02,폐업,0,,,,0,자율,,,,2001-09-26 00:00:00,1999-07-10,,152-815,서울특별시 구로구 개봉동 353-27,N,1,3160000-112-1999-00806,,3160000,,,03,폐업,식품자동판매기영업,02-683-9997,,,
기타,,대성상회(자판기),식품자동판매기영업,2004-02-20,190075.015591181,442615.413654443,2026-05-03 22:32:55,I,02,폐업,0,,,,0,기타,,,,2001-09-26 00:00:00,1999-06-15,,152-875,서울특별시 구로구 구로동 794-1 지상1층,N,0,3160000-112-1999-00689,,3160000,,,03,폐업,식품자동판매기영업,02-864-6990,,,
기타,,구민회관내출입구앞(자판기),식품자동판매기영업,2003-10-13,190163.724552507,443865.923656986,2026-05-03 22:32:50,I,02,폐업,0,,,,0,기타,,,,2002-07-30 00:00:00,1996-05-18,,152-842,서울특별시 구로구 구로동 102-0,N,0,3160000-112-1996-01006,,3160000,,,03,폐업,식품자동판매기영업,,,,
,자가,원할머니보쌈(자판기),식품자동판매기영업,2017-12-01,187823.441114929,444263.317740269,2026-05-03 22:33:08,I,02,폐업,0,0,0,0,,,0,0,,2017-12-01 16:53:08,2003-03-05,,152-826,서울특별시 구로구 고척동 77-5 구일상가 102호,N,,3160000-112-2003-00042,0,3160000,"서울특별시 구로구 중앙로 27 (고척동,구일상가 102호)",08225,03,폐업,식품자동판매기영업,02-2618-4747,,,
기타,,로얄편의점(자판기),식품자동판매기영업,2009-01-29,,,2026-05-03 22:32:53,I,02,폐업,0,,,,0,자율,,,,2000-10-02 00:00:00,1999-05-01,,152-855,서울특별시 구로구 구로동 431-4,N,1,3160000-112-1999-00512,,3160000,,,03,폐업,식품자동판매기영업,02-856-1519,,,
기타,,고척서점(자판기),식품자동판매기영업,2003-06-30,,,2026-05-03 22:32:46,I,02,폐업,0,,,,0,기타,,,,2002-07-30 00:00:00,1992-01-31,,152-832,서울특별시 구로구 고척동 235-0 오희상가 101호,N,0,3160000-112-1992-00961,,3160000,,,03,폐업,식품자동판매기영업,,,,
주택가주변,,풍년갈비(자판기),식품자동판매기영업,2004-10-19,190139.649960645,443562.341085693,2026-05-03 22:32:54,I,02,폐업,0,,,,0,자율,,,,2002-01-15 00:00:00,1999-05-17,,152-840,서울특별시 구로구 구로동 86-5,N,1,3160000-112-1999-00539,,3160000,,,03,폐업,식품자동판매기영업,02-869-5318,,,
,임대,그리니트(자판기),식품자동판매기영업,2012-11-30,190203.765762746,442754.368995607,2026-05-03 22:33:55,I,02,폐업,0,,,,,,,,,2012-09-05 15:27:36,2008-12-09,.00,152-875,서울특별시 구로구 구로동 781-1 (양지길10)지상1층,N,,3160000-112-2008-00025,,3160000,,,03,폐업,식품자동판매기영업,,,,상수도전용
,자가,지현식품(자판기),식품자동판매기영업,2004-01-16,186165.964030055,443751.276447723,2026-05-03 22:33:16,I,02,폐업,0,0,0,0,,,0,0,,2003-06-02 00:00:00,2003-06-02,,152-894,서울특별시 구로구 오류동 55-9,N,,3160000-112-2003-00243,0,3160000,,,03,폐업,식품자동판매기영업,02-2686-5054,,,
기타,,주공종합상가(자판기),식품자동판매기영업,2012-03-07,188946.885362447,443320.519553374,2026-05-03 22:32:54,I,02,폐업,0,,,,0,기타,,,,2012-03-08 15:07:27,1999-06-11,,152-868,서울특별시 구로구 구로동 685-215,N,0,3160000-112-1999-00620,,3160000,,,03,폐업,식품자동판매기영업,,,,
주택가주변,,한일벤다(주),식품자동판매기영업,1999-02-09,190586.019686377,442101.685544921,2026-05-03 22:32:33,I,02,폐업,0,,,,,자율,,,,2001-09-26 00:00:00,1983-03-23,,152-848,서울특별시 구로구 구로동 235-3,N,1,3160000-112-1983-00432,,3160000,,,03,폐업,식품자동판매기영업,,,,
유흥업소밀집지역,,만민중앙교회5번(자판기),식품자동판매기영업,2007-09-18,190447.424985193,442071.447779897,2026-05-03 22:32:55,I,02,폐업,0,,,,0,자율,,,,2001-09-26 00:00:00,1999-06-15,,152-879,서울특별시 구로구 구로동 851-0,N,0,3160000-112-1999-00673,,3160000,,,03,폐업,식품자동판매기영업,02-818-7430,,,
기타,,현대슈퍼(자판기),식품자동판매기영업,2011-12-02,187022.784452923,444675.745224614,2026-05-03 22:32:50,I,02,폐업,0,0,0,0,0,기타,,0,,2008-11-25 17:02:16,1997-05-22,,152-830,서울특별시 구로구 고척동 164-72,N,0,3160000-112-1997-00360,,3160000,,,03,폐업,식품자동판매기영업,,,,
,자가,식용유가게,식품자동판매기영업,2007-03-07,186890.435598357,442290.974667958,2026-05-03 22:33:03,I,02,폐업,0,0,0,0,,,0,0,,2002-05-17 00:00:00,2002-05-17,,152-815,서울특별시 구로구 개봉동 316-10,N,,3160000-112-2002-00012,0,3160000,,,03,폐업,식품자동판매기영업,02-2615-1770,,,
,자가,영웅미니슈퍼(자판기),식품자동판매기영업,2011-04-20,187215.321654561,444064.931382674,2026-05-03 22:33:05,I,02,폐업,0,0,0,0,,,0,0,,2002-10-21 00:00:00,2002-10-21,,152-805,서울특별시 구로구 개봉동 153-120,N,,3160000-112-2002-00059,0,3160000,,,03,폐업,식품자동판매기영업,02-683-7241,,,
기타,,현대노래연습실,식품자동판매기영업,2001-05-14,187200.215293117,442816.193859028,2026-05-03 22:32:47,I,02,폐업,0,,,,,기타,,,,2001-09-26 00:00:00,1992-12-02,,152-816,서울특별시 구로구 개봉동 403-91 (1층),N,,3160000-112-1992-00989,,3160000,,,03,폐업,식품자동판매기영업,02-2615-5737,,,
기타,,(주)덕산자동차공업사(자판기),식품자동판매기영업,2006-09-21,187923.27573024,443993.670252899,2026-05-03 22:32:52,I,02,폐업,0,,,,0,자율,,,,2000-12-06 00:00:00,1999-04-02,,152-826,서울특별시 구로구 고척동 76-38,N,1,3160000-112-1999-00464,,3160000,,,03,폐업,식품자동판매기영업,02-2611-1471,,,
,자가,민들레미용실(자판기),식품자동판매기영업,2017-11-10,187616.37104953,443631.626206407,2026-05-03 22:33:50,I,02,폐업,0,,,,,,,,,2017-11-10 12:07:33,2007-08-02,.00,152-090,서울특별시 구로구 개봉동 417-17,N,,3160000-112-2007-00016,,3160000,서울특별시 구로구 개봉로23가길 81 (개봉동),08275,03,폐업,식품자동판매기영업,02-2615-0562,,,상수도전용
기타,,커맨터인터넷PC프라자,식품자동판매기영업,2001-06-26,189593.378343176,443472.599319507,2026-05-03 22:32:54,I,02,폐업,0,,,,0,자율,,,,2001-06-26 00:00:00,1999-05-17,,152-854,서울특별시 구로구 구로동 414-20,N,1,3160000-112-1999-00541,,3160000,,,03,폐업,식품자동판매기영업,02-892-3474,,,
,자가,가리봉마트(자판기),식품자동판매기영업,2005-10-24,190270.260952584,441970.427503288,2026-05-03 22:33:20,I,02,폐업,0,0,0,0,,,0,0,,2003-10-15 00:00:00,2003-10-15,,152-801,서울특별시 구로구 가리봉동 135-9,N,,3160000-112-2003-00296,0,3160000,,,03,폐업,식품자동판매기영업,02-864-5536,,,
아파트지역,,서울세탁소(자판기),식품자동판매기영업,2011-10-19,187754.860068915,444702.11782251,2026-05-03 22:32:52,I,02,폐업,0,,,,0,자율,,,,2002-07-30 00:00:00,1999-03-18,,152-837,서울특별시 구로구 고척동 320-0,N,1,3160000-112-1999-00448,,3160000,,,03,폐업,식품자동판매기영업,02-685-6138,,,
,자가,대림역구내,식품자동판매기영업,2005-12-29,190561.787378446,443461.858357272,2026-05-03 22:33:22,I,02,폐업,0,0,0,0,,,0,0,,2003-12-08 00:00:00,2003-12-08,,152-845,서울특별시 구로구 구로동 125-66 2호선 대림역구내,N,,3160000-112-2003-00314,0,3160000,,,03,폐업,식품자동판매기영업,,,,
주택가주변,,삼몬타나,식품자동판매기영업,2001-04-04,187525.339802832,443643.833213749,2026-05-03 22:33:00,I,02,폐업,0,,,,1,자율,,,,2001-04-04 00:00:00,1999-10-07,,152-819,서울특별시 구로구 개봉동 415-0 개봉역사내 3-1,N,0,3160000-112-1999-01068,,3160000,,,03,폐업,식품자동판매기영업,02-871-8425,,,
,,(주)휘닉스벤딩서비스,식품자동판매기영업,2015-01-13,190232.524534335,444978.682746138,2026-05-03 22:33:54,I,02,폐업,0,,,,,,,,,2009-07-24 13:48:36,2008-09-25,,152-725,서울특별시 구로구 구로동 3-25 신도림 테크노마트,N,,3160000-112-2008-00014,,3160000,"서울특별시 구로구 새말로 97 (구로동,신도림 테크노마트)",08288,03,폐업,식품자동판매기영업,02-3662-2820,,,
,자가,분식집(자판기),식품자동판매기영업,2008-03-27,189414.800203155,444537.992387586,2026-05-03 22:33:15,I,02,폐업,0,0,0,0,,,0,0,,2003-05-26 00:00:00,2003-05-26,,152-864,서울특별시 구로구 구로동 603-11,N,,3160000-112-2003-00201,0,3160000,,,03,폐업,식품자동판매기영업,,,,
주택가주변,,삼호슈퍼,식품자동판매기영업,2000-10-20,,,2026-05-03 22:32:56,I,02,폐업,0,,,,0,자율,,,,2000-10-20 00:00:00,1999-06-22,,152-090,서울특별시 구로구 개봉동 471-103,N,1,3160000-112-1999-00700,,3160000,,,03,폐업,식품자동판매기영업,,,,
기타,,형제쌀상회(자판기),식품자동판매기영업,2011-12-06,190414.714577463,442979.635389002,2026-05-03 22:32:58,I,02,폐업,0,,,,0,자율,,,,2004-03-30 00:00:00,1999-07-19,,152-847,서울특별시 구로구 구로동 170-1,N,0,3160000-112-1999-00865,,3160000,,,03,폐업,식품자동판매기영업,02-853-7677,,,
기타,,온수주차장(자판기),식품자동판매기영업,2005-09-05,184174.308802275,443347.249900707,2026-05-03 22:32:57,I,02,폐업,0,,,,0,자율,,,,2000-11-21 00:00:00,1999-07-02,,152-905,서울특별시 구로구 온수동 23-26,N,1,3160000-112-1999-00767,,3160000,,,03,폐업,식품자동판매기영업,02-687-9235,,,
주택가주변,,고속슈퍼(자판기),식품자동판매기영업,2013-01-16,185918.228755722,444425.612351743,2026-05-03 22:32:56,I,02,폐업,0,,,,0,자율,,,,2000-11-21 00:00:00,1999-06-22,,152-802,서울특별시 구로구 개봉동 50-4,N,1,3160000-112-1999-00702,,3160000,,,03,폐업,식품자동판매기영업,02-683-3323,,,
,자가,디와이렌탈,식품자동판매기영업,2023-08-25,190967.257864999,442305.216740774,2026-05-03 22:34:39,I,02,폐업,0,,,,,,,,,2023-08-25 15:27:34,2023-06-02,3.00,152-880,서울특별시 구로구 구로동 1128-3 파트너스타워2차,N,,3160000-112-2023-00014,,3160000,"서울특별시 구로구 디지털로32가길 16, 파트너스타워2차 905호 (구로동)",08393,03,폐업,식품자동판매기영업,,,,
,,미성마트(자판기),식품자동판매기영업,2020-01-15,189787.915310041,443745.234745081,2026-05-03 22:34:28,I,02,폐업,0,,,,,,,,,2020-01-15 10:20:50,2018-01-30,,152-857,서울특별시 구로구 구로동 448-31 101호,N,,3160000-112-2018-00001,,3160000,"서울특별시 구로구 구로중앙로27나길 38, 101호 (구로동)",08285,03,폐업,식품자동판매기영업,,,,
기타,,구로동물병원,식품자동판매기영업,2000-01-04,189849.969701042,442587.819472936,2026-05-03 22:32:56,I,02,폐업,0,,,,0,자율,,,,2000-01-04 00:00:00,1999-06-28,,152-876,서울특별시 구로구 구로동 805-19,N,1,3160000-112-1999-00738,,3160000,,,03,폐업,식품자동판매기영업,,,,
기타,,베이비헌트구로점,식품자동판매기영업,2000-08-09,190356.378018177,443098.420833064,2026-05-03 22:32:53,I,02,폐업,0,,,,0,기타,,,,2001-09-26 00:00:00,1999-04-24,,152-846,서울특별시 구로구 구로동 141-14,N,0,3160000-112-1999-00496,,3160000,,,03,폐업,식품자동판매기영업,,,,
,,장미오락실(자동판매기),식품자동판매기영업,2003-03-31,187240.73413834,444048.854012117,2026-05-03 22:33:05,I,02,폐업,0,,,,,,,,,2002-10-21 00:00:00,2002-10-21,,152-090,"서울특별시 구로구 개봉동 153-123 ,대성상가 103호",N,,3160000-112-2002-00060,,3160000,,,03,폐업,식품자동판매기영업,02-688-7936,,,
기타,,바둑발전소,식품자동판매기영업,2000-04-28,187257.770593738,443766.972867093,2026-05-03 22:33:00,I,02,폐업,0,,,,0,자율,,,,2000-04-28 00:00:00,1999-10-07,,152-815,서울특별시 구로구 개봉동 353-33,N,0,3160000-112-1999-01069,,3160000,,,03,폐업,식품자동판매기영업,,,,
기타,,미주슈퍼(자판기),식품자동판매기영업,2010-08-25,190247.385925863,444138.780615698,2026-05-03 22:32:55,I,02,폐업,0,,,,0,기타,,,,2010-01-27 15:34:10,1999-06-11,,152-843,서울특별시 구로구 구로동 107-0,N,0,3160000-112-1999-00656,,3160000,,,03,폐업,식품자동판매기영업,02-856-2024,,,
기타,,대림벤더(자판기),식품자동판매기영업,2014-07-31,190745.562402189,442062.331542356,2026-05-03 22:32:36,I,02,폐업,0,,,,0,지도,,,,2002-07-29 00:00:00,1985-10-11,,152-848,서울특별시 구로구 구로동 222-22,N,0,3160000-112-1985-00046,,3160000,서울특별시 구로구 디지털로26길 72 (구로동),08393,03,폐업,식품자동판매기영업,,,,
,자가,구로도서관(자판기),식품자동판매기영업,2007-03-08,190354.758783929,444038.299358594,2026-05-03 22:33:14,I,02,폐업,0,0,0,0,,,0,0,,2003-05-22 00:00:00,2003-05-22,,152-842,서울특별시 구로구 구로동 106-1,N,,3160000-112-2003-00169,0,3160000,,,03,폐업,식품자동판매기영업,02-861-6491,,,
,자가,연세(자판기),식품자동판매기영업,2024-01-29,185369.844644317,443614.254551194,2026-05-03 22:33:45,I,02,폐업,0,0,0,0,,,0,0,,2024-01-29 13:47:56,2006-07-14,,152-883,서울특별시 구로구 궁동 189-1,N,,3160000-112-2006-00017,0,3160000,서울특별시 구로구 부일로 977 (궁동),08255,03,폐업,식품자동판매기영업,02-2680-0001,,,
기타,,하나은행구로동지점,식품자동판매기영업,2004-12-29,189900.313832,442495.532677644,2026-05-03 22:32:37,I,02,폐업,0,,,,0,지도,,,,2004-08-25 00:00:00,1985-01-19,,152-800,서울특별시 구로구 가리봉동 89-138,N,0,3160000-112-1985-01126,,3160000,,,03,폐업,식품자동판매기영업,02-854-0181,,,
기타,,코닥구로칼라(자판기),식품자동판매기영업,2007-02-01,190142.453338848,443368.977462674,2026-05-03 22:32:48,I,02,폐업,0,0,0,0,0,기타,,0,,2006-06-29 00:00:00,1993-03-03,,152-850,서울특별시 구로구 구로동 317-56,N,0,3160000-112-1993-00300,,3160000,,,03,폐업,식품자동판매기영업,,,,
,임대,빵굽는집,식품자동판매기영업,2005-07-04,184019.610971952,443333.607828954,2026-05-03 22:33:03,I,02,폐업,0,0,0,0,,,0,0,,2002-03-15 00:00:00,2002-03-15,.00,152-906,서울특별시 구로구 온수동 61-1,N,,3160000-112-2002-00003,0,3160000,,,03,폐업,식품자동판매기영업,02-683-6115,,,상수도전용
,자가,영일슈퍼,식품자동판매기영업,2018-11-21,190259.597125675,443299.601610929,2026-05-03 22:33:03,I,02,폐업,0,0,0,0,,,0,0,,2018-11-21 12:08:48,2001-12-13,.00,152-846,서울특별시 구로구 구로동 139-52,N,,3160000-112-2001-01245,0,3160000,서울특별시 구로구 구로중앙로9길 18 (구로동),08312,03,폐업,식품자동판매기영업,02-862-7470,,,
기타,,고래밥그릇(자판기),식품자동판매기영업,2003-01-13,187517.298458569,444965.342836827,2026-05-03 22:33:01,I,02,폐업,0,,,,0,자율,,,,2002-07-29 00:00:00,2002-03-20,,152-831,서울특별시 구로구 고척동 188-2,N,0,3160000-112-1999-01180,,3160000,,,03,폐업,식품자동판매기영업,02-2612-6989,,,
,자가,구로등기소(자판기),식품자동판매기영업,2016-07-06,190324.000032712,444085.5438788,2026-05-03 22:33:07,I,02,폐업,0,0,0,0,,,0,0,,2003-01-21 00:00:00,2003-01-21,,152-843,서울특별시 구로구 구로동 107-3,N,,3160000-112-2003-00021,0,3160000,서울특별시 구로구 공원로 21 (구로동),08298,03,폐업,식품자동판매기영업,,,,
기타,,성심식품(자판기),식품자동판매기영업,2012-01-30,189863.962818107,442452.891623647,2026-05-03 22:32:56,I,02,폐업,0,,,,0,자율,,,,2002-07-29 00:00:00,2002-02-04,,152-800,서울특별시 구로구 가리봉동 89-8,N,0,3160000-112-1999-00745,,3160000,,,03,폐업,식품자동판매기영업,02-863-4501,,,
,자가,7호선 남구로역(상) 식품자동판매기,식품자동판매기영업,2015-10-15,189910.61503399,442531.317835101,2026-05-03 22:34:08,I,02,폐업,3.3,,,,,,,,,2013-08-21 11:19:38,2013-08-21,3.30,,,N,,3160000-112-2013-00002,,3160000,서울특별시 구로구 도림로 지하 7 (구로동),08320,03,폐업,식품자동판매기영업,02-2291-7206,,,상수도전용
,자가,은아네낙지돌구이(자판기),식품자동판매기영업,2004-02-17,189730.364615594,443195.220219732,2026-05-03 22:33:05,I,02,폐업,0,0,0,0,,,0,0,,2002-10-14 00:00:00,2002-10-14,,152-854,서울특별시 구로구 구로동 339-64,N,,3160000-112-2002-00054,0,3160000,,,03,폐업,식품자동판매기영업,02-866-6631,,,
,,로또복권(자판기),식품자동판매기영업,,189781.548231698,442783.451375542,2026-05-03 22:33:58,I,01,영업,0,0,0,0,,,,0,,2025-11-07 13:58:05,2009-07-20,,152-872,서울특별시 구로구 구로동 738-71,N,,3160000-112-2009-00022,,3160000,서울특별시 구로구 구로동로 96 (구로동),08319,01,영업/정상,식품자동판매기영업,02-867-4123,,,
,자가,커피를 담다,식품자동판매기영업,,186871.80435198,442684.715208869,2026-05-03 22:34:35,I,01,영업,0,,,,,,,,,2021-09-17 10:35:28,2021-09-17,1.00,152-815,서울특별시 구로구 개봉동 357-37,N,,3160000-112-2021-00016,,3160000,서울특별시 구로구 개봉로3길 70 (개봉동),08351,01,영업/정상,식품자동판매기영업,,,,
,자가,오류역자판기,식품자동판매기영업,2012-09-13,186221.261266744,443684.830822234,2026-05-03 22:33:30,I,02,폐업,0,0,0,0,,,0,0,,2012-10-16 13:23:41,2004-11-05,,152-894,서울특별시 구로구 오류동 66 전철역북부역광장,N,,3160000-112-2004-00029,0,3160000,,,03,폐업,식품자동판매기영업,,,,
,,정호텔레콤(자판기),식품자동판매기영업,2009-07-21,190285.021960425,443430.504580394,2026-05-03 22:33:56,I,02,폐업,0,,,,,,,,,2009-05-20 10:44:02,2009-05-20,,152-846,서울특별시 구로구 구로동 136-7 (구로큰길149),N,,3160000-112-2009-00007,,3160000,,,03,폐업,식품자동판매기영업,,,,
기타,,홍문독서실(자판기),식품자동판매기영업,2013-01-08,188999.735767494,443303.671762993,2026-05-03 22:32:54,I,02,폐업,0,,,,0,기타,,,,2013-05-06 16:09:06,1999-06-11,,152-868,서울특별시 구로구 구로동 685-448,N,0,3160000-112-1999-00621,,3160000,,,03,폐업,식품자동판매기영업,02-867-7900,,,
기타,,유정하이퍼(자판기),식품자동판매기영업,2001-10-17,189931.34102836,443981.232189093,2026-05-03 22:32:55,I,02,폐업,0,,,,0,기타,,,,2001-09-26 00:00:00,1999-06-11,,152-859,서울특별시 구로구 구로동 531-4,N,0,3160000-112-1999-00647,,3160000,,,03,폐업,식품자동판매기영업,02-851-8405,,,
,임대,씨유구로디지털단지역점,식품자동판매기영업,,191205.791543965,442398.056827727,2026-05-03 22:34:22,I,01,영업,3,,,,,,,,,2016-03-24 13:32:27,2016-03-24,3.00,152-880,서울특별시 구로구 구로동 1125-3,N,,3160000-112-2016-00008,,3160000,"서울특별시 구로구 디지털로32길 97-22, 1층 (구로동)",08391,01,영업/정상,식품자동판매기영업,02-865-2789,,,
기타,,진천상회(자판기),식품자동판매기영업,2007-12-05,186374.487755575,443969.640518828,2026-05-03 22:32:50,I,02,폐업,0,,,,0,기타,,,,2002-07-30 00:00:00,1998-05-18,,152-803,서울특별시 구로구 개봉동 70-16,N,0,3160000-112-1998-00375,,3160000,,,03,폐업,식품자동판매기영업,,,,
기타,,드래곤책대여점,식품자동판매기영업,2006-02-20,189911.360325159,444351.602119026,2026-05-03 22:33:03,I,02,폐업,0,,,,,기타,,,,2001-09-26 00:00:00,2001-09-11,,152-862,서울특별시 구로구 구로동 549-18,N,,3160000-112-2001-01221,,3160000,,,03,폐업,식품자동판매기영업,02-837-7833,,,
,,CU 개봉현대점,식품자동판매기영업,2020-06-26,187692.849983521,443277.609589925,2026-05-03 22:34:29,I,02,폐업,0,,,,,,,,,2020-06-26 11:38:06,2018-07-05,,152-090,서울특별시 구로구 개봉동 480 현대홈타운2단지 상가동 101호,N,,3160000-112-2018-00012,,3160000,"서울특별시 구로구 개봉로20길 158, 상가동 101호 (개봉동, 현대홈타운2단지)",08330,03,폐업,식품자동판매기영업,,,,
기타,,S.M(자판기),식품자동판매기영업,2002-02-28,,,2026-05-03 22:33:01,I,02,폐업,0,,,,0,자율,,,,2001-12-31 00:00:00,2000-09-25,,152-906,서울특별시 구로구 온수동 53,N,0,3160000-112-2000-01131,,3160000,,,03,폐업,식품자동판매기영업,02-2625-0750,,,
,자가,대광마트(자판기),식품자동판매기영업,2017-02-24,,,2026-05-03 22:33:14,I,02,폐업,0,0,0,0,,,0,0,,2011-11-05 13:11:14,2003-05-22,,152-815,서울특별시 구로구 개봉동 368-20,N,,3160000-112-2003-00183,0,3160000,서울특별시 구로구 개봉로1나길 46 (개봉동),,03,폐업,식품자동판매기영업,02-2617-8396,,,
주택가주변,,시골집,식품자동판매기영업,2000-02-15,185230.284984596,443520.453803297,2026-05-03 22:32:57,I,02,폐업,0,,,,1,자율,,,,2000-02-15 00:00:00,1999-07-08,,152-883,서울특별시 구로구 궁동 202-1,N,0,3160000-112-1999-00788,,3160000,,,03,폐업,식품자동판매기영업,,,,
기타,,대우증권(자판기),식품자동판매기영업,2005-11-10,187207.417680735,443946.241109832,2026-05-03 22:32:51,I,02,폐업,0,,,,0,기타,,,,2002-07-30 00:00:00,1998-06-03,,152-805,서울특별시 구로구 개봉동 157-13,N,0,3160000-112-1998-00403,,3160000,,,03,폐업,식품자동판매기영업,,,,
,자가,케이티 링커스,식품자동판매기영업,2003-06-22,190396.805730622,443910.670769521,2026-05-03 22:33:14,I,02,폐업,0,0,0,0,,,0,0,,2003-05-22 00:00:00,2003-05-22,,152-842,서울특별시 구로구 구로동 106-6,N,,3160000-112-2003-00180,0,3160000,,,03,폐업,식품자동판매기영업,,,,
,자가,세븐일레븐 구로큰길점(자판기),식품자동판매기영업,2023-11-09,190024.804156734,443829.020482586,2026-05-03 22:33:39,I,02,폐업,0,0,0,0,,,,0,,2023-11-09 17:11:13,2005-10-24,,152-856,서울특별시 구로구 구로동 442-179,N,,3160000-112-2005-00028,,3160000,서울특별시 구로구 구로중앙로 82 (구로동),08300,03,폐업,식품자동판매기영업,02-852-6081,,,
기타,,장일문구(자판기),식품자동판매기영업,2008-10-15,189755.510134848,442975.863179958,2026-05-03 22:32:59,I,02,폐업,0,,,,0,기타,,,,2001-09-26 00:00:00,1999-08-24,,152-872,서울특별시 구로구 구로동 735-19,N,0,3160000-112-1999-00912,,3160000,,,03,폐업,식품자동판매기영업,02-854-2395,,,
기타,,은성슈퍼(자판기),식품자동판매기영업,2001-03-21,189408.959945561,442977.243349114,2026-05-03 22:32:54,I,02,폐업,0,,,,0,기타,,,,2001-03-21 00:00:00,1999-05-26,,152-851,서울특별시 구로구 구로동 390-148,N,0,3160000-112-1999-00575,,3160000,,,03,폐업,식품자동판매기영업,02-864-7933,,,
기타,,한국정보기술연구원(자판기),식품자동판매기영업,2007-09-13,190980.657371441,442547.689997913,2026-05-03 22:32:53,I,02,폐업,0,,,,0,기타,,,,2006-03-16 00:00:00,1999-04-23,,152-729,서울특별시 구로구 구로동 187-10 코오롱싸이언스밸리1차 401호,N,0,3160000-112-1999-00479,,3160000,,,03,폐업,식품자동판매기영업,02-866-2285,,,
,자가,현대수산(자판기),식품자동판매기영업,2004-03-03,189521.979850589,443927.49056577,2026-05-03 22:33:06,I,02,폐업,0,0,0,0,,,0,0,,2003-01-17 00:00:00,2003-01-17,,152-858,서울특별시 구로구 구로동 486-44,N,,3160000-112-2003-00009,0,3160000,,,03,폐업,식품자동판매기영업,02-856-3750,,,
,,상모빌딩,식품자동판매기영업,2008-01-10,186997.991279738,443517.285620655,2026-05-03 22:33:04,I,02,폐업,0,0,0,0,,,,0,,2002-09-05 00:00:00,2002-09-05,,152-813,서울특별시 구로구 개봉동 303-43,N,,3160000-112-2002-00039,,3160000,,,03,폐업,식품자동판매기영업,02-2613-1131,,,상수도전용
주택가주변,,경기미니슈퍼(자판기),식품자동판매기영업,2006-12-27,189487.469518846,443334.673146567,2026-05-03 22:32:54,I,02,폐업,0,,,,0,자율,,,,2000-10-11 00:00:00,1999-05-21,,152-852,서울특별시 구로구 구로동 404-1,N,0,3160000-112-1999-00545,,3160000,,,03,폐업,식품자동판매기영업,02-862-2911,,,
기타,,기업은행,식품자동판매기영업,2008-05-26,187779.518547282,444555.715414848,2026-05-03 22:33:02,I,02,폐업,0,,,,,기타,,,,2007-08-30 18:18:26,2001-07-05,,152-823,서울특별시 구로구 고척동 50-71,N,,3160000-112-2001-01203,,3160000,,,03,폐업,식품자동판매기영업,02-682-7869,,,
기타,,(주)휘닉스벤딩서비스,식품자동판매기영업,2001-12-01,185733.154965813,442987.808832976,2026-05-03 22:33:02,I,02,폐업,0,,,,,기타,,,,2001-09-26 00:00:00,2001-01-05,,152-897,서울특별시 구로구 오류동 172-67,N,,3160000-112-2001-01171,,3160000,,,03,폐업,식품자동판매기영업,02-682-8322,,,
,자가,온커피(on coffee),식품자동판매기영업,,190331.773239801,444650.163701258,2026-05-03 22:34:34,I,01,영업,0,,,,,,,,,2021-07-26 11:27:12,2021-07-26,2.00,152-838,서울특별시 구로구 구로동 41,N,,3160000-112-2021-00012,,3160000,"서울특별시 구로구 공원로6나길 26, 104호 (구로동)",08289,01,영업/정상,식품자동판매기영업,,,,
,자가,대원주유소(자판기),식품자동판매기영업,2006-06-01,187208.531238352,442673.231987851,2026-05-03 22:33:14,I,02,폐업,0,0,0,0,,,0,0,,2003-05-21 00:00:00,2003-05-21,,152-815,서울특별시 구로구 개봉동 359-1,N,,3160000-112-2003-00168,0,3160000,,,03,폐업,식품자동판매기영업,02-2611-5189,,,
기타,,임영실,식품자동판매기영업,1998-04-02,190496.104158494,443548.940521549,2026-05-03 22:32:45,I,02,폐업,0,,,,0,기타,,,,2001-09-26 00:00:00,1992-10-30,,152-845,서울특별시 구로구 구로동 119-7 우성쇼핑,N,0,3160000-112-1992-00260,,3160000,,,03,폐업,식품자동판매기영업,,,,
주택가주변,,한일벤다(주),식품자동판매기영업,1999-02-09,190594.904645635,442261.654499191,2026-05-03 22:32:39,I,02,폐업,0,,,,1,자율,,,,2001-09-26 00:00:00,1989-05-16,,152-848,서울특별시 구로구 구로동 235-0,N,0,3160000-112-1989-00084,,3160000,,,03,폐업,식품자동판매기영업,,,,
기타,,명당분식(자판기),식품자동판매기영업,2011-07-21,189956.427079211,444386.887279758,2026-05-03 22:32:59,I,02,폐업,0,,,,0,자율,,,,2000-11-07 00:00:00,1999-08-27,,152-860,서울특별시 구로구 구로동 547-31,N,1,3160000-112-1999-00920,,3160000,,,03,폐업,식품자동판매기영업,02-853-4782,,,
기타,,현대미니슈퍼(자판기),식품자동판매기영업,2008-09-04,190003.362190021,442086.932797864,2026-05-03 22:32:59,I,02,폐업,0,,,,0,자율,,,,2003-04-01 00:00:00,1999-09-15,,152-801,서울특별시 구로구 가리봉동 125-34,N,0,3160000-112-1999-01029,,3160000,,,03,폐업,식품자동판매기영업,02-852-6432,,,
기타,,선일슈퍼(자판기),식품자동판매기영업,2001-03-24,189945.931271112,444184.805201609,2026-05-03 22:32:53,I,02,폐업,0,,,,0,기타,,,,2001-09-26 00:00:00,1999-04-24,,152-860,서울특별시 구로구 구로동 543-10,N,0,3160000-112-1999-00486,,3160000,,,03,폐업,식품자동판매기영업,02-854-2589,,,
기타,,남부대일학원(2층자판기),식품자동판매기영업,2013-01-08,190156.399992266,445369.517787461,2026-05-03 22:32:46,I,02,폐업,0,,,,0,기타,,,,2013-05-06 16:35:52,1992-03-14,,152-887,서울특별시 구로구 신도림동 338-0,N,0,3160000-112-1992-00966,,3160000,,,03,폐업,식품자동판매기영업,,,,
,임대,바리스타 마르코 악쓰는 하마 고척점,식품자동판매기영업,2018-10-23,188173.205534752,444237.578898272,2026-05-03 22:34:28,I,02,폐업,0,,,,,,,,,2018-10-23 17:21:42,2018-03-26,1.00,152-824,서울특별시 구로구 고척동 52-201,N,,3160000-112-2018-00004,,3160000,"서울특별시 구로구 경인로47길 14, 지하1층 (고척동)",08222,03,폐업,식품자동판매기영업,070-4493-7699,,,
,자가,한솔교육(자판기),식품자동판매기영업,2005-03-29,190243.830497064,444593.002994227,2026-05-03 22:33:05,I,02,폐업,0,0,0,0,,,0,0,,2002-10-02 00:00:00,2002-10-02,,152-838,서울특별시 구로구 구로동 40-1 1층,N,,3160000-112-2002-00049,0,3160000,,,03,폐업,식품자동판매기영업,02-861-1800,,,
,자가,현대문구미니슈퍼(자판기),식품자동판매기영업,2009-03-20,190466.476087215,443535.625740927,2026-05-03 22:33:06,I,02,폐업,0,0,0,0,,,0,0,,2003-01-09 00:00:00,2003-01-09,,152-845,서울특별시 구로구 구로동 119-13,N,,3160000-112-2003-00001,0,3160000,,,03,폐업,식품자동판매기영업,02-855-5265,,,
기타,,미즈한헤어샾(자판기),식품자동판매기영업,2003-03-12,186043.075320956,444528.775913812,2026-05-03 22:33:02,I,02,폐업,0,,,,,기타,,,,2001-12-31 00:00:00,2001-06-20,,152-802,서울특별시 구로구 개봉동 33-112,N,,3160000-112-2001-01195,,3160000,,,03,폐업,식품자동판매기영업,02-689-3275,,,
기타,,한우랑(자판기),식품자동판매기영업,2002-04-08,,,2026-05-03 22:32:59,I,02,폐업,0,,,,0,자율,,,,2000-12-06 00:00:00,1999-09-20,,152-893,서울특별시 구로구 오류동 38-0,N,1,3160000-112-1999-01042,,3160000,,,03,폐업,식품자동판매기영업,02-2612-9056,,,
,,버그인터넷플라자,식품자동판매기영업,2011-12-16,186122.987590351,443812.887758202,2026-05-03 22:33:22,I,02,폐업,0,,,,,,,,,2003-11-27 00:00:00,2003-11-27,,152-893,서울특별시 구로구 오류동 37-4,N,,3160000-112-2003-00313,,3160000,,,03,폐업,식품자동판매기영업,02-2614-2832,,,
,자가,성지슈퍼(자동판매기),식품자동판매기영업,2006-11-16,186389.280589778,444236.289626484,2026-05-03 22:33:36,I,02,폐업,0,0,0,0,,,0,0,,2005-03-15 00:00:00,2005-03-15,,152-803,서울특별시 구로구 개봉동 68-261,N,,3160000-112-2005-00005,0,3160000,,,03,폐업,식품자동판매기영업,26118590,,,
,자가,의료보험조합,식품자동판매기영업,2005-05-26,187898.058429039,443980.785968604,2026-05-03 22:33:22,I,02,폐업,0,0,0,0,,,0,0,,2003-11-03 00:00:00,2003-11-03,,152-826,서울특별시 구로구 고척동 76-159 의보빌딩,N,,3160000-112-2003-00311,0,3160000,,,03,폐업,식품자동판매기영업,,,,
기타,,조흥은행(자판기),식품자동판매기영업,2005-01-21,187207.417680735,443946.241109832,2026-05-03 22:32:54,I,02,폐업,0,,,,0,자율,,,,2000-11-28 00:00:00,1999-05-31,,152-805,서울특별시 구로구 개봉동 157-13,N,1,3160000-112-1999-00588,,3160000,,,03,폐업,식품자동판매기영업,02-2613-2710,,,
주택가주변,,평화슈퍼마켓(자판기),식품자동판매기영업,2001-05-25,186865.384798715,443456.294169566,2026-05-03 22:32:57,I,02,폐업,0,,,,0,자율,,,,2001-05-25 00:00:00,1999-07-03,,152-814,서울특별시 구로구 개봉동 320-1,N,1,3160000-112-1999-00771,,3160000,,,03,폐업,식품자동판매기영업,02-2614-3036,,,
기타,,춘천닭갈비막국수,식품자동판매기영업,1999-11-16,189748.989677128,444126.828798475,2026-05-03 22:32:55,I,02,폐업,0,,,,0,기타,,,,2001-09-26 00:00:00,1999-06-11,,152-859,서울특별시 구로구 구로동 519-4,N,0,3160000-112-1999-00650,,3160000,,,03,폐업,식품자동판매기영업,,,,
,자가,서울가든빌라(자판기),식품자동판매기영업,2007-02-22,184986.529234958,443361.493165305,2026-05-03 22:33:10,I,02,폐업,0,0,0,0,,,0,0,,2003-03-18 00:00:00,2003-03-18,,152-895,서울특별시 구로구 오류동 97-4 서울가든빌라,N,,3160000-112-2003-00085,0,3160000,,,03,폐업,식품자동판매기영업,,,,
기타,,신용보증기금신용협동조합,식품자동판매기영업,1999-02-09,,,2026-05-03 22:32:34,I,02,폐업,0,,,,0,지도,,,,2001-09-26 00:00:00,1984-04-02,,152-130,서울특별시 구로구 천왕동 30-1,N,0,3160000-112-1984-00024,,3160000,,,03,폐업,식품자동판매기영업,,,,
,,서민슈퍼(자판기),식품자동판매기영업,2018-03-05,190045.999642869,442753.652196701,2026-05-03 22:33:58,I,02,폐업,0,,,,,,,,,2018-03-05 10:18:17,2009-07-08,,152-875,서울특별시 구로구 구로동 793-1,N,,3160000-112-2009-00019,,3160000,서울특별시 구로구 도림로 32 (구로동),08373,03,폐업,식품자동판매기영업,02-863-9958,,,
,자가,선마트(자판기),식품자동판매기영업,,189391.232588845,443744.649925289,2026-05-03 22:33:06,I,01,영업,0,0,0,0,,,0,0,,2002-10-23 00:00:00,2002-10-23,,152-857,서울특별시 구로구 구로동 468 1층,N,,3160000-112-2002-00066,0,3160000,"서울특별시 구로구 구로동로43길 44-6 (구로동,1층)",08281,01,영업/정상,식품자동판매기영업,02-839-7997,,,
주택가주변,,만물슈퍼(자판기),식품자동판매기영업,2020-12-22,187347.162038325,443795.115094325,2026-05-03 22:32:56,I,02,폐업,0,0,0,0,0,자율,,0,,2020-12-22 10:13:53,1999-06-22,,152-806,서울특별시 구로구 개봉동 170-15,N,1,3160000-112-1999-00704,,3160000,서울특별시 구로구 개봉로24길 22 (개봉동),08277,03,폐업,식품자동판매기영업,02-2682-9588,,,
기타,,코레일유통주식회사,식품자동판매기영업,2008-12-01,187525.339802832,443643.833213749,2026-05-03 22:33:01,I,02,폐업,0,,,,0,자율,,,,2007-07-05 00:00:00,2001-07-13,,152-819,서울특별시 구로구 개봉동 415,N,1,3160000-112-1999-01177,,3160000,,,03,폐업,식품자동판매기영업,02-2636-1723,,,
,자가,GS25구로지밸리몰점,식품자동판매기영업,2016-05-03,190779.824680954,442527.527966789,2026-05-03 22:34:19,I,02,폐업,3.3,,,,,,,,,2016-01-28 13:23:17,2015-08-25,3.30,152-848,서울특별시 구로구 구로동 188-25,N,,3160000-112-2015-00008,,3160000,"서울특별시 구로구 디지털로 300, 2층 (구로동, GS구로지밸리몰점)",08379,03,폐업,식품자동판매기영업,02-6344-3904,,,
기타,,한국슈레다(자판기),식품자동판매기영업,2018-03-05,,,2026-05-03 22:32:35,I,02,폐업,0,,,,0,지도,,,,2018-03-05 10:32:32,1985-01-08,,152-858,서울특별시 구로구 구로동 474-3,N,0,3160000-112-1985-00036,,3160000,,,03,폐업,식품자동판매기영업,,,,
,,주식회사 에듀윌,식품자동판매기영업,2023-08-11,191020.264430044,442460.919021593,2026-05-03 22:34:32,I,02,폐업,0,,,,,,,,,2023-08-11 10:24:46,2019-11-27,,152-728,서울특별시 구로구 구로동 811 코오롱싸이언스밸리2차,N,,3160000-112-2019-00023,,3160000,"서울특별시 구로구 디지털로34길 55, 코오롱싸이언스밸리2차 310호 (구로동)",08378,03,폐업,식품자동판매기영업,02-2460-3948,,,
,자가,용일빌딩(자판기),식품자동판매기영업,2004-04-07,187376.594111297,443660.874455428,2026-05-03 22:33:04,I,02,폐업,0,0,0,0,,,0,0,,2003-09-30 00:00:00,2002-08-28,,152-819,서울특별시 구로구 개봉동 416-146,N,,3160000-112-2002-00036,0,3160000,,,03,폐업,식품자동판매기영업,02-686-7317,,,
,,카페프리헷 고척점,식품자동판매기영업,,187211.741318007,444438.017280512,2026-05-03 22:34:39,I,01,영업,0,0,0,0,,,,0,,2024-07-16 09:43:21,2023-03-08,,152-836,서울특별시 구로구 고척동 305 동성빌딩,N,,3160000-112-2023-00005,,3160000,"서울특별시 구로구 고척로52길 67, 동성빌딩 1층 (고척동)",08232,01,영업/정상,식품자동판매기영업,,,,
,자가,미즈콜렉션(자판기),식품자동판매기영업,2005-05-17,186879.12855792,442595.885732375,2026-05-03 22:33:08,I,02,폐업,0,0,0,0,,,0,0,,2003-03-07 00:00:00,2003-03-07,,152-815,서울특별시 구로구 개봉동 363-8,N,,3160000-112-2003-00049,0,3160000,,,03,폐업,식품자동판매기영업,02-2616-4134,,,
,자가,카페인24,식품자동판매기영업,,184200.661623067,443873.93681809,2026-05-03 22:34:38,I,01,영업,0,,,,,,,,,2022-09-28 15:24:42,2022-09-27,22.80,152-906,서울특별시 구로구 온수동 141 온수빌리브 1층 106호,N,,3160000-112-2022-00019,,3160000,"서울특별시 구로구 부일로9길 133, 1층 106호 (온수동, 온수빌리브)",08259,01,영업/정상,식품자동판매기영업,,,,
기타,,가나슈퍼(자판기),식품자동판매기영업,2014-01-17,187188.454969759,444701.857095443,2026-05-03 22:32:57,I,02,폐업,0,,,,0,자율,,,,2001-09-26 00:00:00,1999-07-10,,152-829,서울특별시 구로구 고척동 163-16,N,1,3160000-112-1999-00817,,3160000,서울특별시 구로구 고척로52길 12 (고척동),08229,03,폐업,식품자동판매기영업,02-686-9408,,,
기타,,대원강업,식품자동판매기영업,1999-12-31,,,2026-05-03 22:32:42,I,02,폐업,0,,,,0,기타,,,,1999-12-31 00:00:00,1991-12-30,,152-896,서울특별시 구로구 오류동 134-0,N,0,3160000-112-1991-00143,,3160000,,,03,폐업,식품자동판매기영업,,,,
,,투데이25이앤씨(자판기),식품자동판매기영업,2025-11-18,190541.499138217,442708.140860448,2026-05-03 22:33:35,I,02,폐업,0,0,0,0,,,,0,,2025-11-18 14:38:52,2004-12-27,,152-848,서울특별시 구로구 구로동 197-33 이앤씨벤처드림타워3차 104호,N,,3160000-112-2004-00063,,3160000,"서울특별시 구로구 디지털로31길 38-21 (구로동,이앤씨벤처드림타워3차 104호)",08376,03,폐업,식품자동판매기영업,02-6330-2125,,,
기타,,구로공단역232-01-03(자판기),식품자동판매기영업,2004-04-10,,,2026-05-03 22:33:01,I,02,폐업,0,,,,1,자율,,,,2000-10-16 00:00:00,2000-05-23,,152-845,서울특별시 구로구 구로동 124-0,N,0,3160000-112-2000-01120,,3160000,,,03,폐업,식품자동판매기영업,02-845-9141,,,
기타,,별달제과(자판기),식품자동판매기영업,2010-12-08,189593.378343176,443472.599319507,2026-05-03 22:33:01,I,02,폐업,0,,,,,자율,,,,2009-07-28 15:40:07,2000-02-17,,152-854,서울특별시 구로구 구로동 414-20,N,,3160000-112-2000-01102,,3160000,,,03,폐업,식품자동판매기영업,02-851-4124,,,
,자가,두산베어스타워(자판기),식품자동판매기영업,2004-04-30,190171.677862092,444317.135841703,2026-05-03 22:33:12,I,02,폐업,0,0,0,0,,,0,0,,2003-05-16 00:00:00,2003-05-16,,152-844,서울특별시 구로구 구로동 110-4 도림두산베어스타워,N,,3160000-112-2003-00126,0,3160000,,,03,폐업,식품자동판매기영업,02-865-9512,,,
기타,,기린전자(주)6층(자판기),식품자동판매기영업,2003-03-19,190011.657117725,444565.613139031,2026-05-03 22:32:54,I,02,폐업,0,,,,0,자율,,,,2002-07-30 00:00:00,1999-05-25,,152-860,서울특별시 구로구 구로동 544-2 기린빌딩,N,1,3160000-112-1999-00554,,3160000,,,03,폐업,식품자동판매기영업,02-858-3381,,,
,임대,2호선 대림역(신도림방향4-3),식품자동판매기영업,2011-12-31,190561.787378446,443461.858357272,2026-05-03 22:33:55,I,02,폐업,0,,,,,,,,,2025-02-05 10:58:19,2009-02-05,.00,152-845,서울특별시 구로구 구로동 125-66 2호선 대림 역사 내,N,,3160000-112-2009-00002,,3160000,"서울특별시 구로구 도림천로 352 (구로동,2호선 대림 역사 내)",08304,03,폐업,식품자동판매기영업,,,,상수도전용
기타,,햇님슈퍼(자판기),식품자동판매기영업,2005-12-30,189553.017635598,442782.838459067,2026-05-03 22:32:59,I,02,폐업,0,,,,0,기타,,,,2001-09-26 00:00:00,1999-09-20,,152-871,서울특별시 구로구 구로동 712-1,N,0,3160000-112-1999-01045,,3160000,,,03,폐업,식품자동판매기영업,02-867-0039,,,
기타,,소문장,식품자동판매기영업,2000-01-26,,,2026-05-03 22:32:54,I,02,폐업,0,,,,0,기타,,,,2001-09-26 00:00:00,1999-06-11,,152-875,서울특별시 구로구 구로동 788-19,N,0,3160000-112-1999-00629,,3160000,,,03,폐업,식품자동판매기영업,,,,
,자가,에이플러스,식품자동판매기영업,2013-02-21,190491.833060361,442477.332680657,2026-05-03 22:33:03,I,02,폐업,0,0,0,0,,,0,0,,2006-12-08 00:00:00,2002-01-19,.00,152-848,서울특별시 구로구 구로동 197-48 에이스테크노타워3차103호,N,,3160000-112-2002-00001,0,3160000,,,03,폐업,식품자동판매기영업,02-2109-5003,,,
,자가,곱창구이막창자판기,식품자동판매기영업,2009-01-19,189618.752905327,444921.078748984,2026-05-03 22:33:40,I,02,폐업,0,0,0,0,,,0,0,,2005-10-31 00:00:00,2005-10-31,,152-888,서울특별시 구로구 신도림동 437-1 117호앞,N,,3160000-112-2005-00038,0,3160000,,,03,폐업,식품자동판매기영업,02-2672-0092,,,
주택가주변,,목화편의점(자판기),식품자동판매기영업,2004-05-20,184419.226936751,443002.421440264,2026-05-03 22:32:56,I,02,폐업,0,,,,1,자율,,,,2000-12-06 00:00:00,1999-07-02,,152-895,서울특별시 구로구 오류동 108-0,N,0,3160000-112-1999-00762,,3160000,,,03,폐업,식품자동판매기영업,02-2613-5180,,,
,자가,기린텔레콤 자판기,식품자동판매기영업,2003-06-10,190011.657117725,444565.613139031,2026-05-03 22:33:13,I,02,폐업,0,0,0,0,,,0,0,,2003-05-20 00:00:00,2003-05-20,,152-860,서울특별시 구로구 구로동 544-2 기린빌딩내,N,,3160000-112-2003-00147,0,3160000,,,03,폐업,식품자동판매기영업,,,,
기타,,상임헬스크럼,식품자동판매기영업,2000-02-09,186007.312716503,443745.761118258,2026-05-03 22:32:44,I,02,폐업,0,,,,0,기타,,,,2000-02-09 00:00:00,1992-09-14,,152-893,서울특별시 구로구 오류동 41-1,N,0,3160000-112-1992-00231,,3160000,,,03,폐업,식품자동판매기영업,,,,
,자가,구로자동차검사소(자판기),식품자동판매기영업,2003-12-24,185242.74323239,443390.667515929,2026-05-03 22:33:10,I,02,폐업,0,0,0,0,,,0,0,,2003-03-21 00:00:00,2003-03-21,,152-895,서울특별시 구로구 오류동 91-1,N,,3160000-112-2003-00088,0,3160000,,,03,폐업,식품자동판매기영업,,,,
,,CU SK 신오류점,식품자동판매기영업,2020-05-29,185729.876357271,443594.667768869,2026-05-03 22:34:31,I,02,폐업,0,,,,,,,,,2020-05-29 17:17:16,2019-05-20,,152-894,서울특별시 구로구 오류동 81-29,N,,3160000-112-2019-00008,,3160000,"서울특별시 구로구 경인로 161, 1층 (오류동)",08255,03,폐업,식품자동판매기영업,,,,
,,현대증권(자판기),식품자동판매기영업,2015-10-21,187219.817354542,443231.478017596,2026-05-03 22:33:41,I,02,폐업,0,,,,,,,,,2005-11-02 00:00:00,2005-11-02,,152-816,서울특별시 구로구 개봉동 403-45,N,,3160000-112-2005-00040,,3160000,서울특별시 구로구 개봉로 60 (개봉동),08332,03,폐업,식품자동판매기영업,,,,
,,GS25 구로다울점,식품자동판매기영업,2025-07-10,190024.957912977,443374.671149493,2026-05-03 22:34:25,I,02,폐업,0,0,0,0,,,,0,,2025-07-10 14:13:01,2016-12-12,,152-850,서울특별시 구로구 구로동 317-76 지층,N,,3160000-112-2016-00025,,3160000,"서울특별시 구로구 가마산로22길 42, 지층 (구로동)",08307,03,폐업,식품자동판매기영업,,,,
,자가,주일이발관(자동판매기),식품자동판매기영업,2018-03-27,187835.031079566,444602.726195898,2026-05-03 22:33:05,I,02,폐업,0,0,0,0,,,0,0,,2018-03-27 10:40:23,2002-10-10,,152-823,서울특별시 구로구 고척동 51-11,N,,3160000-112-2002-00053,0,3160000,서울특별시 구로구 중앙로10길 16 (고척동),08223,03,폐업,식품자동판매기영업,02-682-6893,,,
기타,,여진식품(자판기),식품자동판매기영업,2007-08-29,,,2026-05-03 22:33:01,I,02,폐업,0,,,,0,기타,,,,2000-12-06 00:00:00,1999-06-10,,152-829,서울특별시 구로구 고척동 156-23,N,0,3160000-112-1999-01154,,3160000,,,03,폐업,식품자동판매기영업,02-682-2895,,,
,자가,양지부동산앞,식품자동판매기영업,2004-08-10,187645.420980923,444936.719325889,2026-05-03 22:33:19,I,02,폐업,0,0,0,0,,,0,0,,2003-08-28 00:00:00,2003-08-28,,152-837,서울특별시 구로구 고척동 335,N,,3160000-112-2003-00285,0,3160000,,,03,폐업,식품자동판매기영업,02-2619-2885,,,
기타,,오류게임기(자판기),식품자동판매기영업,2004-01-27,185972.792363989,443313.103442294,2026-05-03 22:32:58,I,02,폐업,0,,,,0,자율,,,,2001-09-26 00:00:00,1999-07-21,,152-896,서울특별시 구로구 오류동 136-53,N,0,3160000-112-1999-00873,,3160000,,,03,폐업,식품자동판매기영업,02-2625-3162,,,
,자가,개봉미니슈퍼(자판기),식품자동판매기영업,2004-03-30,,,2026-05-03 22:33:10,I,02,폐업,0,0,0,0,,,0,0,,2003-03-31 00:00:00,2003-03-31,,152-804,서울특별시 구로구 개봉동 88-10,N,,3160000-112-2003-00098,0,3160000,,,03,폐업,식품자동판매기영업,02-2687-0326,,,
기타,,우연식품(자판기),식품자동판매기영업,2004-07-28,188907.966108621,444898.367647601,2026-05-03 22:32:48,I,02,폐업,0,,,,0,기타,,,,2002-07-30 00:00:00,1993-11-18,,152-865,서울특별시 구로구 구로동 614-33 라이프공구상가,N,0,3160000-112-1993-00318,,3160000,,,03,폐업,식품자동판매기영업,,,,
,자가,성진상사(자판기),식품자동판매기영업,2025-07-10,190342.202865002,443095.731205655,2026-05-03 22:33:38,I,02,폐업,0,0,0,0,,,0,0,,2025-07-10 14:12:34,2005-06-15,,152-846,서울특별시 구로구 구로동 141-5,N,,3160000-112-2005-00017,0,3160000,서울특별시 구로구 도림로 73 (구로동),08312,03,폐업,식품자동판매기영업,,,,
,,삼원슈퍼(자판기),식품자동판매기영업,2017-03-21,,,2026-05-03 22:33:58,I,02,폐업,0,,,,,,,,,2009-07-20 12:33:19,2009-07-20,,152-805,서울특별시 구로구 개봉동 139-80 지상1층,N,,3160000-112-2009-00021,,3160000,"서울특별시 구로구 경인로33길 27 (개봉동,지상1층)",,03,폐업,식품자동판매기영업,02-2625-6404,,,
기타,,뉴월드빌딩(자판기),식품자동판매기영업,2002-07-10,190155.525197292,443751.152989699,2026-05-03 22:32:40,I,02,폐업,0,,,,0,기타,,,,2001-09-26 00:00:00,1991-12-18,,152-842,서울특별시 구로구 구로동 103-12 국민은행내,N,0,3160000-112-1991-00123,,3160000,,,03,폐업,식품자동판매기영업,,,,
,자가,개봉박두,식품자동판매기영업,2026-03-10,187332.928148948,443121.448393628,2026-05-03 22:34:44,I,02,폐업,0,,,,,,,,,2026-03-10 09:22:22,2025-02-05,26.64,152-810,서울특별시 구로구 개봉동 262-21,N,,3160000-112-2025-00003,,3160000,"서울특별시 구로구 개봉로16길 25, 1층 (개봉동)",08332,03,폐업,식품자동판매기영업,,,,
,,제일건강원(자판기),식품자동판매기영업,2008-01-18,190238.039836489,443125.732516087,2026-05-03 22:33:47,I,02,폐업,0,,,,,,,,,2006-07-25 00:00:00,2006-07-25,,152-873,서울특별시 구로구 구로동 313-35,N,,3160000-112-2006-00027,,3160000,,,03,폐업,식품자동판매기영업,02-863-4842,,,
,임대,이마트24 구로초교점,식품자동판매기영업,2025-12-01,189690.700934612,443810.423707538,2026-05-03 22:34:37,I,02,폐업,0,0,0,0,,,,0,,2025-12-01 13:31:19,2022-05-13,3.30,152-857,서울특별시 구로구 구로동 456-6,N,,3160000-112-2022-00010,,3160000,"서울특별시 구로구 구로중앙로27다길 26, 1층 (구로동)",08283,03,폐업,식품자동판매기영업,,,,
기타,,김애숙,식품자동판매기영업,2009-05-07,189052.101789082,443748.279289935,2026-05-03 22:32:42,I,02,폐업,0,,,,0,기타,,,,2001-09-26 00:00:00,1992-01-03,,152-868,서울특별시 구로구 구로동 685-140 나드리쇼핑,N,0,3160000-112-1992-00149,,3160000,,,03,폐업,식품자동판매기영업,02-0000-0000,,,
,자가,동양엘레베이트,식품자동판매기영업,2005-01-07,186237.293350949,443794.006000016,2026-05-03 22:33:18,I,02,폐업,0,0,0,0,,,0,0,,2003-06-23 00:00:00,2003-06-23,,152-894,서울특별시 구로구 오류동 55-30,N,,3160000-112-2003-00263,0,3160000,,,03,폐업,식품자동판매기영업,,,,
,자가,청도철물(자판기),식품자동판매기영업,2005-04-28,185022.945716122,443671.88176674,2026-05-03 22:33:15,I,02,폐업,0,0,0,0,,,0,0,,2003-05-26 00:00:00,2003-05-26,,152-883,서울특별시 구로구 궁동 211-6,N,,3160000-112-2003-00206,0,3160000,,,03,폐업,식품자동판매기영업,02-2618-2468,,,
,자가,성오빌딩,식품자동판매기영업,2009-10-22,186330.505810822,443857.14642517,2026-05-03 22:33:52,I,02,폐업,0,0,0,0,,,,0,,2009-03-27 14:00:59,2007-10-02,.00,152-892,서울특별시 구로구 오류동 33-73,N,,3160000-112-2007-00039,,3160000,,,03,폐업,식품자동판매기영업,,,,상수도전용
기타,,금강슈퍼(자판기),식품자동판매기영업,2009-08-31,188189.124417305,444184.967444392,2026-05-03 22:32:53,I,02,폐업,0,,,,0,기타,,,,2001-09-26 00:00:00,1999-04-24,,152-826,서울특별시 구로구 고척동 63-2,N,0,3160000-112-1999-00489,,3160000,,,03,폐업,식품자동판매기영업,02-2612-0412,,,
,,비둘기슈퍼(자판기),식품자동판매기영업,2017-04-13,190485.828670605,443515.096047806,2026-05-03 22:33:56,I,02,폐업,0,,,,,,,,,2017-04-13 10:41:39,2009-06-04,,152-845,서울특별시 구로구 구로동 122-7 지상1층,N,,3160000-112-2009-00011,,3160000,"서울특별시 구로구 구로중앙로8길 41-24 (구로동,지상1층)",08304,03,폐업,식품자동판매기영업,,,,
,,들꽃향기외 2개소,식품자동판매기영업,2018-02-09,187303.626342485,443880.298057642,2026-05-03 22:33:45,I,02,폐업,0,0,0,0,,,,0,,2018-02-09 11:31:30,2006-05-18,,152-806,서울특별시 구로구 개봉동 161-4,N,,3160000-112-2006-00012,,3160000,서울특별시 구로구 경인로 334 (개봉동),08277,03,폐업,식품자동판매기영업,,,,
기타,,코레일유통주식회사,식품자동판매기영업,2009-05-11,187525.339802832,443643.833213749,2026-05-03 22:32:34,I,02,폐업,0,,,,0,지도,,,,2007-07-06 00:00:00,1984-07-10,,152-819,서울특별시 구로구 개봉동 415-0 개봉역하행홈,N,0,3160000-112-1984-01149,,3160000,,,03,폐업,식품자동판매기영업,02-2636-1723,,,
기타,,서울은행고척동지점(자판기),식품자동판매기영업,2004-10-20,187619.596959162,444186.923109714,2026-05-03 22:32:52,I,02,폐업,0,,,,0,자율,,,,2001-09-26 00:00:00,1999-04-10,,152-828,서울특별시 구로구 고척동 103-4,N,0,3160000-112-1999-00468,,3160000,,,03,폐업,식품자동판매기영업,02-2617-8034,,,
,자가,금란사(자판기),식품자동판매기영업,2003-09-01,185792.351325561,443122.251640943,2026-05-03 22:33:09,I,02,폐업,0,0,0,0,,,0,0,,2003-03-17 00:00:00,2003-03-17,,152-897,서울특별시 구로구 오류동 166-5,N,,3160000-112-2003-00072,0,3160000,,,03,폐업,식품자동판매기영업,02-2612-4868,,,
기타,,또와분식(자판기),식품자동판매기영업,2009-02-12,185733.154965813,442987.808832976,2026-05-03 22:32:58,I,02,폐업,0,,,,1,자율,,,,2008-03-13 14:37:22,1999-07-21,,152-897,서울특별시 구로구 오류동 172-67,N,0,3160000-112-1999-00876,,3160000,,,03,폐업,식품자동판매기영업,02-685-2204,,,
기타,,금성벤딩(주),식품자동판매기영업,1998-07-08,,,2026-05-03 22:32:34,I,02,폐업,0,,,,0,지도,,,,2001-09-26 00:00:00,1984-07-14,,152-845,서울특별시 구로구 구로동 124-0,N,0,3160000-112-1984-00032,,3160000,,,03,폐업,식품자동판매기영업,,,,
기타,,애경백화점,식품자동판매기영업,1998-12-30,189570.360930049,444336.051330144,2026-05-03 22:32:49,I,02,폐업,0,,,,0,기타,,,,2001-09-26 00:00:00,1994-06-11,,152-862,서울특별시 구로구 구로동 573-0,N,0,3160000-112-1994-00339,,3160000,,,03,폐업,식품자동판매기영업,02-0000-0000,,,
기타,,오류1동새마을금고(자판기),식품자동판매기영업,2013-01-08,185961.684513757,443900.792901247,2026-05-03 22:32:47,I,02,폐업,0,,,,0,기타,,,,2013-05-06 16:38:53,1993-04-23,,152-890,서울특별시 구로구 오류동 13-15,N,0,3160000-112-1993-00283,,3160000,,,03,폐업,식품자동판매기영업,,,,
기타,,종근당마을금고휴게실,식품자동판매기영업,1998-12-30,,,2026-05-03 22:32:34,I,02,폐업,0,,,,0,지도,,,,2001-09-26 00:00:00,1983-03-21,,152-887,서울특별시 구로구 신도림동 410-0,N,0,3160000-112-1983-01113,,3160000,,,03,폐업,식품자동판매기영업,,,,
기타,,영번지노래연습실(자판기),식품자동판매기영업,2008-11-18,,,2026-05-03 22:32:43,I,02,폐업,0,,,,0,기타,,,,2002-07-29 00:00:00,1992-05-30,,152-889,서울특별시 구로구 오류동 10-8,N,0,3160000-112-1992-00204,,3160000,,,03,폐업,식품자동판매기영업,,,,
주택가주변,,동진문구(자판기),식품자동판매기영업,2011-11-11,184430.281374245,443154.034932255,2026-05-03 22:32:53,I,02,폐업,0,,,,0,자율,,,,2004-11-04 00:00:00,1999-04-12,,152-906,서울특별시 구로구 온수동 45-5 동진상가 102호,N,1,3160000-112-1999-00469,,3160000,,,03,폐업,식품자동판매기영업,02-874-7072,,,
기타,,공장식당(자판기),식품자동판매기영업,2004-10-19,189408.198222374,445679.829839399,2026-05-03 22:32:56,I,02,폐업,0,,,,1,자율,,,,2000-08-26 00:00:00,1999-06-28,,152-886,서울특별시 구로구 신도림동 276-35,N,0,3160000-112-1999-00735,,3160000,,,03,폐업,식품자동판매기영업,02-2635-4397,,,
유흥업소밀집지역,,성도섬유(내),식품자동판매기영업,1999-03-10,,,2026-05-03 22:32:33,I,02,폐업,0,,,,1,자율,,,,2001-09-26 00:00:00,1983-03-22,,152-848,서울특별시 구로구 구로동 224-14,N,0,3160000-112-1983-00016,,3160000,,,03,폐업,식품자동판매기영업,,,,
,자가,자판기,식품자동판매기영업,2004-12-02,,,2026-05-03 22:33:17,I,02,폐업,0,0,0,0,,,0,0,,2003-06-18 00:00:00,2003-06-18,,152-822,서울특별시 구로구 고척동 10-8,N,,3160000-112-2003-00258,0,3160000,,,03,폐업,식품자동판매기영업,02-2060-6255,,,
,자가,대경휘트니스클럽(자판기),식품자동판매기영업,2004-03-24,190197.627242129,444245.56335468,2026-05-03 22:33:12,I,02,폐업,0,0,0,0,,,0,0,,2003-05-19 00:00:00,2003-05-19,,152-843,서울특별시 구로구 구로동 108 현대파크빌 1층,N,,3160000-112-2003-00139,0,3160000,,,03,폐업,식품자동판매기영업,02-3281-8001,,,
,자가,서울특별시교육청구로도서관,식품자동판매기영업,,190354.758783929,444038.299358594,2026-05-03 22:34:41,I,01,영업,0,0,0,0,,,,0,,2025-11-11 14:55:03,2024-01-02,3.30,152-842,서울특별시 구로구 구로동 106-1 시립구로도서관,N,,3160000-112-2024-00001,,3160000,"서울특별시 구로구 공원로 15, 시립구로도서관 4층 (구로동)",08298,01,영업/정상,식품자동판매기영업,,,,
