사업장명,폐업일자,좌표X,좌표Y,데이터갱신시점,데이터갱신구분,상세영업상태코드,상세영업상태명,최종수정시점,인허가취소일자,인허가일자,소재지우편번호,지번주소,관리번호,개방자치단체코드,도로명주소,도로명우편번호,영업상태구분코드,영업상태명,휴업시작일자,휴업종료일자,소재지전화번호,총규모
(주)메디웨이브,,197034.02843741,450305.644873169,2026-04-28 22:32:40,I,13,영업중,2020-10-28 17:58:10,,2014-11-27,,서울특별시 중구 만리동*가 **-* 서울역 디오빌,PHMG120203010033047000102,3010000,"서울특별시 중구 만리재로 ***, 서울역 디오빌 ***호 (만리동*가)",04501,01,영업/정상,,,02-719-3277,
신세계(뉴월드),2021-05-31,201250.876993355,451908.773811626,2026-04-28 22:32:42,I,03,폐업,2021-05-31 11:29:16,,2021-05-24,,서울특별시 중구 신당동 ***-** 청평화시장,PHMG120213010033047000108,3010000,"서울특별시 중구 청계천로 ***, 청평화시장 *층 가열**호 (신당동)",04568,03,폐업,,,,
신명치과상사,2021-06-15,197486.418122228,450683.054495595,2026-04-28 22:31:56,I,03,폐업,2021-06-15 13:15:16,,1994-12-29,,서울특별시 중구 봉래동*가 ***번지 *호 신성빌딩 ***호,PHMG119943010033047000008,3010000,"서울특별시 중구 세종대로*길 **, ***호 (봉래동*가, 신성빌딩)",04512,03,폐업,,,02-756-6366,
다이소 롯데던던동대문점,,200548.038848161,451497.626572161,2026-04-28 22:32:46,I,13,영업중,2025-11-04 13:53:23,,2025-09-25,,서울특별시 중구 을지로*가 **-** 동대문패션TV,PHMG120253010033047000058,3010000,"서울특별시 중구 을지로 ***, 동대문패션TV *층 (을지로*가)",04561,01,영업/정상,,,02-405-8402,
에이치케이이노엔(주),,198921.241301241,451495.985361171,2026-04-28 22:32:26,I,15,전출,2025-02-19 11:00:54,,2014-04-11,,서울특별시 중구 을지로*가 ***,PHMG120143010033047000030,3010000,"서울특별시 중구 을지로 ***, A동 *층, *층, *층 (을지로*가)",04551,05,제외/삭제/전출,,,02-6740-0212,
삼성산업안전(주),,199090.091049701,451723.585099121,2026-04-28 22:32:44,I,13,영업중,2026-03-24 17:08:01,,2022-03-21,,서울특별시 중구 수표동 **-*,PHMG120223010033047000119,3010000,"서울특별시 중구 수표로 **-**, 청계파크뷰 *층 ***호, ***호, 지하*층 엘***호, 엘***호 (수표동)",04543,01,영업/정상,,,02-2269-2057,
(주)유정메디텍,,198954.01507886,450695.981256944,2026-04-28 22:32:35,I,13,영업중,2025-01-21 14:52:07,,2015-05-12,,서울특별시 중구 예장동 *-**,PHMG120163010033047000090,3010000,"서울특별시 중구 소파로*길 **, B*층,*층 (예장동)",04628,01,영업/정상,,,070-4888-2931,
아이샘옵틱,2009-02-23,,,2026-04-28 22:31:57,I,03,폐업,2009-02-23 17:10:31,,2002-09-30,,서울특별시 중구 남대문로*가 **-*  신남문빌딩 ***호,PHMG120023010033047000019,3010000,,,03,폐업,,,,
티에스(T.S)종합상사,2019-06-19,201707.287024917,451991.721108783,2026-04-28 22:32:35,I,03,폐업,2019-06-20 10:04:50,,2016-06-16,,서울특별시 중구 황학동 ****번지,PHMG120163010033047000052,3010000,"서울특별시 중구 난계로**길 **-*, ***호 (황학동)",04573,03,폐업,,,,
주식회사 제이시한인터내셔날,2019-12-30,200832.515831571,450858.043353944,2026-04-28 22:32:12,I,24,직권폐업,2019-12-31 11:07:26,,2010-06-11,100-833,서울특별시 중구 신당*동 ***번지 *호 세아빌딩 *층,PHMG120103010033047000058,3010000,"서울특별시 중구 청구로**길 ** (신당동,세아빌딩 *층)",,04,취소/말소/만료/정지/중지,,,02-2231-6595,
동양화인덴탈,2013-04-26,,,2026-04-28 22:31:59,I,03,폐업,2013-04-26 17:04:57,,2005-08-05,,"서울특별시 중구 남대문로*가 **-*, *층",PHMG120053010033047000050,3010000,,,03,폐업,,,,
지에스25 세운유니버스점,,199367.549270744,451152.070282241,2026-04-28 22:32:46,I,13,영업중,2024-08-20 09:31:16,,2024-08-19,,서울특별시 중구 충무로*가 ***,PHMG120243010033047000057,3010000,"서울특별시 중구 충무로*길 *, ***,***,***호 (충무로*가)",04556,01,영업/정상,,,,
진무역상사,2013-06-25,197462.198757043,450878.211786274,2026-04-28 22:32:13,I,03,폐업,2013-06-25 16:23:46,,2010-07-19,100-130,서울특별시 중구 순화동 ***번지 포스코더샵 A동 ***-*B,PHMG120103010033047000071,3010000,"서울특별시 중구 칠패로 ** (순화동,포스코더샵 A동 ***-*B)",,03,폐업,,,,
덴탈써플라이,2020-12-21,197476.733641931,450632.159070388,2026-04-28 22:32:21,I,03,폐업,2020-12-21 16:09:53,,2011-10-10,100-161,서울특별시 중구 봉래동*가 ***번지 *호 일신빌딩 ***호,PHMG120113010033047000078,3010000,"서울특별시 중구 통일로 **, ***호 (봉래동*가, 일신빌딩)",04512,03,폐업,,,,
위너스덴탈,,197462.198757043,450878.211786274,2026-04-28 22:32:34,I,13,영업중,2025-04-14 14:57:38,,2016-05-19,,서울특별시 중구 순화동 *** 순화동더샵,PHMG120163010033047000045,3010000,"서울특별시 중구 칠패로 **, 순화동더샵 제지*층 제비***호 (순화동)",04511,01,영업/정상,,,070-7723-2875,
스마트피앤디,,199382.503213245,451508.557819931,2026-04-28 22:32:44,I,13,영업중,2022-05-30 11:03:39,,2022-05-26,,서울특별시 중구 초동 *-*,PHMG120223010033047000160,3010000,"서울특별시 중구 을지로**길 *, ***호 (초동)",04549,01,영업/정상,,,02-2285-6777,
비전옵틱스,,197640.111186017,450771.482006185,2026-04-28 22:32:34,I,15,전출,2018-04-17 13:20:28,,2016-02-18,,서울특별시 중구 남대문로*가 *번지 *호,PHMG120163010033047000017,3010000,"서울특별시 중구 세종대로 **, *층 (남대문로*가)",04527,05,제외/삭제/전출,,,,
레드클럽 명동점,2012-05-29,198508.518885083,451024.974060896,2026-04-28 22:32:05,I,03,폐업,2012-05-29 19:00:02,,2008-04-08,100-011,서울특별시 중구 충무로*가 **번지 *호 *층,PHMG120083010033047000025,3010000,"서울특별시 중구 명동*나길 ** (충무로*가,*층)",,03,폐업,,,,
지영이네,,197982.996630014,450791.073856769,2026-04-28 22:31:58,I,13,영업중,2009-02-09 10:53:48,,2004-07-14,100-804,서울특별시 중구 남창동 **번지 *호 대도상가 E동 지하가-*호,PHMG120043010033047000013,3010000,"서울특별시 중구 남대문시장*길 **, E동 지하가-*호 (남창동, 대도상가)",04529,01,영업/정상,,,,
라이프 서포트 스테이션(LSS),2014-07-04,,,2026-04-28 22:32:21,I,03,폐업,2014-07-07 10:03:33,,2011-06-24,100-031,서울특별시 중구 저동*가 **번지 *호 대길빌딩***호,PHMG120113010033047000050,3010000,"서울특별시 중구 명동길 **, ***호 (저동*가, 대길빌딩)",,03,폐업,,,,
씨제이올리브영(주) 명동점,,198561.881070383,451199.847888854,2026-04-28 22:32:45,I,13,영업중,2023-08-04 09:19:27,,2023-08-03,,서울특별시 중구 명동*가 **-*,PHMG120233010033047000066,3010000,"서울특별시 중구 명동*길 **, *,*,*층 (명동*가)",04536,01,영업/정상,,,,
쉔픽스,2009-04-28,200949.287076337,450236.833538246,2026-04-28 22:32:06,I,03,폐업,2009-04-29 09:04:45,,2008-10-24,100-830,서울특별시 중구 신당동 ***번지 *호 지층,PHMG120083010033047000085,3010000,"서울특별시 중구 동호로**길 * (신당동,지층)",,03,폐업,,,22379253,
(주)신한존,2015-09-03,198811.850090714,451045.678036476,2026-04-28 22:32:30,I,24,직권폐업,2015-09-03 14:33:44,,2015-01-28,100-861,서울특별시 중구 충무로*가 **번지 *호 뉴서울빌딩 *층,PHMG120153010033047000014,3010000,"서울특별시 중구 퇴계로 ***-*, *층 (충무로*가, 뉴서울빌딩)",04537,04,취소/말소/만료/정지/중지,,,02-779-0092,
벨덴탈,2016-11-25,197190.303714667,450612.910470095,2026-04-28 22:32:35,I,03,폐업,2016-11-25 11:00:08,,2016-11-14,,서울특별시 중구 중림동 ***번지 **호 *층,PHMG120163010033047000091,3010000,"서울특별시 중구 청파로 ***-*, *층 (중림동)",04507,03,폐업,,,,
진 메디칼,,366007.40829433,476321.593161419,2026-04-28 03:03:03,U,15,전출,2026-04-27 13:43:46,,2021-12-15,,강원특별자치도 강릉시 교동 ****-*,PHMG120214200028047000080,4201000,"강원특별자치도 강릉시 경포로 ***, ***호 (교동)",25493,05,제외/삭제/전출,,,,17.41
에이치디아이,2014-08-20,197524.718268277,450626.548447615,2026-04-28 22:32:20,I,03,폐업,2014-08-21 10:40:34,,2011-04-14,100-095,서울특별시 중구 남대문로*가 **번지 **호,PHMG120113010033047000023,3010000,서울특별시 중구 세종대로 * (남대문로*가),,03,폐업,,,,
(주)거한인터브릿지,2011-12-30,196948.933328771,450906.177832843,2026-04-28 22:32:10,I,03,폐업,2012-01-19 17:55:27,,2009-07-30,100-953,서울특별시 중구 중림동 ***번지 디오센터 ***호,PHMG120093010033047000052,3010000,"서울특별시 중구 서소문로 ** (중림동,디오센터 ***호)",,03,폐업,,,21280323,
주식회사 스카이메드코리아 서울지점,2021-08-24,200015.499568016,451485.349952584,2026-04-28 22:32:40,I,03,폐업,2021-08-24 17:58:16,,2020-09-17,,서울특별시 중구 오장동 ***-* 센트마상가,PHMG120203010033047000088,3010000,"서울특별시 중구 동호로**길 **, 센트마상가 **** 에이-***호 (오장동)",04547,03,폐업,,,02-2244-2250,
기백덴탈,,197904.508749923,450628.096873687,2026-04-28 22:32:24,I,13,영업중,2015-06-22 11:58:21,,2013-04-03,100-805,서울특별시 중구 남창동 **번지 *호 ***호,PHMG120133010033047000022,3010000,"서울특별시 중구 퇴계로 **-*, ***호 (남창동)",04528,01,영업/정상,,,02-318-2875,
주식회사 유라이크,2022-07-12,198522.809681069,451211.074477926,2026-04-28 22:32:39,I,03,폐업,2022-07-12 14:25:27,,2019-11-13,,서울특별시 중구 명동*가 **-**,PHMG120193010033047000091,3010000,"서울특별시 중구 명동*길 *, *층,*층,*층,*층 (명동*가)",04536,03,폐업,,,02-3789-9500,
(주)디지털타임스,,197164.226466038,451647.674131454,2026-04-28 22:32:00,I,13,영업중,2019-08-26 16:52:58,,2005-12-21,100-723,서울특별시 중구 충정로*가 **번지,PHMG120053010033047000071,3010000,서울특별시 중구 새문안로 ** (충정로*가),04516,01,영업/정상,,,02-3701-5578,
굿·스피덴트,2013-05-16,197462.198757043,450878.211786274,2026-04-28 22:32:17,I,03,폐업,2013-05-16 18:46:53,,2010-11-24,100-130,서울특별시 중구 순화동 ***번지 포스코더샵 B동 ***호,PHMG120103010033047000115,3010000,"서울특별시 중구 칠패로 **, B동 ***호 (순화동,포스코더샵)",,03,폐업,,,,
(주)플라잉티엠,2013-09-03,197901.591381115,450558.528407008,2026-04-28 22:32:24,I,03,폐업,2013-09-03 17:11:03,,2013-03-05,100-806,서울특별시 중구 남창동 ***번지 *호 삼선빌딩  ***호,PHMG120133010033047000018,3010000,"서울특별시 중구 퇴계로 ** (남창동, 삼선빌딩 ***호)",,03,폐업,,,,
(주)한미지엠씨,,197876.042588141,451080.109295385,2026-04-28 22:32:35,I,13,영업중,2016-08-02 16:52:06,,2016-08-02,,서울특별시 중구 태평로*가 **번지 *호,PHMG120163010033047000063,3010000,"서울특별시 중구 세종대로 **, *층 ***-에이호 (태평로*가, 해남빌딩)",04526,01,영업/정상,,,02-752-2046,
씨제이올리브영(주) 충무로역점,,199617.171294547,451027.959117263,2026-04-28 22:32:01,I,13,영업중,2023-02-17 09:35:34,,2006-05-16,,서울특별시 중구 필동*가 **-*,PHMG120063010033047000022,3010000,"서울특별시 중구 퇴계로 ***, *층 (필동*가)",04624,01,영업/정상,,,02-2265-5272,
부츠(Boots) 명동점,2018-11-06,198582.339705178,451302.602871612,2026-04-28 22:32:36,I,03,폐업,2018-11-06 14:29:50,,2017-07-27,,서울특별시 중구 명동*가 **번지 *호 *층,PHMG120173010033047000059,3010000,"서울특별시 중구 명동길 **, *층 (명동*가, 신한은행)",04534,03,폐업,,,02-779-7046,440.66
삼공플러스(주),,201020.297782821,450225.423417253,2026-04-28 22:32:34,I,13,영업중,2016-05-12 17:13:36,,2016-05-12,,,PHMG120163010033047000042,3010000,"서울특별시 중구 동호로**길 *-**, ***호 (신당동, 성원빌딩)",04594,01,영업/정상,,,070-5096-6012,
서원라이프,2011-11-30,200774.527564378,450138.913387478,2026-04-28 22:32:20,I,03,폐업,2013-04-06 15:42:47,,2011-04-26,100-827,서울특별시 중구 신당*동 ***번지 **호  *층,PHMG120113010033047000030,3010000,"서울특별시 중구 다산로 *** (신당동,*층)",,03,폐업,,,22311301,
(주)시니어허브(타임브리지 을지로점),2018-01-16,198487.152227446,451529.256218314,2026-04-28 22:32:30,I,03,폐업,2018-01-16 09:18:10,,2015-01-26,100-844,서울특별시 중구 을지로*가 *번지 *호 을지스타몰 을특**호,PHMG120153010033047000011,3010000,"서울특별시 중구 을지로 지하 **, 을특**호 (을지로*가, 을지스타몰)",04542,03,폐업,,,02-2269-7101,
아뜰리에 7,2022-08-17,198638.258243632,451096.474823479,2026-04-28 22:32:25,I,03,폐업,2022-08-17 19:18:14,,2013-12-17,100-809,서울특별시 중구 명동*가 **번지 *호 *층,PHMG120133010033047000075,3010000,"서울특별시 중구 명동*길 **-*, *층 (명동*가)",04536,03,폐업,,,02-775-2005,
(주)싸이버스카이,2018-06-25,198274.236324259,451198.510083723,2026-04-28 22:32:27,I,03,폐업,2018-06-25 11:19:25,,2014-05-21,100-070,서울특별시 중구 소공동 **번지 *호 한진빌딩본관 ***호,PHMG120143010033047000036,3010000,"서울특별시 중구 남대문로 **, ***호 (소공동, 한진빌딩본관)",04532,03,폐업,,,02-756-5760,
강서샤인덴탈,,197175.200250032,450823.319779918,2026-04-28 22:32:11,I,13,영업중,2017-09-08 09:03:30,,2009-11-16,,서울특별시 중구 중림동 **번지 *호 *층,PHMG120093010033047000084,3010000,"서울특별시 중구 청파로 ***, *층 (중림동, 신흥빌딩)",04510,01,영업/정상,,,02-523-0302,
(주)디에스,,201833.693283735,451444.461211304,2026-04-28 22:32:45,I,13,영업중,2025-10-29 13:12:42,,2022-09-29,,서울특별시 중구 신당동 ***-* 신영빌딩,PHMG120223010033047000228,3010000,"서울특별시 중구 퇴계로 ***, 신영빌딩 *층 *호 *번 (신당동)",04578,01,영업/정상,,,070-8955-4989,
와이엘엔컴퍼니 주식회사,2022-08-09,200666.824667204,451718.542787454,2026-04-28 22:32:39,I,03,폐업,2022-08-09 18:30:33,,2020-07-01,,서울특별시 중구 을지로*가 **-**,PHMG120203010033047000065,3010000,"서울특별시 중구 장충단로**길 *, *층 (을지로*가)",04564,03,폐업,,,,
라비코리아,2024-06-07,200966.92407088,450396.440048565,2026-04-28 22:32:38,I,03,폐업,2024-06-07 13:22:41,,2018-12-27,,서울특별시 중구 신당동 ***-**,PHMG120183010033047000087,3010000,"서울특별시 중구 다산로**길 *, ***호 (신당동)",04590,03,폐업,,,,
아리슈서울뷰티아카데미,2019-12-30,198534.145906809,451403.474635446,2026-04-28 22:32:31,I,24,직권폐업,2019-12-31 15:58:06,,2015-07-22,100-845,서울특별시 중구 을지로*가 ***번지 *호 진주빌딩 *층,PHMG120153010033047000100,3010000,"서울특별시 중구 명동*길 **, *층 (을지로*가, 진주빌딩)",04534,04,취소/말소/만료/정지/중지,,,02-9564-7114,
자이언츠-HKJ,2011-06-09,201833.693283735,451444.461211304,2026-04-28 22:32:20,I,03,폐업,2011-06-09 14:09:25,,2011-03-11,100-819,서울특별시 중구 신당*동 ***번지 *호 지층,PHMG120113010033047000017,3010000,"서울특별시 중구 퇴계로 *** (신당동,지층)",,03,폐업,,,22339195,
제이엠티(주)지점,,201153.270333178,450614.328368754,2026-04-28 22:32:31,I,15,전출,2016-12-12 11:03:56,,2015-07-14,100-826,서울특별시 중구 신당동 ***번지 **호 청구빌딩 ***호,PHMG120153010033047000094,3010000,"서울특별시 중구 다산로**길 **, ***호 (신당동, 청구빌딩)",04589,05,제외/삭제/전출,,,,
(주)오투옥서스,2017-06-09,200612.848675101,451299.379284015,2026-04-28 22:32:21,I,03,폐업,2017-06-12 08:42:09,,2011-10-05,,서울특별시 중구 광희동*가 ***번지 **층,PHMG120113010033047000076,3010000,"서울특별시 중구 퇴계로 ***, **층 (광희동*가, 성우빌딩)",04614,03,폐업,,,22850552,
(주)코리아세븐 롯데시티호텔명동점,2019-10-15,198876.925292257,451628.15318809,2026-04-28 22:32:34,I,03,폐업,2019-10-17 18:18:24,,2016-01-14,,서울특별시 중구 장교동 **번지 *호,PHMG120163010033047000007,3010000,"서울특별시 중구 삼일대로 ***, *층 (장교동)",04542,03,폐업,,,,
신성치과기재㈜,,197175.200250032,450823.319779918,2026-04-28 22:31:56,I,13,영업중,2024-04-26 16:53:30,,1985-01-12,,서울특별시 중구 중림동 **-* 신흥빌딩,PHMG119853010033047000001,3010000,"서울특별시 중구 청파로 ***, 신흥빌딩 *층 (중림동)",04510,01,영업/정상,,,,
세신티에스,2018-01-26,197462.198757043,450878.211786274,2026-04-28 22:32:06,I,03,폐업,2018-01-26 14:27:31,,2008-10-22,100-130,서울특별시 중구 순화동 ***번지 포스코더샵  A동 ***-*호,PHMG120083010033047000078,3010000,"서울특별시 중구 칠패로 **, A동 ***-*호 (순화동, 포스코더샵 )",04511,03,폐업,,,,
선덴탈,,197462.198757043,450878.211786274,2026-04-28 22:32:44,I,13,영업중,2022-06-30 10:22:26,,2022-06-28,,서울특별시 중구 순화동 ***,PHMG120223010033047000172,3010000,"서울특별시 중구 칠패로 **, B동 ***호 (순화동)",04511,01,영업/정상,,,032-672-0355,
제일의료기,2015-03-26,200672.754373386,450923.050241489,2026-04-28 22:32:27,I,03,폐업,2015-03-26 19:19:44,,2014-07-28,100-391,서울특별시 중구 장충동*가 **번지 *호 태영이너스  B***호,PHMG120143010033047000049,3010000,"서울특별시 중구 장충단로*길 **, 지하*층 B***호 (장충동*가, 태영이너스)",,03,폐업,,,02-2278-2560,
GS25중구디오빌점,2019-06-17,197034.02843741,450305.644873169,2026-04-28 22:32:31,I,03,폐업,2019-06-17 17:48:43,,2015-05-04,100-371,서울특별시 중구 만리동*가 **번지 *호 서울역디오빌 *층,PHMG120153010033047000055,3010000,"서울특별시 중구 만리재로 ***, *층 (만리동*가, 서울역디오빌)",04501,03,폐업,,,,
(주)사라센인터내셔널 본점,2023-09-27,197846.447882692,450872.588923725,2026-04-28 22:32:28,I,03,폐업,2023-09-27 16:07:59,,2014-09-23,,서울특별시 중구 남대문로*가 **번지 **호 *층,PHMG120143010033047000059,3010000,"서울특별시 중구 남대문시장길 *, *층 (남대문로*가)",04528,03,폐업,,,1588-1393,
캔들바보,2018-06-25,200002.952736046,451823.532462914,2026-04-28 22:32:34,I,03,폐업,2018-06-25 17:36:34,,2016-01-29,,,PHMG120163010033047000011,3010000,"서울특별시 중구 동호로**길 **, A동 *층 ***호 (방산동, 방산종합시장)",04546,03,폐업,,,,
필립광학,2015-06-22,197692.601616889,450709.793991215,2026-04-28 22:32:02,I,03,폐업,2015-06-22 10:01:51,,2007-01-31,100-800,서울특별시 중구 남대문로*가 **번지 *호  남문빌딩 ***호,PHMG120073010033047000004,3010000,"서울특별시 중구 세종대로*나길 ** (남대문로*가, 남문빌딩 ***호)",,03,폐업,,,,
(주)코리아세븐 무교YG타워점,2019-10-15,198193.534402364,451650.955791238,2026-04-28 22:32:28,I,03,폐업,2019-10-17 18:19:06,,2014-10-31,100-180,서울특별시 중구 다동 ***번지 ***호,PHMG120143010033047000090,3010000,"서울특별시 중구 남대문로*길 **, *층 ***호 (다동)",04522,03,폐업,,,,
늘푸른광학,2015-07-16,197793.233147578,450624.997494523,2026-04-28 22:31:59,I,03,폐업,2015-07-16 15:45:16,,2005-06-22,100-802,서울특별시 중구 남대문로*가 ***번지 *층,PHMG120053010033047000032,3010000,"서울특별시 중구 소월로 **-*, *층 (남대문로*가)",,03,폐업,,,,
다판다,2022-01-20,200348.432662948,451494.626091411,2026-04-28 22:32:40,I,03,폐업,2022-01-20 18:18:59,,2020-09-17,,서울특별시 중구 을지로*가 **,PHMG120203010033047000089,3010000,"서울특별시 중구 을지로**길 **-*, ****호 (을지로*가)",04561,03,폐업,,,,
가야기술,2023-07-04,197566.862311117,451100.772883934,2026-04-28 22:32:38,I,03,폐업,2023-07-04 10:22:17,,2019-02-26,,서울특별시 중구 서소문동 ***번지 **호 동화주차빌딩 **층 ****호,PHMG120193010033047000013,3010000,"서울특별시 중구 세종대로*길 **, 동화주차빌딩 **층 ****호 (서소문동)",04513,03,폐업,,,02-383-1965,
(주)해피세븐,2012-03-30,201515.053567979,451247.04328381,2026-04-28 22:32:15,I,03,폐업,2012-03-30 15:07:12,,2010-09-24,100-831,서울특별시 중구 신당*동 **번지 ***호 *층,PHMG120103010033047000095,3010000,"서울특별시 중구 다산로**길 ** (신당동,*층)",,03,폐업,,,,
그레꼬쏘,2017-10-10,197633.853821626,450220.266556941,2026-04-28 22:32:35,I,03,폐업,2017-10-10 15:26:56,,2016-10-26,,서울특별시 중구 남대문로*가 ***번지 **층,PHMG120163010033047000086,3010000,"서울특별시 중구 후암로 ***, **층 (남대문로*가, 서울시티타워빌딩)",04637,03,폐업,,,070-4063-5216,
체다카,2015-06-08,200912.763957462,450078.855010335,2026-04-28 22:32:29,I,03,폐업,2015-06-08 15:03:22,,2014-12-02,100-840,서울특별시 중구 신당동 ***번지 **호 임마누엘빌딩 ***호,PHMG120143010033047000162,3010000,"서울특별시 중구 동호로*길 **, ***호 (신당동, 임마누엘빌딩)",,03,폐업,,,02-937-6765,
바디라인 스포츠,2009-07-08,,,2026-04-28 22:32:00,I,03,폐업,2009-07-08 17:51:26,,2005-10-17,,서울특별시 중구 을지로*가 *번지(우량),PHMG120053010033047000064,3010000,,,03,폐업,,,,
조타닷컴,2025-12-22,200613.510297669,451817.515366883,2026-04-28 22:32:45,I,24,직권폐업,2025-12-22 14:53:38,,2022-12-05,,서울특별시 중구 을지로*가 **-*,PHMG120223010033047000252,3010000,"서울특별시 중구 장충단로**길 **, **층 E-*/*호 (을지로*가)",04563,04,취소/말소/만료/정지/중지,,,02-937-4556,
(주)코리아세븐 무교YG타워점,2022-12-06,198193.534402364,451650.955791238,2026-04-28 22:32:42,I,03,폐업,2022-12-06 18:48:17,,2021-05-14,,서울특별시 중구 다동 *** 센터플레이스(Center Place),PHMG120213010033047000099,3010000,"서울특별시 중구 남대문로*길 **, 센터플레이스(Center Place) ***호 (다동)",04522,03,폐업,,,,
웰릭스렌탈(주),,197620.648923884,450919.874344114,2026-04-28 22:32:45,I,15,전출,2023-10-06 10:38:47,,2017-07-12,,서울특별시 중구 남대문로*가 **,PHMG120223010033047000231,3010000,"서울특별시 중구 세종대로 **, *층 (남대문로*가)",04513,05,제외/삭제/전출,,,02-6119-7661,
(주)코리아세븐충정로2호점,2019-10-15,196864.942838297,450649.69804319,2026-04-28 22:32:28,I,03,폐업,2019-10-17 18:12:28,,2014-10-31,100-727,서울특별시 중구 중림동 ***번지 삼성사이버아파트 제*상가동 ***호,PHMG120143010033047000085,3010000,"서울특별시 중구 중림로 **, ***호 (중림동, 삼성사이버아파트 제*상가동)",04502,03,폐업,,,,
엔에스 트레이딩,,201344.960396511,450987.248651126,2026-04-28 22:32:44,I,13,영업중,2022-02-02 15:16:15,,2022-01-28,,서울특별시 중구 신당동 ***-***,PHMG120223010033047000015,3010000,"서울특별시 중구 다산로**길 **-*, *층 (신당동)",04586,01,영업/정상,,,,
유피스판매(주),,196954.724406179,450307.274146843,2026-04-28 22:32:25,I,13,영업중,2024-05-17 15:01:05,,2013-04-04,,서울특별시 중구 만리동*가 **번지 *호,PHMG120133010033047000077,3010000,"서울특별시 중구 만리재로 ***, ***동 ****호 (만리동*가, KCC 파크타운)",04501,01,영업/정상,,,,
랩스토리,2024-06-18,201273.694367641,451207.31987784,2026-04-28 22:32:38,I,03,폐업,2024-06-18 14:36:51,,2019-04-01,,서울특별시 중구 신당동 ***번지 **호 신당빌딩 ***호,PHMG120193010033047000020,3010000,"서울특별시 중구 다산로 ***, 신당빌딩 ***호 (신당동)",04611,03,폐업,,,,
세종덴탈,,197496.278433783,450639.553123252,2026-04-28 22:31:57,I,15,전출,2023-07-04 10:08:29,,2002-06-10,,서울특별시 중구 봉래동*가 ***번지 *호 *층,PHMG120023010033047000012,3010000,"서울특별시 중구 통일로 **-*, *층 (봉래동*가)",04512,05,제외/삭제/전출,,,02-779-1863,
(주)에덴,,200728.901937116,450458.827645493,2026-04-28 22:32:11,I,13,영업중,2024-04-26 16:39:56,,2009-10-22,,서울특별시 중구 신당동 ***-* 태우,PHMG120093010033047000072,3010000,"서울특별시 중구 동호로 ***, 태우 *층 (신당동)",04598,01,영업/정상,,,02-2254-2845,
씨지코리아,,199129.633376163,451200.314163047,2026-04-28 22:32:35,I,15,전출,2022-02-14 10:35:51,,2017-01-18,,서울특별시 중구 충무로*가 **번지 *호 *층,PHMG120173010033047000009,3010000,"서울특별시 중구 수표로 **-**, *층 (충무로*가)",04555,05,제외/삭제/전출,,,02-713-5340,
영신메디칼,2014-05-26,201919.794665322,451656.473360378,2026-04-28 22:31:59,I,03,폐업,2014-05-26 15:00:34,,2005-03-14,100-870,서울특별시 중구 황학동 ***번지 ***호,PHMG120053010033047000017,3010000,"서울특별시 중구 난계로**길 **, ***호 (황학동)",,03,폐업,,,,
(주)남대문한알,,198005.229637654,450571.565067335,2026-04-28 22:32:11,I,13,영업중,2026-01-22 14:30:57,,2009-10-26,,서울특별시 중구 남창동 ***-*,PHMG120093010033047000075,3010000,"서울특별시 중구 퇴계로*길 **, *층 (남창동)",04635,01,영업/정상,,,02-777-8151,
황해통상주식회사,2026-04-27,186669.272527566,384258.773431593,2026-04-28 03:03:03,U,03,폐업,2026-04-27 17:05:58,,2021-11-17,,경기도 평택시 포승읍 만호리 *** 장미빌딩,PHMG120213910168047000126,3910000,"경기도 평택시 포승읍 평택항만길 **, 장미빌딩 ***호",17962,03,폐업,,,,33
(주)코리아메디케어,,200612.848675101,451299.379284015,2026-04-28 22:32:44,I,15,전출,2026-03-24 10:48:58,,2014-03-05,,서울특별시 중구 광희동*가 ***,PHMG120223010033047000094,3010000,"서울특별시 중구 퇴계로 ***, *층 (광희동*가)",04614,05,제외/삭제/전출,,,02-2052-8200,
한미물자,2024-06-17,201852.931048042,450855.26449377,2026-04-28 22:32:43,I,03,폐업,2024-06-17 14:38:42,,2021-12-16,,서울특별시 중구 신당동 ***,PHMG120213010033047000177,3010000,"서울특별시 중구 다산로**길 ***, 상가동 ***호 (신당동, 현대아파트)",04582,03,폐업,,,02-2231-0006,
지에스25 황학점,,201823.908977364,452076.818664092,2026-04-28 22:32:45,I,13,영업중,2023-01-02 18:11:16,,2023-01-02,,서울특별시 중구 황학동 ****,PHMG120233010033047000002,3010000,"서울특별시 중구 청계천로 ***, 메가몰동 *층 ****호 (황학동, 롯데캐슬베네치아)",04572,01,영업/정상,,,02-2048-6625,
슬리피,,197249.357745588,451208.560235989,2026-04-28 22:32:45,I,13,영업중,2026-03-30 16:24:06,,2024-02-05,,서울특별시 중구 순화동 *** 바비엥*,PHMG120243010033047000009,3010000,"서울특별시 중구 통일로 **, 바비엥* ****호 (순화동)",04517,01,영업/정상,,,,
주식회사 골드전자,2024-11-18,201239.445981698,451026.831756866,2026-04-28 22:32:40,I,03,폐업,2024-11-18 16:54:59,,2020-07-23,,서울특별시 중구 신당동 ***-**,PHMG120203010033047000074,3010000,서울특별시 중구 다산로 *** (신당동),04586,03,폐업,,,02-2237-7701,
두손몰,2016-07-20,200573.641273539,451621.036467544,2026-04-28 22:32:30,I,03,폐업,2016-07-29 16:59:03,,2015-01-16,100-729,"서울특별시 중구 을지로*가 **번지 **호 굿모닝시티쇼핑몰 *층 ***,***호",PHMG120153010033047000007,3010000,"서울특별시 중구 장충단로 ***, *층 ***,***호 (을지로*가, 굿모닝시티쇼핑몰)",04564,03,폐업,,,,
(주)비지에프리테일 중구장충제육관1호점,2015-10-07,200532.882476516,450653.684499881,2026-04-28 22:32:30,I,03,폐업,2015-10-07 14:32:38,,2015-01-13,100-856,서울특별시 중구 장충동*가 ***번지 ***호 장충체육관 *층,PHMG120153010033047000005,3010000,"서울특별시 중구 동호로 ***, *층 (장충동*가, 장충체육관)",04605,03,폐업,,,,
㈜디메텍,2009-07-17,,,2026-04-28 22:31:58,I,03,폐업,2009-07-17 14:19:41,,2003-07-24,,"서울특별시 중구 순화동***-*,서울빌딩***호",PHMG120033010033047000012,3010000,,,03,폐업,,,,
원앤원,2016-04-12,201058.847745813,450537.642315652,2026-04-28 22:32:32,I,03,폐업,2016-04-12 15:11:45,,2015-09-03,,서울특별시 중구 신당동 ***번지 **호,PHMG120153010033047000116,3010000,"서울특별시 중구 다산로**길 **, ***호 (신당동, 수창빌딩)",04590,03,폐업,,,,
성원상사,,199099.945304998,451714.675784241,2026-04-28 22:32:39,I,13,영업중,2019-08-19 17:08:32,,2019-08-16,,서울특별시 중구 수표동 **번지 **호 ***호,PHMG120193010033047000066,3010000,"서울특별시 중구 수표로 **-**, ***호 (수표동)",04543,01,영업/정상,,,,
주식회사 정우앤컴퍼니,2020-07-30,197821.219011153,451827.081005774,2026-04-28 22:32:24,I,03,폐업,2020-07-30 17:48:48,,2012-12-13,100-101,서울특별시 중구 태평로*가 **번지 *호 조선일보광화문빌딩 *층,PHMG120123010033047000088,3010000,"서울특별시 중구 세종대로**길 **, *층 (태평로*가, 조선일보광화문빌딩)",04519,03,폐업,,,02-733-8815,
샤인덴탈(목동),2014-06-30,197175.200250032,450823.319779918,2026-04-28 22:32:13,I,03,폐업,2014-06-30 20:07:40,,2010-08-25,100-858,서울특별시 중구 중림동 **번지 *호 *층,PHMG120103010033047000083,3010000,"서울특별시 중구 청파로 *** (중림동,*층)",,03,폐업,,,,
느낌기획원,2024-05-31,199259.229454827,451188.833533808,2026-04-28 22:32:38,I,03,폐업,2024-05-31 17:17:42,,2018-05-29,,서울특별시 중구 충무로*가 **-*,PHMG120183010033047000037,3010000,"서울특별시 중구 수표로*길 **-*, ***호 (충무로*가)",04555,03,폐업,,,,
(주)토탈패스,,198193.534402364,451650.955791238,2026-04-28 22:32:43,I,15,전출,2022-06-29 14:19:50,,2022-01-12,,서울특별시 중구 다동 ***,PHMG120223010033047000005,3010000,"서울특별시 중구 남대문로*길 **, ****-*호 (다동)",04522,05,제외/삭제/전출,,,070-8776-0117,
(주)지에스리테일 H&B 랄라블라 명동중앙점,2021-09-15,198669.762863605,451156.204415773,2026-04-28 22:32:36,I,03,폐업,2021-09-15 16:04:34,,2017-06-01,,서울특별시 중구 명동*가 **번지 *호,PHMG120173010033047000042,3010000,서울특별시 중구 명동**길 **-** (명동*가),04537,03,폐업,,,02-3789-5562,
동아광학,2015-07-30,197765.337741174,450612.883322724,2026-04-28 22:31:59,I,03,폐업,2015-07-30 16:38:52,,2005-04-26,100-802,서울특별시 중구 남대문로*가 ***번지,PHMG120053010033047000024,3010000,,,03,폐업,,,,
지에스25 신당타운점,,201661.920817938,451443.401091188,2026-04-28 22:32:44,I,13,영업중,2022-02-11 13:48:42,,2022-02-09,,서울특별시 중구 신당동 ***-**,PHMG120223010033047000050,3010000,"서울특별시 중구 퇴계로**길 *, *층 (신당동)",04577,01,영업/정상,,,02-2234-9968,
(주)비지에프리테일 중구장충체육관1호점,,200532.882476516,450653.684499881,2026-04-28 22:32:45,I,13,영업중,2023-12-08 08:15:37,,2022-10-07,,서울특별시 중구 장충동*가 ***-***,PHMG120223010033047000232,3010000,"서울특별시 중구 동호로 ***, *층 (장충동*가)",04605,01,영업/정상,,,02-2253-2237,
이마트24 명동센터점,2022-01-06,198622.012329011,451198.403473388,2026-04-28 22:32:42,I,03,폐업,2022-01-06 15:54:04,,2021-05-11,,서울특별시 중구 명동*가 **-**,PHMG120213010033047000095,3010000,"서울특별시 중구 명동**길 **-*, 지하*,*층 (명동*가)",04536,03,폐업,,,,
왓슨스코리아 동대문현대시티아울렛점,2017-06-01,200613.510297669,451817.515366883,2026-04-28 22:32:34,I,03,폐업,2017-06-01 14:05:46,,2016-02-29,,서울특별시 중구 을지로*가 **번지 *호,PHMG120163010033047000021,3010000,"서울특별시 중구 장충단로**길 **, B*F호 (을지로*가, 케레스타)",04563,03,폐업,,,,
GS25 케이지타워점,2022-09-05,197214.205778633,451259.671938774,2026-04-28 22:32:39,I,03,폐업,2022-09-05 16:41:50,,2019-07-18,,서울특별시 중구 순화동 *번지 ***호 케이지타워 지하*층,PHMG120193010033047000055,3010000,"서울특별시 중구 통일로 **, 케이지타워 지하*층 (순화동)",04517,03,폐업,,,,
(주)에이블리스트코리아,,200750.455125653,449638.824308081,2026-04-28 22:32:38,I,13,영업중,2019-03-28 15:57:15,,2019-03-26,,서울특별시 중구 신당동 ***번지 남산타운*상가,PHMG120193010033047000018,3010000,"서울특별시 중구 다산로 **, 남산타운*상가 ***호 (신당동, 남산타운)",04595,01,영업/정상,,,070-4105-4277,
고투쇼핑,,200750.455125653,449638.824308081,2026-04-28 22:32:40,I,15,전출,2023-06-21 15:50:28,,2020-10-13,,서울특별시 중구 신당동 *** 남산타운,PHMG120203010033047000098,3010000,"서울특별시 중구 다산로 **, **동 ****호 (신당동, 남산타운)",04595,05,제외/삭제/전출,,,,
블루애플,,200015.499568016,451485.349952584,2026-04-28 22:32:35,I,15,전출,2017-11-17 10:58:52,,2017-02-02,,서울특별시 중구 오장동 ***번지 *호 ****호,PHMG120173010033047000015,3010000,"서울특별시 중구 동호로**길 **, ****호 (오장동, 센트마상가)",04547,05,제외/삭제/전출,,,,
라임덴탈,2020-07-03,197524.718268277,450626.548447615,2026-04-28 22:32:27,I,03,폐업,2020-07-06 10:07:03,,2014-06-23,100-800,서울특별시 중구 남대문로*가 **번지 **호 ***호,PHMG120143010033047000040,3010000,"서울특별시 중구 세종대로 *, ***호 (남대문로*가)",04512,03,폐업,,,,
에스바이에스,,186317.207037672,451462.350090067,2026-04-28 22:32:12,I,15,전출,2020-08-09 20:43:00,,2019-04-02,,서울특별시 강서구 가양동 **-* 더리브골드타워,PHMG120193550020047000012,3550000,"서울특별시 강서구 양천로 ***-**, 더리브골드타워 ***호 (가양동)",07573,05,제외/삭제/전출,,,,50
거영산업,2009-07-16,,,2026-04-28 22:31:58,I,03,폐업,2009-07-16 11:47:37,,2004-05-13,,"서울특별시 중구 소공동*번지,롯데백화점*층",PHMG120043010033047000007,3010000,,,03,폐업,,,,
조선계기사,2016-10-06,200157.142890257,451644.963696557,2026-04-28 22:31:57,I,03,폐업,2016-10-06 10:37:06,,2001-04-23,100-195,서울특별시 중구 을지로*가 **번지 *호 *층,PHMG120013010033047000010,3010000,"서울특별시 중구 을지로 ***, *층 (을지로*가)",04562,03,폐업,,,,
주식회사 코디치재상사,2019-08-19,,,2026-04-28 22:32:35,I,03,폐업,2019-08-19 16:22:23,,2016-07-18,,,PHMG120163010033047000059,3010000,"서울특별시 중구 세종대로*길 **, *층 ***-*호 (남대문로*가, 이프라자)",04527,03,폐업,,,02-752-4381,
(주)슬록,,199023.967503662,451105.474557896,2026-04-28 22:32:38,I,15,전출,2020-11-30 14:02:34,,2018-11-21,,,PHMG120183010033047000077,3010000,"서울특별시 중구 삼일대로*길 *, 라이온스빌딩 *층 ***호 (충무로*가)",04553,05,제외/삭제/전출,,,,
체크기프트,2023-09-20,197870.991200814,450906.74658342,2026-04-28 22:32:39,I,03,폐업,2023-09-20 17:12:30,,2020-06-08,,서울특별시 중구 남대문로*가 **번지 **호,PHMG120203010033047000056,3010000,"서울특별시 중구 남대문로 *-*, *층 ***호 (남대문로*가)",04528,03,폐업,,,,
주식회사 디지틀조선일보,2023-11-03,197821.219011153,451827.081005774,2026-04-28 22:32:23,I,03,폐업,2023-11-03 09:04:16,,2012-07-03,100-101,서울특별시 중구 태평로*가 **번지 *호,PHMG120123010033047000051,3010000,서울특별시 중구 세종대로**길 ** (태평로*가),04519,03,폐업,,,37012943,
에스케이브로드밴드(주),2019-11-06,197814.567521224,450454.122259014,2026-04-28 22:32:30,I,03,폐업,2019-11-06 15:32:26,,2015-04-06,100-711,서울특별시 중구 남대문로*가 ***번지 SK남산그린빌딩,PHMG120153010033047000038,3010000,"서울특별시 중구 퇴계로 ** (남대문로*가, SK남산그린빌딩)",04637,03,폐업,,,02-6266-4760,
보람상조실로암(주),,197786.630049666,451192.227609488,2026-04-28 22:32:46,I,13,영업중,2024-05-27 13:08:16,,2024-05-22,,서울특별시 중구 서소문동 *** 태평로빌딩,PHMG120243010033047000037,3010000,"서울특별시 중구 세종대로 **, 태평로빌딩 **층 (서소문동)",04514,01,영업/정상,,,02-6003-1561,
신세계본점 파코라반베이비,2014-06-30,,,2026-04-28 22:32:17,I,03,폐업,2014-06-30 18:12:17,,2010-11-25,100-747,서울특별시 중구 충무로*가 **번지 *호 신세계백화점 *층,PHMG120103010033047000116,3010000,,,03,폐업,,,,
(주)한화갤러리아,,197953.365497851,451330.097303553,2026-04-28 22:32:28,I,15,전출,2016-09-10 18:27:22,,2014-10-22,100-733,서울특별시 중구 태평로*가 **번지,PHMG120143010033047000070,3010000,서울특별시 중구 세종대로 ** (태평로*가),04525,05,제외/삭제/전출,,,02-410-7158,
(주)왓슨스코리아 명동2가점,2017-06-01,198377.273138986,451164.259286281,2026-04-28 22:32:11,I,03,폐업,2017-06-01 13:35:43,,2009-10-06,100-022,서울특별시 중구 명동*가 **번지 *층,PHMG120093010033047000068,3010000,"서울특별시 중구 남대문로 ** (명동*가,*층)",,03,폐업,,,,
포커스광학,2014-05-28,197692.601616889,450709.793991215,2026-04-28 22:32:21,I,03,폐업,2014-05-28 15:41:06,,2011-10-18,100-800,서울특별시 중구 남대문로*가 **번지 *호 남문빌딩***호,PHMG120113010033047000080,3010000,"서울특별시 중구 세종대로*나길 **, ***호 (남대문로*가, 남문빌딩)",,03,폐업,,,,
서원라이프,2024-06-05,201833.693283735,451444.461211304,2026-04-28 22:32:45,I,03,폐업,2024-06-05 11:20:12,,2019-07-18,,서울특별시 중구 신당동 ***-*,PHMG120233010033047000020,3010000,"서울특별시 중구 퇴계로 ***, *층 (신당동)",04578,03,폐업,,,02-2235-1344,
덴탈존,2013-07-08,197462.198757043,450878.211786274,2026-04-28 22:32:15,I,03,폐업,2013-07-08 12:30:13,,2010-09-30,100-130,서울특별시 중구 순화동 ***번지 포스코더샵 A동 ***-*호,PHMG120103010033047000097,3010000,"서울특별시 중구 칠패로 ** (순화동,포스코더샵 A동 ***-*호)",,03,폐업,,,,
세니세이프 주식회사,,199647.545024088,450775.679612201,2026-04-28 22:32:46,I,13,영업중,2025-09-12 11:10:40,,2025-09-10,,서울특별시 중구 필동*가 **-* 한아빌딩,PHMG120253010033047000055,3010000,"서울특별시 중구 서애로*길 **-*, 한아빌딩 ***호 (필동*가)",04623,01,영업/정상,,,02-2269-3705,
(주)티에이네트웍스,,199096.873608411,451430.950357021,2026-04-28 22:32:44,I,13,영업중,2022-05-25 10:21:58,,2022-05-24,,서울특별시 중구 저동*가 *-*,PHMG120223010033047000156,3010000,"서울특별시 중구 을지로**길 **, *층 R***호 (저동*가)",04550,01,영업/정상,,,02-733-6207,
샤인덴탈 명동점,,197175.200250032,450823.319779918,2026-04-28 22:32:45,I,13,영업중,2023-08-11 09:32:48,,2023-08-09,,서울특별시 중구 중림동 **-* 신흥빌딩,PHMG120233010033047000068,3010000,"서울특별시 중구 청파로 ***, 신흥빌딩 *층 (중림동)",04510,01,영업/정상,,,02-2605-5367,
지에스(GS)25 두타몰점,,200703.625559248,451836.458256618,2026-04-28 22:32:45,I,13,영업중,2022-08-24 15:53:56,,2022-08-23,,서울특별시 중구 을지로*가 **-**,PHMG120223010033047000214,3010000,"서울특별시 중구 장충단로 ***, *층 *호 (을지로*가)",04563,01,영업/정상,,,,
에이스캔들,2020-07-15,200002.952736046,451823.532462914,2026-04-28 22:32:31,I,03,폐업,2020-07-16 08:56:26,,2015-06-05,100-330,서울특별시 중구 주교동 **번지 *호 방산종합시장 A동 ****호,PHMG120153010033047000071,3010000,"서울특별시 중구 동호로**길 **, A동 *층 ***호 (주교동, 방산종합시장)",04546,03,폐업,,,02-2272-1222,
리더스메드,2014-06-09,197470.535483079,451184.591163055,2026-04-28 22:32:21,I,03,폐업,2014-06-09 11:31:23,,2011-11-15,100-814,서울특별시 중구 서소문동 **번지 *호 서영빌딩***호,PHMG120113010033047000090,3010000,"서울특별시 중구 서소문로 ** (서소문동, 서영빌딩***호)",,03,폐업,,,,
(주)엠팩플러스,2018-05-31,200025.609377545,450812.734438158,2026-04-28 22:32:31,I,03,폐업,2018-05-31 17:27:47,,2015-06-08,100-856,서울특별시 중구 장충동*가 ***번지 **호 ***호,PHMG120153010033047000072,3010000,"서울특별시 중구 동호로**길 **, ***호 (장충동*가)",04618,03,폐업,,,02-2277-6651,
캔들썸,2018-06-26,200002.952736046,451823.532462914,2026-04-28 22:32:31,I,03,폐업,2018-06-26 09:50:22,,2015-08-26,,서울특별시 중구 주교동 **번지 *호,PHMG120153010033047000112,3010000,"서울특별시 중구 동호로**길 **, A동 *층 ***호 (주교동, 방산종합시장)",04546,03,폐업,,,02-2261-0279,
텔레플렉스코리아(유),,197554.559528663,450865.625894953,2026-04-28 22:32:34,I,15,전출,2026-04-22 17:13:12,,2015-06-23,,서울특별시 중구 봉래동*가 **번지 HSBC빌딩,PHMG120153010033047000151,3010000,"서울특별시 중구 칠패로 **, **층 (봉래동*가)",04511,05,제외/삭제/전출,,,02-6291-3423,
약손본가,,201687.107644786,451417.239528779,2026-04-28 22:32:45,I,13,영업중,2023-10-10 17:59:47,,2022-09-20,,서울특별시 중구 신당동 ***-*,PHMG120223010033047000226,3010000,"서울특별시 중구 퇴계로**길 **, ***호 (신당동)",04578,01,영업/정상,,,,
주식회사 지에이치코리아,,185075.778286666,424318.441583332,2026-04-28 03:03:03,U,13,영업중,2026-04-27 15:04:16,,2026-04-27,,경기도 안산시 단원구 고잔동 ***-* 신원빌딩,PHMG120253930154047000066,3930000,"경기도 안산시 단원구 화랑로 ***, 신원빌딩 ***호 (고잔동)",15352,01,영업/정상,,,,
알렉시아 뷰티 아카데미,2020-05-04,197118.982921493,450533.253226771,2026-04-28 22:32:37,I,03,폐업,2020-05-04 14:35:24,,2018-04-06,,,PHMG120183010033047000020,3010000,"서울특별시 중구 중림로 **-*, SKY ****빌딩 *층 (만리동*가)",04508,03,폐업,,,02-393-8884,
(주)아이디지털홈쇼핑,2013-04-30,200229.445040175,451067.548779357,2026-04-28 22:32:20,I,03,폐업,2013-04-30 17:05:41,,2011-04-12,100-855,서울특별시 중구 장충동*가 ***번지 *호,PHMG120113010033047000021,3010000,서울특별시 중구 동호로 *** (장충동*가),,03,폐업,,,070-8188-1936,
엘케이메디컬,2023-01-20,197692.601616889,450709.793991215,2026-04-28 22:32:36,I,03,폐업,2023-01-20 11:40:47,,2017-12-04,,서울특별시 중구 남대문로*가 **-*,PHMG120173010033047000088,3010000,"서울특별시 중구 세종대로*나길 **, ***호 (남대문로*가)",04527,03,폐업,,,02-771-9051,
나경덴탈,2015-03-03,197640.111186017,450771.482006185,2026-04-28 22:31:56,I,03,폐업,2015-03-03 18:13:42,,1997-12-30,100-800,서울특별시 중구 남대문로*가 *번지 *호 *층,PHMG119973010033047000007,3010000,"서울특별시 중구 세종대로 **, *층 (남대문로*가)",,03,폐업,,,,
옵티즌 코리아(optizen-korea),,198005.876539155,450593.574723513,2026-04-28 22:32:35,I,13,영업중,2018-06-07 16:31:45,,2016-05-03,,서울특별시 중구 남창동 ***번지,PHMG120163010033047000101,3010000,"서울특별시 중구 퇴계로 **-**, ***호 (남창동)",04634,01,영업/정상,,,,
한석포리텍,2019-09-02,199186.079053543,450883.887973042,2026-04-28 22:32:30,I,03,폐업,2019-09-02 18:06:58,,2015-03-09,100-866,서울특별시 중구 필동*가 **번지 *호 ***호,PHMG120153010033047000026,3010000,"서울특별시 중구 퇴계로 ***-**, ***호 (필동*가)",04627,03,폐업,,,02-718-6401,
(주)오병이어 킹마트,2021-12-29,198609.133297534,451076.718300025,2026-04-28 22:32:39,I,03,폐업,2021-12-29 21:23:15,,2020-03-23,,서울특별시 중구 충무로*가 **번지 **호,PHMG120203010033047000024,3010000,"서울특별시 중구 명동*길 **, *~*층 (충무로*가)",04536,03,폐업,,,,
준광학,2015-12-30,197700.367608527,450733.831413898,2026-04-28 22:32:24,I,03,폐업,2015-12-31 09:50:53,,2013-02-13,100-800,서울특별시 중구 남대문로*가 **번지 *호   ***호,PHMG120133010033047000012,3010000,"서울특별시 중구 세종대로 **, ***호 (남대문로*가)",04527,03,폐업,,,,
이노지에스(주),2020-07-09,200265.598194628,451446.234252256,2026-04-28 22:32:39,I,03,폐업,2020-07-10 08:59:13,,2019-08-26,,서울특별시 중구 광희동*가 *번지 *호 ***호,PHMG120193010033047000068,3010000,"서울특별시 중구 동호로**길 **, ***호 (광희동*가)",04561,03,폐업,,,,
메타비전,,197462.198757043,450878.211786274,2026-04-28 22:32:22,I,13,영업중,2012-01-17 16:07:12,,2012-01-13,100-130,서울특별시 중구 순화동 ***번지 포스코더샵B동***호,PHMG120123010033047000006,3010000,"서울특별시 중구 칠패로 ** (순화동, 포스코더샵B동***호)",04511,01,영업/정상,,,,
박연숙&스킨&바디케어샾,2018-06-15,201686.07376784,451520.650686027,2026-04-28 22:32:31,I,03,폐업,2018-06-15 08:50:06,,2015-08-10,,서울특별시 중구 황학동 ***번지 *층,PHMG120153010033047000108,3010000,"서울특별시 중구 퇴계로 ***, *층 (황학동)",04576,03,폐업,,,02-2233-3860,
트윈덴탈,2024-06-20,197184.032580986,450720.280868041,2026-04-28 22:32:40,I,03,폐업,2024-06-20 11:22:29,,2020-11-12,,서울특별시 중구 중림동 **,PHMG120203010033047000105,3010000,"서울특별시 중구 청파로 ***, ***호 (중림동)",04507,03,폐업,,,,
컨피덴트,2011-10-19,200841.86944868,450423.826271111,2026-04-28 22:32:13,I,03,폐업,2011-10-20 11:02:44,,2010-08-03,100-834,서울특별시 중구 신당*동 ***번지 *호 BS빌딩 ***호,PHMG120103010033047000077,3010000,"서울특별시 중구 동호로**길 *, ***호 (신당동,BS빌딩)",,03,폐업,,,070-8650-2148,
위드미 다산로점,2016-05-25,201356.052985242,451051.861878596,2026-04-28 22:32:30,I,03,폐업,2016-05-25 14:25:25,,2014-12-19,100-824,서울특별시 중구 신당동 ***번지 ***호,PHMG120143010033047000178,3010000,서울특별시 중구 다산로**길 ** (신당동),04586,03,폐업,,,,
씨제이올리브영(주) 정동점,,197174.591536243,451689.373973032,2026-04-28 22:32:35,I,13,영업중,2023-02-21 13:29:17,,2016-12-13,,서울특별시 중구 충정로*가 **-*,PHMG120163010033047000096,3010000,"서울특별시 중구 새문안로 **, *층 (충정로*가)",04516,01,영업/정상,,,02-720-9087,
씨유 을지로비즈센터점,2016-12-29,199018.466688723,451463.482685622,2026-04-28 22:32:29,I,03,폐업,2016-12-29 13:11:24,,2014-11-10,100-032,서울특별시 중구 저동*가 **번지 비즈센터 ***호,PHMG120143010033047000128,3010000,"서울특별시 중구 수표로 **, ***호 (저동*가, 비즈센터)",04551,03,폐업,,,02-3406-9440,
오케이굳(주),,197714.607605825,450743.397885289,2026-04-28 22:32:43,I,13,영업중,2021-12-10 21:27:48,,2021-12-08,,서울특별시 중구 남대문로*가 **-*,PHMG120213010033047000176,3010000,"서울특별시 중구 세종대로 **, *층 (남대문로*가)",04527,01,영업/정상,,,02-757-0169,
(주)이마트 삐에로쑈핑 명동점,2020-01-23,198582.339705178,451302.602871612,2026-04-28 22:32:38,I,03,폐업,2020-01-23 11:35:32,,2018-11-22,,,PHMG120183010033047000078,3010000,"서울특별시 중구 명동길 **, 신한은행 *,*,*,*층 (명동*가)",04534,03,폐업,,,,
유통융합센터 협동조합,2020-12-31,200015.499568016,451485.349952584,2026-04-28 22:32:35,I,03,폐업,2020-12-31 16:08:50,,2017-01-06,,서울특별시 중구 오장동 ***번지 *호 *층 ****호 A-***호,PHMG120173010033047000003,3010000,"서울특별시 중구 동호로**길 **, *층 ****호 A-***호 (오장동, 센트마상가)",04547,03,폐업,,,02-2263-1157,
인쇄소통,,199659.764599779,450997.141217362,2026-04-28 22:32:44,I,13,영업중,2022-03-31 10:05:03,,2022-03-30,,서울특별시 중구 필동*가 **-*,PHMG120223010033047000130,3010000,"서울특별시 중구 퇴계로**길 *-**, *층 (필동*가)",04624,01,영업/정상,,,02-2268-5268,
(주)올세라믹스,2010-04-05,,,2026-04-28 22:32:10,I,03,폐업,2010-04-05 10:41:58,,2009-07-31,100-095,서울특별시 중구 남대문로*가 **번지 **호 중앙빌딩***호,PHMG120093010033047000053,3010000,"서울특별시 중구 세종대로 ** (남대문로*가,중앙빌딩***호)",,03,폐업,,,,
베리타스,2025-05-29,200174.995848544,451675.501825666,2026-04-28 22:32:45,I,03,폐업,2025-05-29 16:21:47,,2025-05-29,,서울특별시 중구 을지로*가 **-* 삼성파크빌,PHMG120233010033047000074,3010000,"서울특별시 중구 을지로 ***, ***호 (을지로*가, 삼성파크빌)",04562,03,폐업,,,,
동우치재,2019-12-30,,,2026-04-28 22:31:56,I,24,직권폐업,2019-12-31 15:05:56,,1996-12-17,100-800,서울특별시 중구 남대문로*가 **번지 **호 중앙빌딩 ***호,PHMG119963010033047000010,3010000,"서울특별시 중구 세종대로 **, ***호 (남대문로*가,중앙빌딩)",,04,취소/말소/만료/정지/중지,,,,
㈜화미화장품 굿모닝시청지점,2010-03-25,,,2026-04-28 22:32:00,I,03,폐업,2010-03-25 13:55:43,,2005-09-07,,서울특별시 중구 북창동**  제*호 우성빌딩*층,PHMG120053010033047000057,3010000,,,03,폐업,,,,
신영메디칼무역상사,2011-11-21,,,2026-04-28 22:31:56,I,24,직권폐업,2011-12-26 17:49:29,,1990-06-19,,서울특별시 중구 흥인동***,PHMG119903010033047000003,3010000,,,04,취소/말소/만료/정지/중지,,,,
엠.티 덴탈,2012-11-29,197486.418122228,450683.054495595,2026-04-28 22:32:06,I,03,폐업,2012-11-29 16:18:20,,2008-10-07,100-161,서울특별시 중구 봉래동*가 ***번지 *호 신성빌딩  ***호,PHMG120083010033047000072,3010000,"서울특별시 중구 세종대로*길 **, ***호 (봉래동*가,신성빌딩)",,03,폐업,,,,
씨유 을지로백병원점,2023-01-04,198935.95781469,451359.22765143,2026-04-28 22:32:44,I,03,폐업,2023-01-04 21:11:57,,2022-02-04,,서울특별시 중구 저동*가 **-**,PHMG120223010033047000032,3010000,"서울특별시 중구 마른내로 *, *층 (저동*가)",04552,03,폐업,,,,
주식회사 제이스템,2013-08-13,200104.391382832,451166.330668547,2026-04-28 22:32:21,I,03,폐업,2013-08-13 18:23:30,,2011-09-05,100-855,서울특별시 중구 장충동*가 ***번지 *호 아도라타워 *층 ***호,PHMG120113010033047000061,3010000,"서울특별시 중구 퇴계로 *** (장충동*가,아도라타워 *층 ***호)",,03,폐업,,,02-2277-9600,
메디아트비젼,2010-09-28,197492.284660717,450726.689913465,2026-04-28 22:32:05,I,24,직권폐업,2011-12-26 17:51:01,,2008-04-30,100-161,서울특별시 중구 봉래동*가 **번지   ***호,PHMG120083010033047000034,3010000,"서울특별시 중구 세종대로*길 **, ***호 (봉래동*가)",,04,취소/말소/만료/정지/중지,,,,
위드덴탈,,197486.418122228,450683.054495595,2026-04-28 22:32:44,I,13,영업중,2022-05-27 10:22:06,,2022-05-26,,서울특별시 중구 봉래동*가 ***-*,PHMG120223010033047000158,3010000,"서울특별시 중구 세종대로*길 **, *층 (봉래동*가)",04512,01,영업/정상,,,070-3887-6197,
주식회사 승주통상,,201793.660526862,451691.322648412,2026-04-28 22:32:39,I,13,영업중,2024-05-30 17:17:29,,2020-06-15,,서울특별시 중구 황학동 ****번지,PHMG120203010033047000059,3010000,"서울특별시 중구 퇴계로**길 **, *층 (황학동)",04575,01,영업/정상,,,02-851-7757,
경일덴탈상사,2009-08-17,,,2026-04-28 22:31:58,I,24,직권폐업,2010-04-01 14:40:18,,2004-10-02,,"서울특별시 중구 남대문로*가 *-**, *층",PHMG120043010033047000022,3010000,,,04,취소/말소/만료/정지/중지,,,,
씨유 중구부일점,2017-11-17,196957.591458473,450256.963753518,2026-04-28 22:32:28,I,03,폐업,2017-11-17 14:24:14,,2014-11-06,100-372,서울특별시 중구 만리동*가 **번지 *호,PHMG120143010033047000120,3010000,서울특별시 중구 만리재로 *** (만리동*가),04501,03,폐업,,,,
BB하우스,2011-03-30,,,2026-04-28 22:32:07,I,03,폐업,2011-03-30 17:21:11,,2009-05-04,100-747,서울특별시 중구 충무로*가 신세계백화점건물 *층,PHMG120093010033047000027,3010000,,,03,폐업,,,,
파파렐라보청기,2015-04-09,199312.706156621,451397.652423108,2026-04-28 22:32:12,I,03,폐업,2015-04-09 17:26:43,,2010-03-10,100-300,서울특별시 중구 초동 **번지 **호 *층,PHMG120103010033047000020,3010000,"서울특별시 중구 충무로 ** (초동,*층)",,03,폐업,,,22754529,
바오파니,2023-04-12,200015.499568016,451485.349952584,2026-04-28 22:32:37,I,03,폐업,2023-04-12 17:32:27,,2018-02-09,,서울특별시 중구 오장동 ***번지 *호 센트마상가 ****호,PHMG120183010033047000007,3010000,"서울특별시 중구 동호로**길 **, 센트마상가 *층 ****호 (오장동)",04547,03,폐업,,,,
캔들아이,2019-04-30,200002.952736046,451823.532462914,2026-04-28 22:32:31,I,03,폐업,2019-04-30 16:36:01,,2015-06-04,100-330,서울특별시 중구 주교동 **번지 *호 방산종합시장  A동 ****호,PHMG120153010033047000069,3010000,"서울특별시 중구 동호로**길 **, A동 *층 ***호 (주교동, 방산종합시장)",04546,03,폐업,,,02-2275-7991,
씨제이올리브영(주) 신당역점,,201400.824438273,451528.012185815,2026-04-28 22:32:35,I,13,영업중,2023-02-20 17:36:44,,2016-07-25,,서울특별시 중구 흥인동 **,PHMG120163010033047000061,3010000,"서울특별시 중구 다산로 ***, *층 (흥인동)",04570,01,영업/정상,,,02-2234-5290,
유앤아이 헬스케어,2026-01-27,200875.959598982,450475.271041852,2026-04-28 22:32:46,I,03,폐업,2026-01-27 16:43:04,,2024-08-22,,서울특별시 중구 신당동 ***-*,PHMG120243010033047000062,3010000,"서울특별시 중구 동호로**길 **, *층 ***호 (신당동)",04607,03,폐업,,,,
중림샤인덴탈,,197175.200250032,450823.319779918,2026-04-28 22:32:07,I,13,영업중,2017-09-06 18:32:00,,2009-02-20,,서울특별시 중구 중림동 **번지 *호 *층,PHMG120093010033047000013,3010000,"서울특별시 중구 청파로 ***, *층 (중림동, 신흥빌딩)",04510,01,영업/정상,,,02-3147-2804,
명동점 한국의료기천기권,2012-09-12,,,2026-04-28 22:32:22,I,03,폐업,2012-09-12 10:31:49,,2011-12-30,100-011,서울특별시 중구 충무로*가 **번지 **호 회현지하상가 가-**,PHMG120113010033047000104,3010000,,,03,폐업,,,,
엠디피아,2021-02-17,201032.743203349,450590.36347365,2026-04-28 22:32:38,I,24,직권폐업,2021-02-17 17:12:30,,2019-05-03,,서울특별시 중구 신당동 ***번지 **호 *층 ***호,PHMG120193010033047000026,3010000,"서울특별시 중구 다산로 ***, *층 ***호 (신당동)",04590,04,취소/말소/만료/정지/중지,,,,
동원상사,,197491.849792547,450601.839417971,2026-04-28 22:31:56,I,13,영업중,2018-04-06 14:47:58,,1994-07-16,,서울특별시 중구 남대문로*가 **번지 *호 ***호,PHMG119943010033047000002,3010000,"서울특별시 중구 세종대로 *, ***호 (남대문로*가)",04512,01,영업/정상,,,02-775-2804,
(주)아이옵트코리아,,197892.429077841,450575.529750823,2026-04-28 22:32:35,I,15,전출,2021-04-23 10:57:32,,2016-12-06,,서울특별시 중구 남창동 ***번지 *호 ****호,PHMG120163010033047000095,3010000,"서울특별시 중구 퇴계로 **, ****호 (남창동, 삼선빌딩)",04635,05,제외/삭제/전출,,,,
씨유 신당백석점,,200748.00863009,450276.693544934,2026-04-28 22:32:44,I,13,영업중,2022-02-16 14:10:19,,2022-02-14,,서울특별시 중구 신당동 ***-*,PHMG120223010033047000077,3010000,"서울특별시 중구 동호로 ***-**, *층 (신당동)",04598,01,영업/정상,,,02-2236-2646,
주식회사 영덴탈,2015-05-20,197535.546083504,450745.808293456,2026-04-28 22:31:57,I,03,폐업,2015-05-20 11:07:24,,2003-04-28,100-161,서울특별시 중구 봉래동*가 **번지 *호,PHMG120033010033047000006,3010000,서울특별시 중구 세종대로*길 ** (봉래동*가),,03,폐업,,,,
한국화이자동물약품(주),2010-10-04,198531.297994629,450909.106572106,2026-04-28 22:32:11,I,03,폐업,2010-10-04 11:31:45,,2009-09-30,100-771,서울특별시 중구 회현동*가 *번지 **호 화이자타워 *층,PHMG120093010033047000066,3010000,"서울특별시 중구 퇴계로 *** (회현동*가,화이자타워 *층)",,03,폐업,,,,
범진아크릴,2025-02-05,199424.707363436,451355.505706309,2026-04-28 22:32:45,I,03,폐업,2025-02-05 14:09:57,,2022-11-07,,서울특별시 중구 인현동*가 **-*,PHMG120223010033047000244,3010000,"서울특별시 중구 마른내로 **, *층 (인현동*가)",04549,03,폐업,,,02-2266-3802,
뉴스타덴탈,,197747.056165668,450727.317119937,2026-04-28 22:32:37,I,13,영업중,2026-01-09 15:40:21,,2018-03-02,,서울특별시 중구 남대문로*가 *** 제분빌딩,PHMG120183010033047000011,3010000,"서울특별시 중구 소월로 *, 제분빌딩 **층 (남대문로*가)",04527,01,영업/정상,,,,
(주) 구들장,2014-09-30,198259.65357739,451392.198218657,2026-04-28 22:32:07,I,24,직권폐업,2014-10-06 10:02:15,,2009-04-23,100-721,서울특별시 중구 소공동 *번지 롯데백화점 *층,PHMG120093010033047000024,3010000,서울특별시 중구 남대문로 ** (소공동),,04,취소/말소/만료/정지/중지,,,,
(주)이레메디칼케어,,201105.953856919,450495.067186624,2026-04-28 22:32:40,I,13,영업중,2021-01-20 17:37:45,,2021-01-20,,서울특별시 중구 신당동 ***-**,PHMG120213010033047000006,3010000,"서울특별시 중구 다산로**길 **, *층 (신당동)",04591,01,영업/정상,,,,
(주)이케이월드,2023-12-13,199810.591813598,451300.59780961,2026-04-28 22:32:34,I,03,폐업,2023-12-13 13:31:45,,2016-02-15,,서울특별시 중구 예관동 **번지 **호,PHMG120163010033047000014,3010000,"서울특별시 중구 창경궁로 **-*, ***호 (예관동, 비즈센터)",04559,03,폐업,,,02-720-1349,
EMS,,200515.456571803,451454.154061657,2026-04-28 22:32:35,I,15,전출,2018-04-16 09:45:25,,2016-12-20,,서울특별시 중구 광희동*가 ***번지 **호 *층,PHMG120163010033047000098,3010000,"서울특별시 중구 을지로**길 **-*, *층 (광희동*가)",04561,05,제외/삭제/전출,,,02-2275-3616,
(주)커넥트비,2023-11-08,197666.569166046,450622.931217442,2026-04-28 22:32:45,I,03,폐업,2023-11-08 10:43:00,,2020-08-19,,서울특별시 중구 남대문로*가 ***,PHMG120223010033047000227,3010000,"서울특별시 중구 세종대로 **, A동 ***호 (남대문로*가)",04527,03,폐업,,,070-4123-4569,
지에스25 뉴장충행복점,2025-12-22,200456.216353916,451031.079995917,2026-04-28 22:32:44,I,24,직권폐업,2025-12-22 14:55:37,,2022-02-08,,서울특별시 중구 장충동*가 **-*,PHMG120223010033047000049,3010000,"서울특별시 중구 장충단로 ***, *층 (장충동*가)",04616,04,취소/말소/만료/정지/중지,,,,
샤인덴탈(천호),2016-12-31,197175.200250032,450823.319779918,2026-04-28 22:32:13,I,03,폐업,2017-01-02 16:26:48,,2010-08-25,100-858,서울특별시 중구 중림동 **번지 *호 *층,PHMG120103010033047000084,3010000,"서울특별시 중구 청파로 *** (중림동,*층)",,03,폐업,,,,
(주)교원크리에이티브 아이티센터,2021-10-21,198519.736197762,451570.324241735,2026-04-28 22:32:43,I,03,폐업,2021-10-21 19:07:34,,2021-09-08,,서울특별시 중구 을지로*가 *-**,PHMG120213010033047000148,3010000,"서울특별시 중구 을지로 **, *층 (을지로*가)",04539,03,폐업,,,02-397-1605,
윤절미,2023-10-30,201499.872274002,451380.845322572,2026-04-28 22:32:44,I,03,폐업,2023-10-30 14:05:16,,2022-07-05,,서울특별시 중구 신당동 ***-**,PHMG120223010033047000177,3010000,"서울특별시 중구 다산로**길 **, 지층 (신당동)",04577,03,폐업,,,,
(주)이터스,2017-07-13,201508.726469982,451210.070892418,2026-04-28 22:32:27,I,03,폐업,2017-07-13 17:36:33,,2014-06-26,100-831,서울특별시 중구 신당동 **번지 ***호 ***호,PHMG120143010033047000042,3010000,"서울특별시 중구 퇴계로**길 **-*, ***호 (신당동)",04585,03,폐업,,,,
(주)코리아세븐 소공점,,198274.209368138,451268.05553169,2026-04-28 22:32:41,I,13,영업중,2024-02-23 20:01:50,,2021-04-30,,서울특별시 중구 소공동 ** 태양빌딩,PHMG120213010033047000041,3010000,"서울특별시 중구 남대문로*길 **, 태양빌딩 *층 (소공동)",04532,01,영업/정상,,,02-773-0244,
보람상조개발(주),,197786.630049666,451192.227609488,2026-04-28 22:32:45,I,13,영업중,2025-04-17 09:31:55,,2022-08-03,,서울특별시 중구 서소문동 ***,PHMG120223010033047000203,3010000,"서울특별시 중구 세종대로 **, **층 (서소문동)",04514,01,영업/정상,,,02-6003-1567,
진메디컬,2014-12-08,200002.952736046,451823.532462914,2026-04-28 22:32:15,I,03,폐업,2014-12-08 17:15:18,,2010-10-04,100-330,서울특별시 중구 주교동 **번지 *호 방산상가 A동 *층 **호,PHMG120103010033047000098,3010000,"서울특별시 중구 동호로**길 ** (주교동,방산상가 A동 *층 **호)",,03,폐업,,,22727454,
영 에스디엠,,197187.67635138,450603.410703543,2026-04-28 22:32:36,I,13,영업중,2025-08-08 09:04:24,,2017-09-07,,서울특별시 중구 중림동 ***-**,PHMG120173010033047000070,3010000,"서울특별시 중구 청파로 ***-*, *층 (중림동)",04507,01,영업/정상,,,02-757-3200,
GS25 덕수궁캐슬점,2021-12-16,197312.655183004,451257.223181993,2026-04-28 22:32:38,I,03,폐업,2021-12-16 18:54:13,,2019-07-09,,서울특별시 중구 순화동 ***번지 덕수궁롯데캐슬 B***호,PHMG120193010033047000047,3010000,"서울특별시 중구 서소문로*길 **, B***호 (순화동, 덕수궁롯데캐슬)",04516,03,폐업,,,070-8288-6255,
와이에스디(YSD)덴탈,,197133.181826761,450929.253706925,2026-04-28 22:32:35,I,13,영업중,2016-10-14 11:53:01,,2016-10-13,,서울특별시 중구 중림동 ***번지,PHMG120163010033047000080,3010000,"서울특별시 중구 청파로 ***, ***동 ****호 (중림동, 브라운스톤서울)",04510,01,영업/정상,,,,
대명광학(주)휴렌,2013-04-12,198744.433228989,451677.065126229,2026-04-28 22:32:11,I,03,폐업,2013-04-12 14:47:59,,2009-11-19,100-760,서울특별시 중구 장교동 *번지 장교빌딩 **층 *호,PHMG120093010033047000085,3010000,,,03,폐업,,,042-939-1000,
(주)성원덴탈,,197462.198757043,450878.211786274,2026-04-28 22:31:56,I,13,영업중,2022-03-31 09:30:34,,1995-01-28,,서울특별시 중구 순화동 ***,PHMG119953010033047000002,3010000,"서울특별시 중구 칠패로 **, 비동 ***-에이호 (순화동)",04511,01,영업/정상,,,02-776-1656,
(주)엔케이리테일,2018-06-25,199437.720727547,450939.451952622,2026-04-28 22:32:36,I,03,폐업,2018-06-25 13:18:23,,2017-05-10,,서울특별시 중구 필동*가 **번지 *호 비*층,PHMG120173010033047000035,3010000,"서울특별시 중구 퇴계로**길 **, 비*층 (필동*가)",04625,03,폐업,,,,
포낙보청기 서울역점,,197836.358149112,450882.349823402,2026-04-28 22:32:34,I,13,영업중,2022-05-20 14:41:44,,2016-02-01,,서울특별시 중구 남대문로*가 **번지 **호,PHMG120163010033047000012,3010000,"서울특별시 중구 남대문로 *-*, *층 (남대문로*가)",04528,01,영업/정상,,,,
C&C 콘택트,,200573.641273539,451621.036467544,2026-04-28 22:32:19,I,15,전출,2016-09-21 11:13:06,,2011-02-17,100-196,서울특별시 중구 을지로*가 **번지 **호 굿모닝시티 B* **호,PHMG120113010033047000011,3010000,"서울특별시 중구 장충단로 *** (을지로*가,굿모닝시티 B* **호)",,05,제외/삭제/전출,,,,
예스덴탈,2011-05-12,197440.65529349,450774.809913811,2026-04-28 22:32:11,I,03,폐업,2011-05-12 11:14:23,,2010-02-25,100-130,서울특별시 중구 순화동 ***번지 *호 *층,PHMG120103010033047000017,3010000,"서울특별시 중구 통일로 ** (순화동,*층)",,03,폐업,,,,
선우통상,2024-10-04,199733.225714011,451140.879758189,2026-04-28 22:32:45,I,03,폐업,2024-10-04 10:34:00,,2023-06-01,,서울특별시 중구 충무로*가 ***,PHMG120233010033047000055,3010000,"서울특별시 중구 퇴계로 ***, 지하*층 B**-*호 (충무로*가, 남산 센트럴 자이)",04558,03,폐업,,,,
"애드샤인피앤디,비경P&D",2024-11-12,199820.575258557,451402.76915572,2026-04-28 22:32:39,I,03,폐업,2024-11-12 17:00:44,,2020-06-04,,서울특별시 중구 예관동 **번지,PHMG120203010033047000054,3010000,"서울특별시 중구 마른내로 **-*, *층 (예관동)",04547,03,폐업,,,02-2274-8832,
해플,2014-09-30,200750.455125653,449638.824308081,2026-04-28 22:32:24,I,24,직권폐업,2014-10-06 10:52:16,,2013-02-21,100-453,서울특별시 중구 신당*동 ***번지 남산타운*상가 ***-*호,PHMG120133010033047000016,3010000,"서울특별시 중구 다산로**길 ** (신당동, 남산타운*상가 ***-*호)",,04,취소/말소/만료/정지/중지,,,,
롯데쇼핑(주) 롭스 롯데마트 서울역점,2022-10-18,197242.994816102,450658.947895548,2026-04-28 22:32:34,I,03,폐업,2022-10-18 11:34:40,,2016-04-27,,서울특별시 중구 봉래동*가 ***,PHMG120163010033047000034,3010000,서울특별시 중구 청파로 ***(봉래동*가),04509,03,폐업,,,02-365-3740,
(주)커넥트아이,,198492.730625257,450912.159237941,2026-04-28 22:32:45,I,13,영업중,2024-06-25 11:00:04,,2023-01-26,,서울특별시 중구 회현동*가 **-*,PHMG120233010033047000015,3010000,"서울특별시 중구 퇴계로 ***, *층 ***호 (회현동*가)",04631,01,영업/정상,,,02-2135-9542,
에스케이마케팅앤컴퍼니(주),2013-02-28,197620.648923884,450919.874344114,2026-04-28 22:32:10,I,03,폐업,2013-03-04 13:24:37,,2009-06-08,100-743,서울특별시 중구 남대문로*가 **번지 상공회의소*층,PHMG120093010033047000037,3010000,"서울특별시 중구 세종대로 ** (남대문로*가, 상공회의소*층)",,03,폐업,,,63903294,
일산상사,2015-05-21,,,2026-04-28 22:32:24,I,03,폐업,2015-05-21 14:08:39,,2012-12-20,100-802,서울특별시 중구 남대문로*가 ***번지 이프라자 ***호,PHMG120123010033047000089,3010000,"서울특별시 중구 세종대로*길 **, ***호 (남대문로*가, 이프라자)",,03,폐업,,,02-776-1855,
W.무역,2011-11-21,197490.772629678,450655.634207458,2026-04-28 22:32:11,I,24,직권폐업,2011-12-26 17:25:39,,2010-01-14,100-161,서울특별시 중구 봉래동*가 ***번지 *호 ***호,PHMG120103010033047000004,3010000,"서울특별시 중구 세종대로*길 **, ***호 (봉래동*가)",,04,취소/말소/만료/정지/중지,,,,
(주)에치와이 광희점,2025-07-31,200513.43508997,451633.099004875,2026-04-28 22:32:44,I,03,폐업,2025-07-31 17:01:17,,2025-07-31,,서울특별시 중구 을지로*가 **-**,PHMG120223010033047000133,3010000,"서울특별시 중구 을지로**길 **, *층 (을지로*가)",04564,03,폐업,,,070-4450-4887,
(주)마스트,2017-07-07,199267.488373997,451014.120821014,2026-04-28 22:32:30,I,03,폐업,2017-07-10 08:39:26,,2014-12-16,100-866,서울특별시 중구 필동*가 **번지 *호 국제빌딩 ***호,PHMG120143010033047000170,3010000,"서울특별시 중구 퇴계로 ***, ***호 (필동*가, 국제빌딩)",04554,03,폐업,,,,
이마트24 충무로앰버서더호텔점,,198991.784113176,451028.699087442,2026-04-28 22:32:44,I,13,영업중,2022-02-16 14:02:19,,2022-02-13,,서울특별시 중구 충무로*가 **-*,PHMG120223010033047000076,3010000,"서울특별시 중구 삼일대로 ***, *층 (충무로*가)",04553,01,영업/정상,,,,
(주)피씨지더마사이언스,,200684.36039137,450548.41332138,2026-04-28 22:32:46,I,13,영업중,2024-09-02 17:12:07,,2023-07-06,,서울특별시 중구 신당동 ***-*,PHMG120243010033047000064,3010000,"서울특별시 중구 동호로**길 **, *층 (신당동)",04604,01,영업/정상,,,070-7603-1961,
씨유 중구무교점,2016-03-09,198178.211981516,451722.239559759,2026-04-28 22:32:29,I,03,폐업,2016-03-09 16:43:26,,2014-11-24,100-180,서울특별시 중구 다동 ***번지 *호,PHMG120143010033047000160,3010000,서울특별시 중구 다동길 ** (다동),04522,03,폐업,,,02-3789-1101,
(주)에스에스지닷컴,,198129.435542814,450900.239718295,2026-04-28 22:32:38,I,15,전출,2020-06-05 10:31:33,,2019-03-18,,서울특별시 중구 회현동*가 ***번지 MESA,PHMG120193010033047000017,3010000,"서울특별시 중구 남대문시장**길 *, MESA (회현동*가)",04529,05,제외/삭제/전출,,,02-317-9816,
더아름답게,,200750.455125653,449638.824308081,2026-04-28 22:32:46,I,13,영업중,2025-04-04 13:29:45,,2025-04-02,,,PHMG120253010033047000023,3010000,"서울특별시 중구 다산로 **, ***호 (신당동, 남산타운)",04595,01,영업/정상,,,,
GS수퍼 남산타운점,2023-06-30,200750.455125653,449638.824308081,2026-04-28 22:32:41,I,03,폐업,2023-06-30 09:40:07,,2021-04-28,,서울특별시 중구 신당동 *** 남산타운,PHMG120213010033047000040,3010000,"서울특별시 중구 다산로 **, 스포츠센터동 *층 일부호 (신당동, 남산타운)",04595,03,폐업,,,,
(주)코렌드,2020-10-28,199243.719707907,451518.197727854,2026-04-28 22:32:14,I,03,폐업,2020-10-30 11:25:53,,2010-09-15,100-846,서울특별시 중구 을지로*가 ***번지 *호 양지빌딩 ***호,PHMG120103010033047000094,3010000,"서울특별시 중구 충무로*길 *, ***호 (을지로*가, 양지빌딩)",04550,03,폐업,,,02-2273-2282,
샤인덴탈 신사점,2015-05-21,197175.200250032,450823.319779918,2026-04-28 22:32:24,I,03,폐업,2015-05-21 18:05:21,,2013-08-05,100-858,서울특별시 중구 중림동 **번지 *호 신흥빌딩 *층,PHMG120133010033047000047,3010000,"서울특별시 중구 청파로 *** (중림동, 신흥빌딩 *층)",,03,폐업,,,,
주식회사 로로벨,,198559.328703845,450704.219652787,2026-04-28 22:32:38,I,15,전출,2022-01-03 14:23:46,,2019-06-27,,서울특별시 중구 남산동*가 **번지 *층,PHMG120193010033047000042,3010000,"서울특별시 중구 소공로*길 **, *층 (남산동*가)",04631,05,제외/삭제/전출,,,,
이마트24 중구소공점,,198147.018009197,451275.760044594,2026-04-28 22:32:42,I,13,영업중,2025-07-11 14:46:35,,2021-05-11,,서울특별시 중구 소공동 **-*,PHMG120213010033047000097,3010000,"서울특별시 중구 소공로 ***-*, *층 (소공동)",04532,01,영업/정상,,,,
에스케이쉴더스(주) 중부지점,,200247.098067944,451193.482960446,2026-04-28 22:32:42,I,13,영업중,2025-07-14 16:43:51,,2021-07-07,,서울특별시 중구 쌍림동 ***-**,PHMG120213010033047000129,3010000,"서울특별시 중구 퇴계로 ***, ***호 (쌍림동)",04615,01,영업/정상,,,02-2276-1692,
(주)유유메디컬스,,200780.728387367,450368.465903956,2026-04-28 22:32:39,I,13,영업중,2023-06-23 15:47:03,,2020-02-04,,서울특별시 중구 신당동 ***-*,PHMG120203010033047000006,3010000,서울특별시 중구 동호로 *** (신당동),04598,01,영업/정상,,,02-6972-9098,
오피스넥스중구점,2024-05-08,199630.137323232,450688.22302491,2026-04-28 22:32:43,I,03,폐업,2024-05-08 14:36:51,,2021-07-28,,서울특별시 중구 필동*가 **-**,PHMG120213010033047000134,3010000,"서울특별시 중구 필동로*길 **, 지하*층 (필동*가)",04622,03,폐업,,,02-2273-4007,
원탑메디텍,,182495.487740263,446730.381965667,2026-04-28 03:03:03,U,13,영업중,2026-04-27 16:13:16,,2019-08-13,,경기도 부천시 오정구 원종동 *** *층 일부,PHMG120193860578047000004,3860000,"경기도 부천시 오정구 소사로***번길 **, *층 일부호 (원종동)",14431,01,영업/정상,,,,
다인덴탈,2011-05-06,,,2026-04-28 22:32:05,I,03,폐업,2013-04-12 16:29:43,,2008-07-02,100-800,서울특별시 중구 남대문로*가 **번지 **호 수도빌딩 *층 ***호,PHMG120083010033047000047,3010000,"서울특별시 중구 세종대로*가길 *-*, ***호 (남대문로*가,수도빌딩 *층)",,03,폐업,,,,
지에스25 중구흥인점,,201264.529923289,451584.997171678,2026-04-28 22:32:44,I,13,영업중,2022-02-08 10:12:59,,2022-02-04,,서울특별시 중구 흥인동 ***,PHMG120223010033047000028,3010000,"서울특별시 중구 다산로**길 **, *층 (흥인동)",04569,01,영업/정상,,,,
주식회사 백암씨엔씨,,198687.657905418,450851.86542518,2026-04-28 22:32:35,I,13,영업중,2024-07-25 10:15:25,,2016-09-22,,서울특별시 중구 남산동*가 **-*,PHMG120163010033047000075,3010000,"서울특별시 중구 퇴계로**길 *, *층 (남산동*가)",04629,01,영업/정상,,,02-3789-8452,
나래월드,,200047.053590441,451332.199992458,2026-04-28 22:32:42,I,13,영업중,2023-06-30 13:14:20,,2021-06-16,,서울특별시 중구 오장동 ***-**,PHMG120213010033047000117,3010000,"서울특별시 중구 마른내로 ***, ***호 (오장동)",04559,01,영업/정상,,,,
R.tron 코리아,2013-10-22,197511.217969557,450658.200814849,2026-04-28 22:32:23,I,03,폐업,2013-10-22 14:39:53,,2012-09-18,100-161,서울특별시 중구 봉래동*가 ***번지 *호 신도빌딩 ***-*호,PHMG120123010033047000068,3010000,"서울특별시 중구 세종대로*길 *, ***-*호 (봉래동*가, 신도빌딩)",,03,폐업,,,,
덴키스트포유,,197462.198757043,450878.211786274,2026-04-28 22:32:12,I,13,영업중,2014-03-19 09:57:16,,2010-05-14,100-130,서울특별시 중구 순화동 ***번지 포스코더샵 A동 ***-B호,PHMG120103010033047000048,3010000,"서울특별시 중구 칠패로 **, A동 ***-B호 (순화동, 포스코더샵)",04511,01,영업/정상,,,37892872,
씨유 약수역점,2016-12-29,200945.265627675,450226.825477041,2026-04-28 22:32:29,I,03,폐업,2016-12-29 17:56:05,,2014-11-14,100-840,서울특별시 중구 신당동 ***번지 **호,PHMG120143010033047000142,3010000,서울특별시 중구 동호로 *** (신당동),04590,03,폐업,,,02-2234-8442,
에스에스DMC,2017-07-06,197490.639447916,450617.158990348,2026-04-28 22:32:30,I,03,폐업,2017-07-07 09:12:14,,2015-02-25,100-800,서울특별시 중구 남대문로*가 **번지 *호 덴탈아트빌딩 *층*호,PHMG120153010033047000020,3010000,"서울특별시 중구 통일로 **-*, *층 *호 (남대문로*가, 덴탈아트빌딩)",04512,03,폐업,,,02-779-1681,
(주)디카몰,2023-06-09,197925.629209723,450993.566563543,2026-04-28 22:32:44,I,03,폐업,2023-06-09 11:35:40,,2022-04-15,,서울특별시 중구 남대문로*가 **-**,PHMG120223010033047000145,3010000,"서울특별시 중구 남대문로 **, *층 (남대문로*가)",04526,03,폐업,,,070-4641-4071,
㈜태광광학,,197671.955229016,450714.517202917,2026-04-28 22:31:56,I,13,영업중,2024-05-31 11:12:35,,1994-12-29,,서울특별시 중구 남대문로*가 **번지 *호 *층 ***호,PHMG119943010033047000009,3010000,"서울특별시 중구 세종대로 **, *층 ***호 (남대문로*가)",04527,01,영업/정상,,,02-753-1648,
동양광학사,2012-08-16,197759.639582972,450654.567190681,2026-04-28 22:32:00,I,03,폐업,2012-08-16 17:31:04,,2005-09-07,100-802,서울특별시 중구 남대문로*가 ***번지 광덕빌딩 ***호,PHMG120053010033047000058,3010000,"서울특별시 중구 세종대로*가길 **, ***호 (남대문로*가,광덕빌딩)",,03,폐업,,,,
황금스파,2013-05-23,201823.908977364,452076.818664092,2026-04-28 22:32:21,I,03,폐업,2013-05-24 13:59:25,,2011-10-28,100-440,서울특별시 중구 황학동 ****번지 지하*층,PHMG120113010033047000087,3010000,서울특별시 중구 청계천로 *** (황학동),,03,폐업,,,,
메디서포트,2019-12-30,200649.776732085,451689.785216541,2026-04-28 22:32:06,I,24,직권폐업,2019-12-31 15:11:43,,2009-02-16,100-951,서울특별시 중구 을지로*가 **번지 **호 지하*층 ***호,PHMG120093010033047000010,3010000,"서울특별시 중구 장충단로 *** (을지로*가,지하*층 ***호)",,04,취소/말소/만료/정지/중지,,,,
주식회사 코리아테크 롯데백화점본점,2021-05-31,198259.65357739,451392.198218657,2026-04-28 22:32:40,I,03,폐업,2021-05-31 11:20:31,,2021-02-15,,서울특별시 중구 소공동 * 롯데백화점 본점,PHMG120213010033047000015,3010000,"서울특별시 중구 남대문로 **, 롯데백화점 본점 *층 (소공동)",04533,03,폐업,,,,
쓰리ST(3ST),,197566.862311117,451100.772883934,2026-04-28 22:32:34,I,15,전출,2020-05-12 13:21:38,,2016-05-12,,서울특별시 중구 서소문동 ***번지 **호 동화주차빌딩 ***호,PHMG120163010033047000043,3010000,"서울특별시 중구 세종대로*길 **, 동화주차빌딩 *층 ***호 (서소문동)",04513,05,제외/삭제/전출,,,02-412-3727,
태강산업㈜,2011-05-19,197931.08158116,450653.053657697,2026-04-28 22:32:00,I,03,폐업,2011-05-19 13:56:38,,2006-02-17,100-804,서울특별시 중구 남창동 **번지 **호 지하철상가 *층 *호,PHMG120063010033047000009,3010000,"서울특별시 중구 퇴계로 ** (남창동,지하철상가 *층 *호)",,03,폐업,,,,
로고스태프,,200040.886688174,451404.849530888,2026-04-28 22:32:40,I,13,영업중,2025-06-12 15:01:09,,2020-09-08,,서울특별시 중구 오장동 ***-*,PHMG120203010033047000081,3010000,서울특별시 중구 을지로**길 **-** (오장동),04547,01,영업/정상,,,,
글로벌에이빔,2013-12-10,,,2026-04-28 22:31:57,I,03,폐업,2013-12-10 18:45:02,,2002-01-18,,"서울특별시 중구 순화동***-*,염천빌딩*층",PHMG120023010033047000001,3010000,,,03,폐업,,,,
트루웨이어드바이저스(주),2019-01-02,197620.648923884,450919.874344114,2026-04-28 22:32:37,I,03,폐업,2019-01-02 16:11:34,,2018-04-17,,서울특별시 중구 남대문로*가 **번지 대한서울상공회의소 에스**호,PHMG120183010033047000023,3010000,"서울특별시 중구 세종대로 **, 대한서울상공회의소 *층 에스**호 (남대문로*가)",04513,03,폐업,,,,
명문,,197831.002724157,450794.31483169,2026-04-28 22:32:39,I,13,영업중,2020-07-07 09:22:37,,2020-07-01,,서울특별시 중구 남창동 **-* 롯데손해보험빌딩,PHMG120203010033047000066,3010000,"서울특별시 중구 소월로 *, 롯데손해보험빌딩 지하*층 숭례문 수입상가 ***호 (남창동)",04528,01,영업/정상,,,,
샤인덴탈 목동점,2017-10-20,197175.200250032,450823.319779918,2026-04-28 22:32:34,I,03,폐업,2017-10-20 09:23:38,,2016-01-13,,서울특별시 중구 중림동 **번지 *호,PHMG120163010033047000005,3010000,"서울특별시 중구 청파로 ***, *층 (중림동, 신흥빌딩)",04510,03,폐업,,,,
비엠에이솔루션 유한회사,,201374.79637073,451714.618337112,2026-04-28 22:32:42,I,13,영업중,2021-06-17 11:24:17,,2021-06-16,,서울특별시 중구 흥인동 * 동대문솔하임,PHMG120213010033047000116,3010000,"서울특별시 중구 마장로 **, 동대문솔하임 ****호 (흥인동)",04570,01,영업/정상,,,,
롯데하이마트(주) 청구지점,,201259.866775061,451070.694302157,2026-04-28 22:32:06,I,13,영업중,2025-01-14 13:43:09,,2008-12-11,100-816,서울특별시 중구 신당동 ***번지 **호 홍진빌딩 *층,PHMG120083010033047000083,3010000,"서울특별시 중구 다산로 *** (신당동, 홍진빌딩*층)",04586,01,영업/정상,,,,
약싸닷컴,2013-01-31,201058.678787938,451656.811051215,2026-04-28 22:32:23,I,03,폐업,2013-01-31 10:50:53,,2012-11-13,100-822,서울특별시 중구 신당*동 ***번지 *호 누죤빌딩 *층 ***호,PHMG120123010033047000079,3010000,서울특별시 중구 을지로**길 ** (신당동),,03,폐업,,,,
지패밀리,,199144.206302731,451235.603181108,2026-04-28 22:32:40,I,15,전출,2022-03-10 20:21:28,,2018-07-31,,서울특별시 중구 저동*가 **-* 센트럴에쓰,PHMG120213010033047000010,3010000,"서울특별시 중구 퇴계로**길 **, 센트럴에쓰 *층 ***호 (저동*가)",04555,05,제외/삭제/전출,,,02-545-0369,87
벨모아(국내),,200900.598735343,450451.246527633,2026-04-28 22:32:46,I,13,영업중,2024-07-05 15:36:07,,2024-07-05,,서울특별시 중구 신당동 ***-*,PHMG120243010033047000042,3010000,"서울특별시 중구 동호로**길 **, *층 ***호 (신당동)",04607,01,영업/정상,,,02-930-0173,
(주)월드바이오텍,2011-05-24,197625.205577713,450767.65205504,2026-04-28 22:32:19,I,03,폐업,2011-05-24 11:37:03,,2011-02-10,100-161,서울특별시 중구 봉래동*가 ***번지 창화빌딩 *층,PHMG120113010033047000006,3010000,"서울특별시 중구 세종대로 ** (봉래동*가,창화빌딩 *층)",,03,폐업,,,02-318-2804,
(주)케이엠교정덴탈,,197747.778200542,450625.764220466,2026-04-28 22:32:30,I,13,영업중,2017-09-28 14:41:50,,2015-03-19,,서울특별시 중구 남대문로*가 ***번지,PHMG120153010033047000029,3010000,"서울특별시 중구 세종대로*길 **, *층 ***호 (남대문로*가)",04527,01,영업/정상,,,,
나은 의료기,,197638.403594278,451154.232387243,2026-04-28 22:32:39,I,13,영업중,2020-12-10 13:07:04,,2019-11-19,,서울특별시 중구 서소문동 **-** 유원빌딩,PHMG120193010033047000094,3010000,"서울특별시 중구 서소문로 ***, 유원빌딩 **층 ****호 (서소문동)",04513,01,영업/정상,,,02-753-5075,
에이에스피코리아 유한책임회사,,197620.676444642,450361.506112161,2026-04-28 22:32:42,I,13,영업중,2023-07-12 16:18:07,,2020-06-16,,서울특별시 중구 남대문로*가 *** 서울스퀘어,PHMG120213010033047000103,3010000,"서울특별시 중구 한강대로 ***, 서울스퀘어 **층 ***호 (남대문로*가)",04637,01,영업/정상,,,02-6007-2756,11.97
힐스템 신당점,2025-06-30,201402.719012532,451371.925863876,2026-04-28 22:32:46,I,03,폐업,2025-07-01 17:04:03,,2024-08-23,,서울특별시 중구 신당동 ***-*,PHMG120243010033047000061,3010000,"서울특별시 중구 퇴계로**길 **, *층 (신당동)",04585,03,폐업,,,,
다양무역,,201333.051784092,451598.479736791,2026-04-28 22:32:46,I,13,영업중,2025-02-26 16:14:43,,2025-02-25,,서울특별시 중구 흥인동 *** 럭키 프라자,PHMG120253010033047000015,3010000,"서울특별시 중구 다산로 ***, 럭키 프라자 *층 (흥인동)",04569,01,영업/정상,,,,
이마트24중구가톨릭점,,197036.542728288,450756.028376469,2026-04-28 22:32:46,I,13,영업중,2024-08-14 09:06:14,,2024-08-12,,서울특별시 중구 중림동 ***-* 가톨릭출판사,PHMG120243010033047000052,3010000,"서울특별시 중구 중림로 **, 가톨릭출판사 *층 (중림동)",04506,01,영업/정상,,,,
샤인덴탈 중앙점,2016-08-31,197175.200250032,450823.319779918,2026-04-28 22:32:34,I,03,폐업,2016-08-31 13:33:28,,2016-01-13,,서울특별시 중구 중림동 **번지 *호,PHMG120163010033047000004,3010000,"서울특별시 중구 청파로 ***, *층 (중림동, 신흥빌딩)",04510,03,폐업,,,,
그레이스리뷰티라인,,198447.629369307,450791.988371166,2026-04-28 22:32:20,I,13,영업중,2019-04-26 11:26:40,,2011-04-27,,서울특별시 중구 회현동*가 **번지 쌍용남산플래티넘 ***호,PHMG120113010033047000031,3010000,"서울특별시 중구 소공로 **, ***호 (회현동*가, 쌍용남산플래티넘)",04631,01,영업/정상,,,,
캐롯매테리얼즈,,200875.959598982,450475.271041852,2026-04-28 22:32:46,I,13,영업중,2025-02-20 11:21:13,,2025-02-17,,서울특별시 중구 신당동 ***-*,PHMG120253010033047000012,3010000,"서울특별시 중구 동호로**길 **, *층 ***호 (신당동)",04607,01,영업/정상,,,,
(주)코리아세븐 약수시장점,2019-10-15,200858.339091968,450049.376670602,2026-04-28 22:32:35,I,03,폐업,2019-10-17 18:11:27,,2017-01-23,,서울특별시 중구 신당동 ***번지 *호 외 *필지 *층,PHMG120173010033047000012,3010000,"서울특별시 중구 다산로*길 **, 외 *필지 *층 (신당동)",04597,03,폐업,,,02-2231-0763,
한빛나노메디칼,2011-05-09,201501.488617913,451419.199682443,2026-04-28 22:32:13,I,03,폐업,2011-05-09 15:33:43,,2010-09-07,100-819,서울특별시 중구 신당*동 ***번지 **호 *층,PHMG120103010033047000090,3010000,"서울특별시 중구 다산로**길 ** (신당동,*층)",,03,폐업,,,22316545,
현석공예.현석메디칼,2016-10-12,198073.063552064,450876.729406983,2026-04-28 22:32:28,I,03,폐업,2016-10-12 17:28:07,,2014-10-21,100-804,"서울특별시 중구 남창동 *번지 삼익패션타운 ***호,***호",PHMG120143010033047000069,3010000,"서울특별시 중구 남대문시장*길 *, ***,***호 (남창동, 삼익패션타운)",04529,03,폐업,,,,
웰라운드 무역,,198123.904576393,451671.110698942,2026-04-28 22:32:44,I,13,영업중,2022-02-23 20:44:07,,2022-02-22,,서울특별시 중구 무교동 **,PHMG120223010033047000093,3010000,"서울특별시 중구 무교로 **, *층 ***호 (무교동)",04522,01,영업/정상,,,070-8064-2507,
한국크레오스(주),2023-05-24,198068.059896866,451666.732613608,2026-04-28 22:32:43,I,03,폐업,2023-05-24 09:52:17,,2022-01-26,,서울특별시 중구 무교동 **-*,PHMG120223010033047000012,3010000,"서울특별시 중구 무교로 **, ****호 (무교동)",04520,03,폐업,,,02-777-4857,
씨제이올리브영(주) 명동중앙점,,198517.053029629,451032.006873384,2026-04-28 22:32:15,I,13,영업중,2023-02-16 10:36:55,,2010-10-28,,서울특별시 중구 충무로*가 **-*,PHMG120103010033047000108,3010000,"서울특별시 중구 명동*나길 **, *층, *층 (충무로*가)",04536,01,영업/정상,,,02-772-9230,
씨유 광희금호점,2016-12-30,200394.851756721,451398.897492225,2026-04-28 22:32:28,I,03,폐업,2016-12-30 13:53:32,,2014-11-04,100-411,서울특별시 중구 광희동*가 **번지 *호 금호트윈오피스텔 *동 ***호,PHMG120143010033047000110,3010000,"서울특별시 중구 마른내로 ***, *동 ***호 (광희동*가, 금호트윈오피스텔)",04561,03,폐업,,,,
(주)동국홀딩스,2018-11-12,199306.091954038,451115.420348557,2026-04-28 22:32:34,I,24,직권폐업,2018-11-14 09:31:21,,2016-03-30,,서울특별시 중구 충무로*가 **번지 *호,PHMG120163010033047000028,3010000,"서울특별시 중구 충무로 **, ****호 (충무로*가, 엘크루메트로시티)",04554,04,취소/말소/만료/정지/중지,,,,
종로의료기,2023-07-25,198983.521293733,451368.060194146,2026-04-28 22:32:36,I,03,폐업,2023-07-25 16:49:12,,2017-10-27,,서울특별시 중구 저동*가 **번지 *호 ***호,PHMG120173010033047000080,3010000,"서울특별시 중구 마른내로 **, ***호 (저동*가)",04552,03,폐업,,,,
세븐2943호점(명동성당점),2021-02-24,198658.240957681,451273.716592846,2026-04-28 22:32:29,I,03,폐업,2021-02-24 17:44:23,,2014-12-03,100-809,서울특별시 중구 명동*가 *번지 **호 한송빌딩 지하층,PHMG120143010033047000164,3010000,"서울특별시 중구 명동길 **, 지하층 (명동*가, 한송빌딩)",04537,03,폐업,,,,
(주)코리아세븐 청계퍼시픽점,,198007.312899736,451837.180272831,2026-04-28 22:32:42,I,13,영업중,2024-02-23 19:33:47,,2021-05-07,,서울특별시 중구 무교동 **,PHMG120213010033047000091,3010000,"서울특별시 중구 청계천로 *, *층 (무교동)",04520,01,영업/정상,,,,
덴탈웨이,,197638.403594278,451154.232387243,2026-04-28 22:32:41,I,13,영업중,2021-04-21 14:45:10,,2021-04-20,,서울특별시 중구 서소문동 **-** 유원빌딩,PHMG120213010033047000038,3010000,"서울특별시 중구 서소문로 ***, 유원빌딩 **층 ****호 (서소문동)",04513,01,영업/정상,,,,
인성,2021-06-18,200487.85869674,451841.55172878,2026-04-28 22:32:39,I,03,폐업,2021-06-18 16:27:53,,2020-02-17,,서울특별시 중구 을지로*가 **번지 **호 통일종합의류상가,PHMG120203010033047000011,3010000,"서울특별시 중구 청계천로 ***-**, 통일종합의류상가 A동 *층 **호 (을지로*가)",04563,03,폐업,,,02-2279-3114,
중앙사,2013-05-02,201585.646021087,451516.994656249,2026-04-28 22:32:13,I,03,폐업,2013-05-02 16:31:00,,2010-08-19,100-869,서울특별시 중구 황학동 ***번지 *층,PHMG120103010033047000081,3010000,"서울특별시 중구 퇴계로 ***-* (황학동,*층)",,03,폐업,,,,
(주)바디프랜드 롯데백화점 본점,,198259.65357739,451392.198218657,2026-04-28 22:32:40,I,13,영업중,2025-10-10 09:05:54,,2020-08-14,,서울특별시 중구 소공동 *,PHMG120203010033047000077,3010000,"서울특별시 중구 남대문로 **, *층 (소공동)",04533,01,영업/정상,,,02-772-3910,
(주)우리덴탈,,197472.724851761,450649.533055158,2026-04-28 22:32:26,I,13,영업중,2024-06-25 10:49:13,,2014-03-28,100-800,서울특별시 중구 봉래동*가 ***번지 *호 한일빌딩 ***호,PHMG120143010033047000026,3010000,"서울특별시 중구 통일로 **, ***호 (봉래동*가, 한일빌딩)",04512,01,영업/정상,,,070-4640-0406,
한국천기권,2025-07-04,200817.3218528,450240.079713616,2026-04-28 22:32:46,I,03,폐업,2025-07-04 16:25:44,,2025-07-04,,서울특별시 중구 신당동 ***-** 약수JK빌딩,PHMG120243010033047000025,3010000,"서울특별시 중구 다산로**길 *, 약수JK빌딩 지하*층 (신당동)",04598,03,폐업,,,02-465-4115,
(주)명성씨앤앰,,197535.546083504,450745.808293456,2026-04-28 22:32:32,I,15,전출,2020-04-10 11:05:38,,2015-09-10,,서울특별시 중구 봉래동*가 **번지 *호 오현 ***호,PHMG120153010033047000117,3010000,"서울특별시 중구 세종대로*길 **, 오현 ***호 (봉래동*가)",04512,05,제외/삭제/전출,,,02-777-5344,
지에스25 솔라고크라운점,,199367.549270744,451152.070282241,2026-04-28 22:32:46,I,13,영업중,2024-08-20 16:01:56,,2024-08-20,,서울특별시 중구 충무로*가 ***,PHMG120243010033047000060,3010000,"서울특별시 중구 충무로*길 *, *층 ***,***호 (충무로*가)",04556,01,영업/정상,,,,
하니무역,2011-05-24,197700.367608527,450733.831413898,2026-04-28 22:31:58,I,03,폐업,2011-05-24 13:28:17,,2004-12-14,100-800,서울특별시 중구 남대문로*가 **번지 *호 청송빌딩 ***호,PHMG120043010033047000025,3010000,"서울특별시 중구 세종대로 ** (남대문로*가,청송빌딩 ***호)",,03,폐업,,,,
씨유 서소문삼성점,,197676.316050973,451123.076353142,2026-04-28 22:32:44,I,13,영업중,2022-02-04 14:15:06,,2022-01-31,,서울특별시 중구 서소문동 ***-**,PHMG120223010033047000017,3010000,"서울특별시 중구 세종대로**길 **, *층 (서소문동)",04513,01,영업/정상,,,02-755-4015,
카리스메디칼,2011-05-27,200544.610709636,451376.853057609,2026-04-28 22:32:10,I,03,폐업,2011-05-27 13:39:38,,2009-07-16,100-411,서울특별시 중구 광희동*가 ***번지 *호 ***호,PHMG120093010033047000046,3010000,,,03,폐업,,,,
(주)다비치안경체인,2024-05-08,198358.758939194,450948.455940924,2026-04-28 22:32:45,I,03,폐업,2024-05-08 17:03:28,,2022-08-08,,서울특별시 중구 충무로*가 **-**,PHMG120223010033047000208,3010000,"서울특별시 중구 소공로 **, *층 (충무로*가)",04535,03,폐업,,,070-7432-0117,
십일번가(주),,197620.676444642,450361.506112161,2026-04-28 22:32:38,I,15,전출,2024-09-19 10:03:54,,2018-09-14,,서울특별시 중구 남대문로*가 ***,PHMG120183010033047000062,3010000,"서울특별시 중구 한강대로 ***, **층 ~ **층 (남대문로*가)",04637,05,제외/삭제/전출,,,02-6119-2020,
(주)제타이미징,2019-05-08,197556.202946679,451393.885452503,2026-04-28 22:32:25,I,03,폐업,2019-05-08 16:25:15,,2014-02-19,100-752,서울특별시 중구 서소문동 **번지 *호 신아빌딩 ***호,PHMG120143010033047000013,3010000,"서울특별시 중구 서소문로**길 **, ***호 (서소문동, 신아빌딩)",04515,03,폐업,,,,
(주)티아이씨코퍼레이션,2024-05-10,202185.725696826,451383.557087862,2026-04-28 22:32:34,I,03,폐업,2024-05-10 15:43:39,,2016-03-25,,서울특별시 중구 신당동 ***번지,PHMG120163010033047000027,3010000,"서울특별시 중구 왕십리로 *** (신당동, 하나주유소)",04580,03,폐업,,,02-2234-2912,60
골든광학,2013-05-20,197759.639582972,450654.567190681,2026-04-28 22:31:59,I,03,폐업,2013-05-20 18:11:01,,2005-06-22,100-095,서울특별시 중구 남대문로*가 ***번지 광덕빌딩 지하*-*호,PHMG120053010033047000031,3010000,"서울특별시 중구 세종대로*가길 ** (남대문로*가,광덕빌딩 지하*-*호)",,03,폐업,,,,
바이오엠티에이(BioMTA),,201064.963697104,450779.720971036,2026-04-28 22:32:12,I,13,영업중,2018-03-22 17:36:48,,2010-04-14,,서울특별시 중구 신당동 ***번지 *호 명덕빌딩 ***호,PHMG120103010033047000035,3010000,"서울특별시 중구 다산로 ***, 명덕빌딩 ***호 (신당동)",04608,01,영업/정상,,,,
아이야유니온 주식회사,,197786.630049666,451192.227609488,2026-04-28 22:32:46,I,13,영업중,2025-06-12 11:10:48,,2021-11-03,,서울특별시 중구 서소문동 *** 태평로빌딩,PHMG120243010033047000041,3010000,"서울특별시 중구 세종대로 **, 태평로빌딩 **층 (서소문동)",04514,01,영업/정상,,,,
PD인터내셔날,2009-08-17,,,2026-04-28 22:31:59,I,24,직권폐업,2010-04-01 14:13:25,,2005-03-15,,"서울특별시 중구 봉래동*가 **, 덴탈프라자 ***-*호",PHMG120053010033047000019,3010000,,,04,취소/말소/만료/정지/중지,,,,
인성메디텍,,199419.643695968,451319.55169995,2026-04-28 22:32:36,I,15,전출,2018-10-04 17:41:11,,2017-07-17,,서울특별시 중구 인현동*가 **번지 **호 *층,PHMG120173010033047000056,3010000,"서울특별시 중구 마른내로 **, *층 (인현동*가)",04556,05,제외/삭제/전출,,,,
닥터히어링,2010-02-01,201030.121806992,450551.153239139,2026-04-28 22:32:11,I,03,폐업,2010-02-01 17:11:24,,2009-11-04,100-454,서울특별시 중구 신당*동 ***번지 ***호 지층,PHMG120093010033047000077,3010000,"서울특별시 중구 다산로**길 * (신당동,지층)",,03,폐업,,,,
(주)제이더블유커뮤니케이션스,,199096.873608411,451430.950357021,2026-04-28 22:32:45,I,13,영업중,2025-03-17 10:51:32,,2023-03-20,,서울특별시 중구 저동*가 *-*,PHMG120233010033047000029,3010000,"서울특별시 중구 을지로**길 **, *층 알****호 (저동*가)",04550,01,영업/정상,,,,
(주)엘씨코리아,2019-12-30,197761.352668418,450694.317526664,2026-04-28 22:32:25,I,24,직권폐업,2019-12-31 14:45:40,,2013-10-02,100-704,서울특별시 중구 남대문로*가 ***번지 단암빌딩 *층,PHMG120133010033047000055,3010000,"서울특별시 중구 소월로 **, *층 (남대문로*가)",04527,04,취소/말소/만료/정지/중지,,,,
(주)유비어스글로벌,,198623.369754854,450781.146728928,2026-04-28 22:32:39,I,15,전출,2024-07-02 16:52:46,,2020-04-14,,서울특별시 중구 남산동*가 **번지 **호,PHMG120203010033047000038,3010000,"서울특별시 중구 퇴계로**길 **, ***호 (남산동*가)",04631,05,제외/삭제/전출,,,02-1522-4888,
덴탈비앤비,2017-05-15,197457.904578738,450796.095585323,2026-04-28 22:32:13,I,03,폐업,2017-05-15 16:40:38,,2010-09-08,100-130,서울특별시 중구 순화동 ***번지 **호 방원빌딩  ***호,PHMG120103010033047000092,3010000,"서울특별시 중구 칠패로 **, ***호 (순화동,방원빌딩)",,03,폐업,,,,
(주)코리아세븐 동국대점,2021-11-30,199780.053397083,451065.831247269,2026-04-28 22:32:42,I,03,폐업,2021-11-30 15:58:04,,2021-05-04,,서울특별시 중구 충무로*가 **-*,PHMG120213010033047000053,3010000,"서울특별시 중구 서애로 *, *층 (충무로*가)",04624,03,폐업,,,,
코웨이002브랜치,2015-05-28,200182.534630661,451347.193947525,2026-04-28 22:32:24,I,03,폐업,2015-05-28 18:10:20,,2013-05-02,100-400,서울특별시 중구 쌍림동 ***번지 *호 한림빌딩 *층,PHMG120133010033047000029,3010000,"서울특별시 중구 동호로 *** (쌍림동, 한림빌딩 *층)",,03,폐업,,,02-564-6722,
웰빙케어,2014-09-30,199367.773493795,451569.417425955,2026-04-28 22:32:12,I,24,직권폐업,2014-10-06 10:48:10,,2010-06-25,100-849,서울특별시 중구 을지로*가 ***번지 *호 을지로지하상가 ***호,PHMG120103010033047000062,3010000,서울특별시 중구 을지로 지하 *** (을지로*가),,04,취소/말소/만료/정지/중지,,,22633778,
덴트몰,2010-09-28,197492.284660717,450726.689913465,2026-04-28 22:31:59,I,24,직권폐업,2011-12-26 17:50:36,,2005-07-11,100-161,서울특별시 중구 봉래동*가 **번지 덴탈프라자 ***호,PHMG120053010033047000042,3010000,"서울특별시 중구 세종대로*길 **, ***호 (봉래동*가,덴탈프라자)",,04,취소/말소/만료/정지/중지,,,,
세븐일레븐 을지로광희점,,200512.795405829,451530.475112352,2026-04-28 22:32:45,I,13,영업중,2022-11-24 22:27:28,,2022-11-24,,서울특별시 중구 을지로*가 **-*,PHMG120223010033047000249,3010000,"서울특별시 중구 을지로 ***, *층 (을지로*가)",04561,01,영업/정상,,,02-2265-5430,
(주)노트커뮤니케이션,,199097.276818501,451645.274277074,2026-04-28 22:32:36,I,15,전출,2022-01-06 20:30:29,,2017-06-21,,서울특별시 중구 수표동 **번지 *호 동화빌딩 ***호,PHMG120173010033047000051,3010000,"서울특별시 중구 을지로**길 **, *층 ***호 (수표동)",04543,05,제외/삭제/전출,,,070-7782-2740,
재이트레이딩(주),2025-02-06,197620.648923884,450919.874344114,2026-04-28 22:32:39,I,03,폐업,2025-02-06 15:44:46,,2019-08-08,,서울특별시 중구 남대문로*가 **번지 대한서울상공회의소,PHMG120193010033047000064,3010000,"서울특별시 중구 세종대로 **, 대한서울상공회의소 *층 (남대문로*가)",04513,03,폐업,,,02-3406-0081,
㈜리브로,2019-12-30,198477.517150403,451579.634210825,2026-04-28 22:31:57,I,24,직권폐업,2019-12-31 11:12:42,,2002-02-25,100-787,서울특별시 중구 을지로*가 *번지,PHMG120023010033047000004,3010000,서울특별시 중구 을지로 ** (을지로*가),04539,04,취소/말소/만료/정지/중지,,,,
㈜디앤아이컨피던스,2024-01-26,197462.198757043,450878.211786274,2026-04-28 22:32:04,I,24,직권폐업,2024-01-29 15:57:50,,2008-02-19,100-130,서울특별시 중구 순화동 ***번지 포스코더샵 B동 ***호,PHMG120083010033047000014,3010000,"서울특별시 중구 칠패로 **, B동 ***호 (순화동, 포스코더샵)",04511,04,취소/말소/만료/정지/중지,,,21198771,
크리덴탈,,197462.198757043,450878.211786274,2026-04-28 22:32:42,I,13,영업중,2021-05-13 13:12:31,,2011-03-17,,서울특별시 중구 순화동 *** 순화동더샵,PHMG120213010033047000092,3010000,"서울특별시 중구 칠패로 **, 순화동더샵 ***호 (순화동)",04511,01,영업/정상,,,02-365-2872,48.05
제이엠옵티칼,,197759.639582972,450654.567190681,2026-04-28 22:32:37,I,13,영업중,2018-02-07 13:47:24,,2018-02-01,,서울특별시 중구 남대문로*가 ***번지 광덕빌딩 ***호,PHMG120183010033047000005,3010000,"서울특별시 중구 세종대로*가길 **, 광덕빌딩 ***호 (남대문로*가)",04527,01,영업/정상,,,02-318-4403,
(주)올메디,,197551.259851612,450755.647208315,2026-04-28 22:32:30,I,15,전출,2016-06-08 17:35:10,,2015-01-27,100-161,서울특별시 중구 봉래동*가 **번지 *,PHMG120153010033047000013,3010000,"서울특별시 중구 세종대로*길 **, *층 (봉래동*가)",04512,05,제외/삭제/전출,,,02-6235-7900,
미담(MIDAM),,201273.694367641,451207.31987784,2026-04-28 22:32:34,I,13,영업중,2016-05-16 10:40:05,,2016-05-13,,서울특별시 중구 신당동 ***번지 **호,PHMG120163010033047000044,3010000,"서울특별시 중구 다산로 ***, ***호 (신당동, 신당빌딩)",04611,01,영업/정상,,,,
주식회사리라파트너스코리아,,198490.512404745,451316.412077837,2026-04-28 22:32:46,I,13,영업중,2025-11-21 17:46:59,,2025-11-19,,서울특별시 중구 명동*가 **-* 개양빌딩,PHMG120253010033047000064,3010000,"서울특별시 중구 명동*길 *, 개양빌딩 ***호 (명동*가)",04534,01,영업/정상,,,,
(주)오렌지사이언티픽,,200247.098067944,451193.482960446,2026-04-28 22:32:39,I,13,영업중,2020-05-07 10:50:05,,2020-05-06,,서울특별시 중구 쌍림동 ***번지 **호 쌍림빌딩,PHMG120203010033047000045,3010000,"서울특별시 중구 퇴계로 ***, 쌍림빌딩 *층 ***호 (쌍림동)",04615,01,영업/정상,,,02-2285-0174,
(주)디엘,2025-08-24,198646.936232213,451195.13134965,2026-04-28 22:32:45,I,03,폐업,2025-08-20 15:18:29,,2023-11-16,,서울특별시 중구 명동*가 *-*,PHMG120233010033047000097,3010000,"서울특별시 중구 명동**길 **-*, *층 (명동*가)",04537,03,폐업,,,02-3789-7879,
㈜태양메디텍 남대문지점,2022-06-21,197536.670589063,450641.791099558,2026-04-28 22:32:03,I,03,폐업,2022-06-21 18:12:52,,2007-08-13,100-800,서울특별시 중구 남대문로*가 **번지 **호,PHMG120073010033047000035,3010000,서울특별시 중구 세종대로*길 * (남대문로*가),04512,03,폐업,,,,
콤마더문명동,,198659.446197759,451198.789321829,2026-04-28 22:32:46,I,13,영업중,2025-04-07 10:05:27,,2025-04-02,,서울특별시 중구 명동*가 *-*,PHMG120253010033047000024,3010000,"서울특별시 중구 명동**길 **-*, *층 (명동*가)",04537,01,영업/정상,,,,
(주)에이투메디컬,2023-10-13,197490.639447916,450617.158990348,2026-04-28 22:32:10,I,03,폐업,2023-10-13 14:34:03,,2009-07-27,100-800,서울특별시 중구 남대문로*가 **번지 *호 덴탈아트빌딩 *층,PHMG120093010033047000051,3010000,"서울특별시 중구 통일로 **-*, *층 (남대문로*가, 덴탈아트빌딩)",04512,03,폐업,,,,
(주)비지에프휴먼넷 을지로데코프라자점,2016-12-30,199448.102922035,451548.668257947,2026-04-28 22:32:29,I,03,폐업,2016-12-30 13:46:10,,2014-11-18,100-847,"서울특별시 중구 을지로*가 ***번지 *호 중앙데코프라자 ***,***호",PHMG120143010033047000148,3010000,"서울특별시 중구 을지로 ***, ***,***호 (을지로*가, 중앙데코프라자)",04549,03,폐업,,,,
씨유 청구이편한점,2016-12-30,201275.134194529,450917.542054962,2026-04-28 22:32:32,I,03,폐업,2016-12-30 13:46:52,,2015-10-30,,서울특별시 중구 신당동 ***번지 **호,PHMG120153010033047000129,3010000,서울특별시 중구 청구로*길 ** (신당동),04586,03,폐업,,,02-2231-0477,
㈜롯데닷컴,2018-08-01,199540.014446067,451538.669466551,2026-04-28 22:31:57,I,03,폐업,2018-08-01 11:37:25,,2001-04-13,100-786,서울특별시 중구 을지로*가 ***번지 **호 삼풍빌딩 *층,PHMG120013010033047000009,3010000,"서울특별시 중구 을지로 ***, *층 (을지로*가, 삼풍빌딩)",04548,03,폐업,,,02-3668-8872,
지에스25(GS25) S6신당역점,2024-09-11,201363.777556422,451662.510762256,2026-04-28 22:32:44,I,03,폐업,2024-09-11 16:08:16,,2022-04-19,,서울특별시 중구 흥인동 ***-*,PHMG120223010033047000146,3010000,"서울특별시 중구 다산로 지하***, B* ***호 (흥인동)",04570,03,폐업,,,02-2233-2022,
왕가네몰,2022-08-11,199810.591813598,451300.59780961,2026-04-28 22:32:40,I,03,폐업,2022-08-11 14:52:15,,2021-03-16,,서울특별시 중구 예관동 **-** 동림비즈센터,PHMG120213010033047000026,3010000,"서울특별시 중구 창경궁로 **-*, 동림비즈센터 *층 ***호 (예관동)",04559,03,폐업,,,,
코스모덴탈,2014-12-01,197462.198757043,450878.211786274,2026-04-28 22:32:20,I,03,폐업,2014-12-01 18:13:40,,2011-06-17,100-130,서울특별시 중구 순화동 ***번지 포스코더샵 B동 ***(일호,PHMG120113010033047000045,3010000,"서울특별시 중구 칠패로 **, B동 *층 ***(일부)호 (순화동, 포스코더샵)",,03,폐업,,,20688946,
태원 메디칼,,201852.931048042,450855.26449377,2026-04-28 22:32:39,I,15,전출,2021-05-11 16:11:10,,2020-05-11,,서울특별시 중구 신당동 ***번지 현대아파트,PHMG120203010033047000047,3010000,"서울특별시 중구 다산로**길 ***, *층 ***호 (신당동, 현대아파트)",04582,05,제외/삭제/전출,,,,
카디널헬스코리아(유),,197408.038213908,450940.510965994,2026-04-28 22:32:38,I,13,영업중,2022-11-23 17:33:29,,2019-01-02,,서울특별시 중구 순화동 ***,PHMG120193010033047000001,3010000,"서울특별시 중구 통일로*길 **, *층 (순화동)",04511,01,영업/정상,,,02-6190-5546,
메디라이프,2020-04-20,199144.206302731,451235.603181108,2026-04-28 22:32:39,I,03,폐업,2020-04-20 14:04:35,,2020-03-20,,서울특별시 중구 저동*가 **번지 *호 센트럴에쓰 *층 ***호,PHMG120203010033047000021,3010000,"서울특별시 중구 퇴계로**길 **, 센트럴에쓰 *층 ***호 (저동*가)",04555,03,폐업,,,,
페도솔루션(주),2019-12-30,198170.661094714,451256.151029714,2026-04-28 22:32:32,I,24,직권폐업,2019-12-31 17:37:50,,2015-11-02,,서울특별시 중구 소공동 **번지 *호,PHMG120153010033047000131,3010000,"서울특별시 중구 소공로 **, *층 (소공동, 지에스지빌딩)",04532,04,취소/말소/만료/정지/중지,,,02-3497-1756,
덴탈-몰,2011-10-05,197492.284660717,450726.689913465,2026-04-28 22:32:21,I,03,폐업,2011-10-20 11:14:42,,2011-09-22,100-161,서울특별시 중구 봉래동*가 **번지 메리츠화재*빌딩***호,PHMG120113010033047000074,3010000,"서울특별시 중구 세종대로*길 ** (봉래동*가,메리츠화재*빌딩***호)",,03,폐업,,,,
주식회사 딜리버리케어,,197566.025174596,450801.904665575,2026-04-28 22:32:40,I,15,전출,2022-07-22 10:35:57,,2019-08-13,,서울특별시 중구 봉래동*가 *-** 연세봉래빌딩,PHMG120203010033047000090,3010000,"서울특별시 중구 칠패로 **, 연세봉래빌딩 *층 (봉래동*가)",04512,05,제외/삭제/전출,,,,
온누리덴탈,,197185.178805798,450729.302106846,2026-04-28 22:31:57,I,13,영업중,2025-11-05 13:02:58,,2002-04-10,,서울특별시 중구 중림동 **,PHMG120023010033047000007,3010000,"서울특별시 중구 청파로 ***, ***호 (중림동)",04507,01,영업/정상,,,,
주식회사 플리앤드,2023-10-20,198459.656304955,451484.997004171,2026-04-28 22:32:45,I,03,폐업,2023-10-20 16:44:15,,2023-10-11,,서울특별시 중구 을지로*가 *** 을지 한국빌딩,PHMG120233010033047000086,3010000,"서울특별시 중구 을지로 **, 을지 한국빌딩 ****호 (을지로*가)",04534,03,폐업,,,,
(주)코리아세븐 신당3호점,2019-10-15,201143.417111499,450593.662627536,2026-04-28 22:32:28,I,03,폐업,2019-10-17 18:12:39,,2014-11-05,100-826,서울특별시 중구 신당동 ***번지 **호 동성빌딩 *층,PHMG120143010033047000114,3010000,"서울특별시 중구 다산로**길 **, *층 (신당동, 동성빌딩)",04591,03,폐업,,,02-2233-6104,
수정메디,,200724.333286678,450384.666336412,2026-04-28 22:32:33,I,13,영업중,2017-01-01 16:07:33,,2015-12-21,,서울특별시 중구 신당동 ***번지 **호 ***호,PHMG120153010033047000148,3010000,"서울특별시 중구 동호로**길 **-**, ***호 (신당동)",04598,01,영업/정상,,,,
주식회사 엠펠 테팔브라운(롯데본점),2025-02-13,198259.65357739,451392.198218657,2026-04-28 22:32:38,I,03,폐업,2025-02-13 14:32:12,,2018-06-27,,서울특별시 중구 소공동 *번지 롯데호텔,PHMG120183010033047000043,3010000,"서울특별시 중구 을지로 **, 롯데호텔 *층 (소공동)",04533,03,폐업,,,02-772-3925,
에이블메디칼,2014-01-03,199575.840998088,450848.039243807,2026-04-28 22:32:12,I,03,폐업,2014-01-03 18:04:46,,2010-04-29,100-272,서울특별시 중구 필동*가 **번지 *호 원일빌딩  ***호,PHMG120103010033047000038,3010000,"서울특별시 중구 필동로 **, ***호 (필동*가,원일빌딩)",,03,폐업,,,,
부자마을,2024-05-29,201823.908977364,452076.818664092,2026-04-28 22:32:40,I,03,폐업,2024-05-29 10:02:26,,2020-11-26,,서울특별시 중구 황학동 **** 롯데캐슬베네치아,PHMG120203010033047000111,3010000,"서울특별시 중구 청계천로 ***, ***동 ****호 (황학동, 롯데캐슬베네치아)",04572,03,폐업,,,,
(주)코리아세븐 중구삼화점,2025-07-11,198591.48750042,451623.0201872,2026-04-28 22:32:45,I,03,폐업,2025-07-11 13:21:53,,2022-12-05,,서울특별시 중구 을지로*가 ***,PHMG120223010033047000254,3010000,"서울특별시 중구 을지로*길 **, B***호 (을지로*가)",04539,03,폐업,,,,
㈜피디치과상사,,197462.198757043,450878.211786274,2026-04-28 22:32:03,I,13,영업중,2017-06-30 09:14:51,,2007-07-25,,서울특별시 중구 순화동 ***번지 *층  ***호,PHMG120073010033047000027,3010000,"서울특별시 중구 칠패로 **, *층 ***호 (순화동, 순화동 the# 주상복합)",04511,01,영업/정상,,,,
지엑시,2019-12-30,199229.920454832,451163.795783446,2026-04-28 22:32:00,I,24,직권폐업,2019-12-31 17:33:06,,2006-02-15,100-013,서울특별시 중구 충무로*가 **번지 *호 덕성빌딩 *층,PHMG120063010033047000008,3010000,"서울특별시 중구 수표로*길 **, *층 (충무로*가, 덕성빌딩)",04554,04,취소/말소/만료/정지/중지,,,22747177,
(주)듀오백 리얼컴포트 현대시티동대문점,2023-02-28,200613.510297669,451817.515366883,2026-04-28 22:32:39,I,03,폐업,2023-02-28 19:49:10,,2020-03-09,,서울특별시 중구 을지로*가 **번지 *호 현대시티타워,PHMG120203010033047000016,3010000,"서울특별시 중구 장충단로**길 **, 현대시티타워 *층 (을지로*가)",04563,03,폐업,,,,
지에스25 중구퇴계점,,199199.380652489,450953.812479101,2026-04-28 22:32:44,I,13,영업중,2022-03-28 09:55:36,,2022-03-25,,서울특별시 중구 필동*가 **-**,PHMG120223010033047000124,3010000,"서울특별시 중구 퇴계로 ***, *층 (필동*가)",04627,01,영업/정상,,,02-2275-3979,
주식회사 보앤피플,2014-05-28,201159.507123918,451391.220187921,2026-04-28 22:32:12,I,03,폐업,2014-05-28 15:41:23,,2010-03-24,100-823,서울특별시 중구 신당*동 ***번지 *호 태화빌딩 *층,PHMG120103010033047000024,3010000,"서울특별시 중구 퇴계로 *** (신당동,태화빌딩 *층)",,03,폐업,,,22533563,
도우덴탈,,197476.733641931,450632.159070388,2026-04-28 22:32:25,I,15,전출,2016-05-31 14:25:50,,2014-03-04,100-161,서울특별시 중구 봉래동*가 ***번지 *호 일신빌딩 ***호,PHMG120143010033047000016,3010000,"서울특별시 중구 통일로 **, ***호 (봉래동*가, 일신빌딩)",04512,05,제외/삭제/전출,,,070-7570-9321,
위드유메디케어,2022-12-28,200883.199418837,450650.871746212,2026-04-28 22:32:45,I,03,폐업,2022-12-28 18:24:30,,2022-12-15,,서울특별시 중구 신당동 ***-*,PHMG120223010033047000257,3010000,"서울특별시 중구 동호로**길 **, *층 (신당동)",04607,03,폐업,,,02-2238-3176,
(주)코리아세븐 남대문카페점,,198164.81085207,450959.327320834,2026-04-28 22:32:42,I,13,영업중,2024-02-23 19:31:02,,2021-05-07,,서울특별시 중구 회현동*가 ***-*,PHMG120213010033047000080,3010000,"서울특별시 중구 남대문시장길 **, *,*층 (회현동*가)",04529,01,영업/정상,,,,
(주)스포츠서울,2019-12-30,200357.848721979,450908.000822318,2026-04-28 22:32:31,I,24,직권폐업,2019-12-31 11:37:13,,2015-06-18,100-855,서울특별시 중구 장충동*가 ***번지 **호 *층,PHMG120153010033047000077,3010000,"서울특별시 중구 동호로**길 **-*, *층 (장충동*가)",04617,04,취소/말소/만료/정지/중지,,,02-2001-0061,
(주)코리아세븐 서대문역점,2019-10-15,197098.710590401,451445.394000661,2026-04-28 22:32:28,I,03,폐업,2019-10-17 18:12:06,,2014-10-31,100-141,서울특별시 중구 의주로*가 **번지 **호 바비엥* 오피스텔***,PHMG120143010033047000089,3010000,"서울특별시 중구 통일로 ***, ***호 (의주로*가, 바비엥* 오피스텔)",04517,03,폐업,,,,
아스카메디칼㈜,2015-02-25,197034.02843741,450305.644873169,2026-04-28 22:32:06,I,03,폐업,2015-02-25 14:31:06,,2008-10-08,100-371,서울특별시 중구 만리동*가 **번지 *호 대우디오빌 ***호,PHMG120083010033047000073,3010000,"서울특별시 중구 만리재로 ***, *층 ***호 (만리동*가, 대우디오빌)",,03,폐업,,,,
롯데백화점 에뜨와,2018-11-12,198259.65357739,451392.198218657,2026-04-28 22:32:15,I,24,직권폐업,2018-11-14 09:34:15,,2010-10-19,100-721,서울특별시 중구 소공동 *번지 롯데백화점 *층,PHMG120103010033047000103,3010000,"서울특별시 중구 을지로 **, *층 (소공동, 롯데백화점)",04533,04,취소/말소/만료/정지/중지,,,,
롯데백화점 프리미에쥬르,2018-01-10,198259.65357739,451392.198218657,2026-04-28 22:32:15,I,24,직권폐업,2018-01-10 14:44:46,,2010-10-20,100-721,서울특별시 중구 소공동 *번지 롯데백화점 *층,PHMG120103010033047000104,3010000,"서울특별시 중구 을지로 **, *층 (소공동, 롯데백화점)",04533,04,취소/말소/만료/정지/중지,,,,
(주)메디밸류,,197462.198757043,450878.211786274,2026-04-28 22:32:43,I,15,전출,2022-11-18 14:30:00,,2021-12-24,,서울특별시 중구 순화동 ***,PHMG120213010033047000179,3010000,"서울특별시 중구 칠패로 **, ***호 (순화동)",04511,05,제외/삭제/전출,,,02-779-6551,
베스트광학,2020-04-06,197692.601616889,450709.793991215,2026-04-28 22:31:58,I,03,폐업,2020-04-06 15:48:17,,2003-08-18,100-800,서울특별시 중구 남대문로*가 **번지 *호   ***호,PHMG120033010033047000016,3010000,"서울특별시 중구 세종대로*나길 **, ***호 (남대문로*가)",,03,폐업,,,,
한국고려인삼 모모영참쇼핑,2019-11-07,197906.575006031,450898.545408542,2026-04-28 22:32:06,I,03,폐업,2019-11-07 13:27:37,,2010-07-21,100-094,서울특별시 중구 남대문로*가 **번지 **호 남대문지하쇼핑  **호,PHMG120093010033047000005,3010000,"서울특별시 중구 남대문시장길 **-*, **호 (남대문로*가,남대문지하쇼핑)",,03,폐업,,,02-756-1789,
올리브덴탈 양천점,,197175.200250032,450823.319779918,2026-04-28 22:32:28,I,13,영업중,2017-09-06 18:11:27,,2014-09-15,,서울특별시 중구 중림동 **번지 *호 *층,PHMG120143010033047000055,3010000,"서울특별시 중구 청파로 ***, *층 (중림동, 신흥빌딩)",04510,01,영업/정상,,,,
씨유 코리아나호텔점,,197867.156641113,451779.880897566,2026-04-28 22:32:44,I,13,영업중,2022-02-25 22:12:49,,2022-02-25,,서울특별시 중구 태평로*가 **-*,PHMG120223010033047000102,3010000,"서울특별시 중구 세종대로 ***, *층 (태평로*가)",04519,01,영업/정상,,,02-375-9936,
청계천아가방,2014-08-22,201823.908977364,452076.818664092,2026-04-28 22:32:21,I,03,폐업,2014-08-22 18:06:30,,2011-06-30,100-440,서울특별시 중구 황학동 ****번지 지층 (이마트),PHMG120113010033047000054,3010000,"서울특별시 중구 청계천로 *** (황학동,지층 (이마트))",,03,폐업,,,20486399,
Best Optic,2022-01-17,197692.601616889,450709.793991215,2026-04-28 22:32:39,I,03,폐업,2022-01-17 18:09:46,,2020-04-06,,서울특별시 중구 남대문로*가 **번지 *호 ***호,PHMG120203010033047000033,3010000,"서울특별시 중구 세종대로*나길 **, ***호 (남대문로*가)",04527,03,폐업,,,02-756-4559,
무페이스,2020-07-31,200493.732347829,451481.844673921,2026-04-28 22:32:34,I,03,폐업,2020-07-31 09:47:21,,2016-02-16,,서울특별시 중구 광희동*가 ***번지 *호 ****호,PHMG120163010033047000015,3010000,"서울특별시 중구 을지로**길 **, ****호 (광희동*가, 뉴금호타워)",04561,03,폐업,,,02-499-6117,
세컨드브레인,,201400.824438273,451528.012185815,2026-04-28 22:32:45,I,13,영업중,2023-12-20 10:58:52,,2023-12-20,,서울특별시 중구 흥인동 ** 리마크빌 동대문,PHMG120233010033047000107,3010000,"서울특별시 중구 다산로 ***, 리마크빌 동대문 B동 ****호 (흥인동)",04570,01,영업/정상,,,,
코웨이(주),,197375.183833059,451036.59540776,2026-04-28 22:32:20,I,15,전출,2021-03-02 12:41:32,,2011-04-20,,서울특별시 중구 순화동 *번지,PHMG120113010033047000024,3010000,서울특별시 중구 서소문로 ** (순화동),04511,05,제외/삭제/전출,,,02-2172-1362,
세븐일레븐 충정로2호점,,196864.942838297,450649.69804319,2026-04-28 22:32:41,I,13,영업중,2021-05-03 13:26:34,,2021-04-29,,서울특별시 중구 중림동 *** 중림동 삼성 사이버 빌리지,PHMG120213010033047000043,3010000,"서울특별시 중구 중림로 **, 상가동 *층 ***호 (중림동, 중림동 삼성 사이버 빌리지)",04502,01,영업/정상,,,02-393-4581,
(주)에치씨바이오텍,,196948.933328771,450906.177832843,2026-04-28 22:32:36,I,13,영업중,2020-12-10 14:03:31,,2017-05-19,,서울특별시 중구 중림동 *** 센트럴타워,PHMG120173010033047000037,3010000,"서울특별시 중구 서소문로 **, 센트럴타워 ***호 (중림동)",04505,01,영업/정상,,,02-2128-0077,
지에스25 을지로4가역점,2023-10-17,199693.302714092,451535.867322585,2026-04-28 22:32:44,I,03,폐업,2023-10-17 18:42:07,,2022-02-03,,서울특별시 중구 을지로*가 ***,PHMG120223010033047000022,3010000,"서울특별시 중구 을지로 ***, B*층 B***호 (을지로*가)",04548,03,폐업,,,,
(주)에스트라,2016-06-16,198916.653480187,451694.842893728,2026-04-28 22:32:30,I,03,폐업,2016-06-16 10:44:01,,2015-03-24,100-230,서울특별시 중구 수표동 **번지 시그니쳐타워 서관 **층,PHMG120153010033047000033,3010000,"서울특별시 중구 청계천로 ***, **층 (수표동, 시그니쳐타워 서관)",04542,03,폐업,,,02-3780-9453,
AFC코리아,,198034.008110504,450769.240723469,2026-04-28 22:32:31,I,13,영업중,2018-05-02 16:40:43,,2015-06-09,,서울특별시 중구 남창동 **번지 **호,PHMG120153010033047000074,3010000,서울특별시 중구 남대문시장*길 ** (남창동),04529,01,영업/정상,,,070-8611-8750,
(주)코리아세븐 정동빌딩점,,197365.094626051,451701.65750808,2026-04-28 22:32:42,I,13,영업중,2024-02-23 17:22:20,,2021-05-07,,서울특별시 중구 정동 **-* 정동빌딩,PHMG120213010033047000089,3010000,"서울특별시 중구 정동길 **-**, 정동빌딩 지하*층 (정동)",04518,01,영업/정상,,,,
씨유 중구정동길점,,197252.020075515,451688.94117805,2026-04-28 22:32:44,I,13,영업중,2022-03-25 14:38:54,,2022-03-24,,서울특별시 중구 정동 **-**,PHMG120223010033047000123,3010000,"서울특별시 중구 정동길 **, *층 (정동)",04516,01,영업/정상,,,,
천일에프에스(주),2015-08-03,200114.047054556,451422.383765796,2026-04-28 22:32:11,I,24,직권폐업,2015-08-03 17:50:04,,2009-10-30,100-310,서울특별시 중구 오장동 ***번지 **호 문명빌딩*층,PHMG120093010033047000076,3010000,"서울특별시 중구 동호로 ***-* (오장동,문명빌딩*층)",,04,취소/말소/만료/정지/중지,,,22655335,
남산토탈,2016-01-27,201230.167293495,450277.600241968,2026-04-28 22:32:31,I,03,폐업,2016-01-27 16:14:56,,2015-07-15,100-761,서울특별시 중구 신당동 ***번지 약수하이츠  ***동 ****호,PHMG120153010033047000096,3010000,"서울특별시 중구 동호로**길 **, ***동 ****호 (신당동, 약수하이츠 )",04593,03,폐업,,,070-4842-3800,
(주)크림씨에스케이,,199487.587524199,451444.704611278,2026-04-28 22:32:43,I,13,영업중,2021-11-03 16:52:00,,2021-11-02,,서울특별시 중구 인현동*가 **-*,PHMG120213010033047000162,3010000,"서울특별시 중구 을지로**길 **-**, *층 (인현동*가)",04549,01,영업/정상,,,02-2038-2295,
에스엠덴탈,2010-09-08,,,2026-04-28 22:31:58,I,03,폐업,2010-09-08 13:55:08,,2004-04-12,100-802,서울특별시 중구 남대문로*가 ***번지 이프라자빌딩 ***호,PHMG120043010033047000006,3010000,"서울특별시 중구 세종대로*길 **, ***호 (남대문로*가,이프라자빌딩)",,03,폐업,,,,
티애드&메디 T ad & medi,2018-10-11,199275.059419056,451423.387772265,2026-04-28 22:32:28,I,03,폐업,2018-10-11 17:11:48,,2014-10-08,100-300,서울특별시 중구 초동 **번지 *호 *층,PHMG120143010033047000062,3010000,"서울특별시 중구 충무로 **-*, *층 (초동)",04550,03,폐업,,,070-8737-8878,
크리덴탈,2011-03-16,197462.198757043,450878.211786274,2026-04-28 22:32:06,I,03,폐업,2011-03-16 16:01:33,,2009-04-07,100-130,서울특별시 중구 순화동 ***번지 포스코더샾  B동 ***호,PHMG120083010033047000076,3010000,"서울특별시 중구 칠패로 **, B동 ***호 (순화동,포스코더샾)",,03,폐업,,,,
(주)코리아세븐 약수시장점,,200858.339091968,450049.376670602,2026-04-28 22:32:42,I,13,영업중,2024-02-23 11:43:49,,2021-05-04,,서울특별시 중구 신당동 ***-*,PHMG120213010033047000056,3010000,"서울특별시 중구 다산로*길 **, 외 *필지 *층 (신당동)",04597,01,영업/정상,,,,
지에스25 동대문쇼핑점,,201122.570982746,451623.769078061,2026-04-28 22:32:44,I,13,영업중,2022-02-16 14:33:42,,2022-02-11,,서울특별시 중구 신당동 ***-**,PHMG120223010033047000079,3010000,"서울특별시 중구 퇴계로**가길 **, *층 (신당동)",04566,01,영업/정상,,,02-2233-1674,
굿모닝덴탈,,197476.733641931,450632.159070388,2026-04-28 22:32:34,I,15,전출,2025-12-23 08:55:47,,2016-05-09,,서울특별시 중구 봉래동*가 ***번지 *호 일신빌딩,PHMG120163010033047000040,3010000,"서울특별시 중구 통일로 **, 일신빌딩 *층 ***호 (봉래동*가)",04512,05,제외/삭제/전출,,,,
주식회사 메디플란트 서울지점,,197462.198757043,450878.211786274,2026-04-28 22:32:36,I,15,전출,2018-05-24 10:44:55,,2017-10-27,,서울특별시 중구 순화동 ***번지 순화동 the# 주상복합 B동 ***호,PHMG120173010033047000079,3010000,"서울특별시 중구 칠패로 **, B동 ***호 (순화동)",04511,05,제외/삭제/전출,,,,
중앙치과재료상사,,197450.293515357,450705.935242793,2026-04-28 22:31:56,I,13,영업중,2014-06-24 08:43:58,,1987-02-05,100-161,서울특별시 중구 봉래동*가 **번지 대흥빌딩 *층 ***호,PHMG119873010033047000001,3010000,"서울특별시 중구 통일로 **, *층 ***호 (봉래동*가, 대흥빌딩)",04512,01,영업/정상,,,02-752-3520,
(주)메딕프로코리아한국총판,2024-05-27,200394.851756721,451398.897492225,2026-04-28 22:32:41,I,03,폐업,2024-05-27 11:43:54,,2021-04-21,,서울특별시 중구 광희동*가 **-* 광희동금호트윈오피스텔,PHMG120213010033047000039,3010000,"서울특별시 중구 마른내로 ***, 광희동금호트윈오피스텔 *동 ****호 (광희동*가)",04561,03,폐업,,,02-2266-6802,
투셀플러스,2018-06-25,200045.956807889,451580.447090807,2026-04-28 22:32:25,I,03,폐업,2018-06-25 10:25:33,,2014-01-16,100-195,서울특별시 중구  ***번지 *호 공영빌딩 ***호,PHMG120143010033047000004,3010000,"서울특별시 중구 을지로 ***, ***호 (을지로*가, 공영빌딩)",04547,03,폐업,,,,
비씨카드㈜,,199693.302714092,451535.867322585,2026-04-28 22:32:39,I,13,영업중,2021-04-27 11:08:07,,2007-07-04,,서울특별시 중구 을지로*가 ***번지 **층,PHMG120193010033047000095,3010000,"서울특별시 중구 을지로 ***, **층 (을지로*가)",04548,01,영업/정상,,,02-520-4249,
스타키보청기 중구센터,,200941.200748117,450359.729461238,2026-04-28 22:32:26,I,13,영업중,2014-05-12 14:36:58,,2014-05-08,100-841,서울특별시 중구 신당동 ***번지 **호 *층,PHMG120143010033047000034,3010000,"서울특별시 중구 다산로 ***, *층 (신당동)",04590,01,영업/정상,,,,
(주)코리아세븐 M을지로3가역점,2015-02-12,199337.216101397,451681.697719483,2026-04-28 22:32:28,I,03,폐업,2015-02-12 20:03:05,,2014-10-27,100-847,서울특별시 중구 을지로*가 ***번지 *호 지하철역사내 상가 ***-D*,PHMG120143010033047000074,3010000,"서울특별시 중구 을지로 지하 ***, ***-D*호 (을지로*가, 지하철역사내 상가)",,03,폐업,,,,
(주)바로닥터,,200456.278058634,451070.840181223,2026-04-28 22:32:39,I,13,영업중,2020-02-28 13:54:32,,2018-09-13,,서울특별시 중구 장충동*가 *번지,PHMG120203010033047000014,3010000,"서울특별시 중구 퇴계로**길 **, *층 (장충동*가)",04616,01,영업/정상,,,02-3482-2210,
세븐일레븐 아시아미디어점,,199269.407920007,451282.308761837,2026-04-28 22:32:44,I,13,영업중,2022-02-18 11:38:56,,2022-02-15,,서울특별시 중구 초동 **,PHMG120223010033047000086,3010000,"서울특별시 중구 충무로 **, ***호, ***호 (초동)",04555,01,영업/정상,,,02-2200-2275,
보성의료기,2012-03-27,198945.173591892,451409.865164617,2026-04-28 22:32:03,I,03,폐업,2012-03-27 13:49:54,,2007-09-20,100-032,서울특별시 중구 저동*가 **번지 **층,PHMG120073010033047000043,3010000,"서울특별시 중구 마른내로 * (저동*가,**층)",,03,폐업,,,22700460,
샤인덴탈 노원,2013-12-31,197175.200250032,450823.319779918,2026-04-28 22:32:22,I,03,폐업,2013-12-31 14:05:25,,2012-01-04,100-858,서울특별시 중구 중림동 **번지 *호 *층,PHMG120123010033047000002,3010000,"서울특별시 중구 청파로 *** (중림동, *층)",,03,폐업,,,,
이롬황성주생식 신당지사,2018-05-29,200802.727701072,450100.127638921,2026-04-28 22:32:25,I,03,폐업,2018-05-29 09:55:58,,2013-11-21,100-827,서울특별시 중구 신당동 ***번지 *호 현대빌딩 ***호,PHMG120133010033047000067,3010000,"서울특별시 중구 다산로 ***, ***호 (신당동, 현대빌딩)",04597,03,폐업,,,02-2233-2566,
지에스25 중구황학점,,201887.016026142,451912.395606815,2026-04-28 22:32:31,I,13,영업중,2015-07-07 11:13:59,,2015-07-06,100-870,서울특별시 중구 황학동 ****번지 지하*층,PHMG120153010033047000087,3010000,"서울특별시 중구 난계로**길 **, 지하*층 (황학동)",04573,01,영업/정상,,,,
씨유 신당퇴계로점,,201117.540470592,451396.224903096,2026-04-28 22:32:44,I,13,영업중,2022-02-04 14:30:10,,2022-02-02,,서울특별시 중구 신당동 ***-**,PHMG120223010033047000019,3010000,"서울특별시 중구 퇴계로 ***-*, *층 (신당동)",04612,01,영업/정상,,,,
(주)헤세드피엘,2025-12-22,198744.433228989,451677.065126229,2026-04-28 22:32:46,I,24,직권폐업,2025-12-22 14:51:02,,2024-05-27,,서울특별시 중구 장교동 * 장교빌딩,PHMG120243010033047000038,3010000,"서울특별시 중구 삼일대로 ***, 장교빌딩 ***호 (장교동)",04541,04,취소/말소/만료/정지/중지,,,,
롯데쇼핑(주) 롯데마트 제타플렉스 서울역점,,197242.994816102,450658.947895548,2026-04-28 22:31:58,I,13,영업중,2026-01-02 14:37:25,,2004-05-14,,서울특별시 중구 봉래동*가 ***,PHMG120043010033047000008,3010000,"서울특별시 중구 청파로 ***, *층 (봉래동*가)",04509,01,영업/정상,,,02-390-2500,
동서의료기산업(주),,197511.217969557,450658.200814849,2026-04-28 22:32:29,I,15,전출,2022-08-29 10:18:44,,2014-11-17,100-161,서울특별시 중구 봉래동*가 ***번지 *호 신도빌딩 ***호 일부,PHMG120143010033047000143,3010000,"서울특별시 중구 세종대로*길 * (봉래동*가, 신도빌딩 ***호일부)",04512,05,제외/삭제/전출,,,02-771-7275,
씨제이올리브영(주) 동대문역사문화공원역점,,200641.868412842,451655.163829243,2026-04-28 22:32:28,I,13,영업중,2023-02-16 11:41:15,,2014-10-23,,서울특별시 중구 을지로*가 **-***,PHMG120143010033047000071,3010000,"서울특별시 중구 장충단로 ***, *층, *층 (을지로*가)",04564,01,영업/정상,,,02-2279-8851,
하비카디오 주식회사,,199733.225714011,451140.879758189,2026-04-28 22:32:46,I,13,영업중,2025-07-16 10:05:36,,2024-02-07,,서울특별시 중구 충무로*가 *** 남산 센트럴 자이,PHMG120253010033047000007,3010000,"서울특별시 중구 퇴계로 ***, *층 ***호 (충무로*가, 남산 센트럴 자이)",04558,01,영업/정상,,,02-2277-4291,
문구센타지필묵,,200748.00863009,450276.693544934,2026-04-28 22:32:45,I,13,영업중,2024-06-25 11:09:50,,2023-07-19,,서울특별시 중구 신당동 ***-* 백석빌딩,PHMG120233010033047000064,3010000,"서울특별시 중구 동호로 ***-**, 백석빌딩 ***호 (신당동)",04598,01,영업/정상,,,,
(주)제이케이메이세븐,2016-11-03,198259.65357739,451392.198218657,2026-04-28 22:32:31,I,03,폐업,2016-11-03 15:54:08,,2015-08-07,,서울특별시 중구 소공동 *번지 롯데백화점 본점 *층,PHMG120153010033047000107,3010000,"서울특별시 중구 남대문로 **, *층 (소공동, 롯데백화점 본점)",04533,03,폐업,,,031-903-0507,
제이리파트너스,2019-06-27,200664.582936542,451781.8683954,2026-04-28 22:32:34,I,03,폐업,2019-06-28 10:47:29,,2015-05-04,,서울특별시 중구 을지로*가 **번지 ***호 밀리오레상가건물 **호,PHMG120153010033047000153,3010000,"서울특별시 중구 장충단로 ***, 밀리오레상가건물 *층 **호 (을지로*가)",04563,03,폐업,,,,
(주)아나베스,2019-12-30,201172.417186434,451614.029571692,2026-04-28 22:32:33,I,24,직권폐업,2019-12-31 11:42:46,,2015-12-23,,서울특별시 중구 신당동 ***번지 **호 *층,PHMG120153010033047000147,3010000,"서울특별시 중구 퇴계로**길 **, *층 (신당동, 승근빌딩)",04569,04,취소/말소/만료/정지/중지,,,1600-8727,
엘레강스 유한회사,2020-08-13,199068.684655215,451014.022130635,2026-04-28 22:32:35,I,03,폐업,2020-08-13 14:50:25,,2016-07-21,,서울특별시 중구 충무로*가 **번지 **호,PHMG120163010033047000060,3010000,"서울특별시 중구 퇴계로 ***, *층 ***호 (충무로*가, 신민빌딩)",04553,03,폐업,,,02-784-8005,
(주)우이101(OUI101),2017-04-21,200002.952736046,451823.532462914,2026-04-28 22:32:31,I,03,폐업,2017-04-21 16:03:36,,2015-06-04,100-330,서울특별시 중구 주교동 **번지 *호 방산종합시장 A동 ****호,PHMG120153010033047000067,3010000,"서울특별시 중구 동호로**길 **, A동 *층 ***호 (주교동, 방산종합시장)",04546,03,폐업,,,02-6959-5501,
주식회사 원넷,2012-10-11,197032.923485936,450872.934795885,2026-04-28 22:32:17,I,03,폐업,2012-10-11 16:31:20,,2010-12-08,100-791,서울특별시 중구 중림동 ***번지 한국경제빌딩,PHMG120103010033047000120,3010000,"서울특별시 중구 청파로 *** (중림동,한국경제빌딩)",,03,폐업,,,32198426,
㈜오이에스,2016-06-17,,,2026-04-28 22:31:57,I,03,폐업,2016-06-17 11:21:52,,2000-03-04,100-802,서울특별시 중구 남대문로*가 ***번지 이프라자빌딩 *층,PHMG120003010033047000004,3010000,"서울특별시 중구 세종대로*길 ** (남대문로*가, 이프라자빌딩 *층)",04527,03,폐업,,,,
씨유 중구청점,,199822.10979662,451182.266913412,2026-04-28 22:32:44,I,13,영업중,2022-07-18 11:18:46,,2022-07-14,,서울특별시 중구 충무로*가 **-*,PHMG120223010033047000184,3010000,"서울특별시 중구 창경궁로 *, *층 (충무로*가)",04559,01,영업/정상,,,02-2271-0275,
한아름코스메틱,2018-03-06,198515.571655819,450769.757511071,2026-04-28 22:32:30,I,03,폐업,2018-03-07 09:13:49,,2015-03-25,100-041,서울특별시 중구 남산동*가 **번지 *호 그랜드 필드  지하*층,PHMG120153010033047000035,3010000,"서울특별시 중구 퇴계로**길 **, 지하*층 (남산동*가, 그랜드 필드 )",04631,03,폐업,,,02-779-3111,
(주)코리아세븐 M시청역점,2018-02-13,197681.966489771,451236.012422282,2026-04-28 22:32:28,I,03,폐업,2018-02-13 10:29:30,,2014-10-27,100-813,"서울특별시 중구 서소문동 **번지 *호 *호선시청역사내 상가 ***-**,**호",PHMG120143010033047000075,3010000,"서울특별시 중구 서소문로 지하 ***, ***-**,**호 (서소문동, *호선시청역사내 상가)",04515,03,폐업,,,,
세계광학,2009-08-17,,,2026-04-28 22:31:59,I,24,직권폐업,2010-04-01 14:28:01,,2005-07-26,,서울특별시 중구 남대문로*가 **-* 신남문빌딩***호,PHMG120053010033047000046,3010000,,,04,취소/말소/만료/정지/중지,,,,
교육연합신문(주),,199532.084458879,451067.194729829,2026-04-28 22:32:45,I,13,영업중,2022-08-26 10:59:01,,2022-08-25,,서울특별시 중구 충무로*가 ***-*,PHMG120223010033047000217,3010000,"서울특별시 중구 퇴계로 ***, ***-**호 (충무로*가)",04557,01,영업/정상,,,02-541-2000,
지에스25 남대문시장점,,197931.08158116,450653.053657697,2026-04-28 22:32:44,I,13,영업중,2022-02-25 21:48:42,,2022-02-24,,서울특별시 중구 남창동 **-**,PHMG120223010033047000099,3010000,"서울특별시 중구 퇴계로 **, *층 *호 (남창동)",04529,01,영업/정상,,,02-3789-1138,
(주)라라이프,2023-10-20,197620.676444642,450361.506112161,2026-04-28 22:32:39,I,03,폐업,2023-10-20 16:05:13,,2020-04-02,,서울특별시 중구 남대문로*가 ***,PHMG120203010033047000031,3010000,"서울특별시 중구 한강대로 ***, *층 (남대문로*가)",04637,03,폐업,,,031-758-7080,
(주)코리아세븐 두타쉼터점,2021-12-24,200703.625559248,451836.458256618,2026-04-28 22:32:42,I,03,폐업,2021-12-24 13:42:32,,2021-05-11,,서울특별시 중구 을지로*가 **-** 두산타워빌딩,PHMG120213010033047000096,3010000,"서울특별시 중구 장충단로 ***, 두산타워빌딩 지하*층 (을지로*가)",04563,03,폐업,,,,
하이맥스덴트,2020-10-23,197486.418122228,450683.054495595,2026-04-28 22:32:35,I,03,폐업,2020-10-23 15:06:16,,2017-01-09,,서울특별시 중구 봉래동*가 ***번지 *호 *층 ***호,PHMG120173010033047000005,3010000,"서울특별시 중구 세종대로*길 **, *층 ***호 (봉래동*가)",04512,03,폐업,,,02-318-5186,
캐롯매테리얼즈,2025-02-17,200875.959598982,450475.271041852,2026-04-28 22:32:46,I,03,폐업,2025-02-17 14:39:57,,2024-07-23,,서울특별시 중구 신당동 ***-*,PHMG120243010033047000043,3010000,"서울특별시 중구 동호로**길 **, *층 ***호 (신당동)",04607,03,폐업,,,,
(주)에치와이 서소문점,2025-07-31,197312.655183004,451257.223181993,2026-04-28 22:32:44,I,03,폐업,2025-07-31 17:00:57,,2025-07-31,,서울특별시 중구 순화동 ***,PHMG120223010033047000134,3010000,"서울특별시 중구 서소문로*길 **, 상가동 ***호, ***호, ***호 (순화동, 덕수궁롯데캐슬)",04516,03,폐업,,,02-722-6461,
강렬한회사,2021-06-16,199705.336258149,451004.606431862,2026-04-28 22:32:38,I,03,폐업,2021-06-16 17:12:28,,2019-04-03,,서울특별시 중구 필동*가 **번지 문화빌딩 ***호,PHMG120193010033047000021,3010000,"서울특별시 중구 퇴계로**길 **, 문화빌딩 ***호 (필동*가)",04624,03,폐업,,,,
새샘하우스,2012-03-15,198315.532747026,451248.141599825,2026-04-28 22:32:21,I,03,폐업,2012-03-15 11:20:01,,2011-09-15,100-092,서울특별시 중구 남대문로*가 ***번지 명동지하상가 나-**호,PHMG120113010033047000073,3010000,"서울특별시 중구 남대문로 ** (남대문로*가,명동지하상가 나-**호)",,03,폐업,,,,
(주)코리아세븐 명동세종점,,198827.727238114,451005.205964888,2026-04-28 22:32:45,I,13,영업중,2024-04-30 09:52:57,,2023-01-03,,서울특별시 중구 충무로*가 **-*,PHMG120233010033047000006,3010000,"서울특별시 중구 퇴계로 ***, *층 (충무로*가)",04537,01,영업/정상,,,,
(주)아이킨,2015-01-06,197183.509668928,451343.139031862,2026-04-28 22:32:23,I,03,폐업,2015-01-06 18:01:47,,2012-05-24,100-130,서울특별시 중구 순화동 *번지 ***호  승영빌딩*층,PHMG120123010033047000040,3010000,"서울특별시 중구 통일로*길 **, *층 (순화동, 승영빌딩)",,03,폐업,,,,
출두 에스엠피(SMP) 명동점,2025-03-17,199239.234123996,451063.111677924,2026-04-28 22:32:46,I,03,폐업,2025-03-27 10:40:28,,2025-01-10,,서울특별시 중구 필동*가 *-* 필삼사빌딩,PHMG120253010033047000003,3010000,"서울특별시 중구 퇴계로**길 **, 필삼사빌딩 ***호 (필동*가)",04554,03,폐업,,,,
(주)지에이치엘월드 세영상사,2020-01-31,200914.227438373,450426.403395554,2026-04-28 22:32:39,I,03,폐업,2020-01-31 17:28:16,,2019-09-17,,서울특별시 중구 신당동 ***번지 *호 ***호,PHMG120193010033047000074,3010000,"서울특별시 중구 다산로 ***, ***호 (신당동)",04607,03,폐업,,,02-2235-9585,
소리귀보청기,,198510.439843483,451419.757880373,2026-04-28 22:32:27,I,13,영업중,2014-07-03 16:38:34,,2014-07-02,100-845,서울특별시 중구 을지로*가 ***번지 **호 메트로알이디 *층,PHMG120143010033047000043,3010000,"서울특별시 중구 명동*가길 **, *층 (을지로*가, 메트로알이디)",04534,01,영업/정상,,,,
세븐일레븐 중구장충초교점,2022-08-04,200984.779890898,450899.946791208,2026-04-28 22:32:44,I,03,폐업,2022-08-04 19:03:50,,2022-02-10,,서울특별시 중구 신당동 ***-*,PHMG120223010033047000066,3010000,"서울특별시 중구 청구로 **-**, *층 (신당동)",04609,03,폐업,,,,
KAMPUNGKU 마트,2021-12-31,198692.530154841,450764.64316498,2026-04-28 22:32:38,I,03,폐업,2021-12-31 17:57:21,,2018-10-19,,서울특별시 중구 남산동*가 **-**,PHMG120183010033047000068,3010000,"서울특별시 중구 퇴계로**길 **, *층 (남산동*가)",04629,03,폐업,,,,
(주)에치와이 신당점,2025-07-31,201059.342075001,450517.287677482,2026-04-28 22:32:44,I,03,폐업,2025-07-31 17:01:51,,2025-07-31,,서울특별시 중구 신당동 ***-**,PHMG120223010033047000131,3010000,"서울특별시 중구 다산로**길 **, *층 (신당동)",04590,03,폐업,,,,
주식회사 츄로이코스메틱,2024-12-26,200613.510297669,451817.515366883,2026-04-28 22:32:40,I,24,직권폐업,2024-12-26 17:27:39,,2020-09-24,,서울특별시 중구 을지로*가 **-* 현대시티타워,PHMG120203010033047000091,3010000,"서울특별시 중구 장충단로**길 **, 현대시티타워 **층 D-*호 (을지로*가)",04563,04,취소/말소/만료/정지/중지,,,,
(주)다비치안경체인 남산지점,2018-07-13,197747.778200542,450625.764220466,2026-04-28 22:32:29,I,03,폐업,2018-07-13 15:54:15,,2014-11-19,,서울특별시 중구 남대문로*가 ***번지 광명데이콤 업무시설빌딩,PHMG120143010033047000150,3010000,"서울특별시 중구 세종대로*길 **, 광명데이콤 업무시설빌딩 *층 (남대문로*가)",04527,03,폐업,,,,
씨유 순화점,2016-02-19,197183.509668928,451343.139031862,2026-04-28 22:32:28,I,03,폐업,2016-02-19 11:07:56,,2014-11-06,100-130,서울특별시 중구 순화동 *번지 ***호,PHMG120143010033047000119,3010000,서울특별시 중구 통일로*길 ** (순화동),04516,03,폐업,,,02-777-2646,
(주)노아의료기,2010-01-20,197881.535174254,451106.796231728,2026-04-28 22:32:10,I,03,폐업,2010-04-01 13:42:40,,2009-06-19,100-102,서울특별시 중구 태평로*가 **번지 **호 ***호,PHMG120093010033047000042,3010000,"서울특별시 중구 세종대로 **-* (태평로*가,***호)",,03,폐업,,,,
(사)대한간호협회,2020-07-15,200193.471915038,451137.628119296,2026-04-28 22:32:28,I,03,폐업,2020-07-16 08:56:42,,2014-08-05,,서울특별시 중구 쌍림동 **번지 *호,PHMG120143010033047000052,3010000,"서울특별시 중구 동호로 *** (쌍림동, 대한간호협회 회원복지국 너스라이프)",04615,03,폐업,,,1566-3137,
지에스25 세종로점,,197786.161406551,451886.574198533,2026-04-28 22:32:44,I,13,영업중,2022-07-19 16:35:37,,2022-07-13,,서울특별시 중구 태평로*가 **-*,PHMG120223010033047000187,3010000,"서울특별시 중구 세종대로**길 **, *층 (태평로*가)",04519,01,영업/정상,,,,
백억디지털,,201823.908977364,452076.818664092,2026-04-28 22:32:39,I,13,영업중,2024-12-10 09:41:40,,2005-10-25,,서울특별시 중구 황학동 **** 롯데캐슬베네치아,PHMG120193010033047000101,3010000,"서울특별시 중구 청계천로 ***, ***동 ****호 (황학동, 롯데캐슬베네치아)",04572,01,영업/정상,,,,
덴탈허브코리아,,197462.198757043,450878.211786274,2026-04-28 22:32:27,I,13,영업중,2025-01-31 15:11:57,,2014-07-18,100-130,서울특별시 중구 순화동 ***번지 포스코더샵 A동 ***B호,PHMG120143010033047000047,3010000,"서울특별시 중구 칠패로 **, A동 ***B호 (순화동, 포스코더샵)",04511,01,영업/정상,,,02-778-4225,
보령메디앙스(주)롯데본점 비비하우스,2015-06-18,198259.65357739,451392.198218657,2026-04-28 22:32:10,I,03,폐업,2015-06-18 20:05:36,,2010-05-12,100-070,서울특별시 중구 소공동 *번지 롯데백화점 *층,PHMG120093010033047000038,3010000,,,03,폐업,,,,
씨제이올리브네트웍스㈜을지로입구점,2016-07-05,198465.666818961,451373.443097275,2026-04-28 22:32:05,I,03,폐업,2016-07-05 17:25:24,,2008-06-27,100-844,"서울특별시 중구 을지로*가 산 ***번지 **호 *,*층",PHMG120083010033047000044,3010000,"서울특별시 중구 명동*길 ** (을지로*가, *,*층)",04534,03,폐업,,,63618290,
리바이브,,200799.425969999,450188.654390401,2026-04-28 22:32:43,I,13,영업중,2021-12-01 20:57:39,,2021-12-01,,서울특별시 중구 신당동 ***-**,PHMG120213010033047000170,3010000,"서울특별시 중구 다산로 ***, 가동 *층 (신당동)",04598,01,영업/정상,,,,
(주)코리아세븐 S을지로4가역점,2019-10-29,199790.694453401,451749.84183481,2026-04-28 22:32:28,I,03,폐업,2019-10-29 17:17:02,,2014-10-27,100-330,서울특별시 중구 주교동 ***번지 *호 지하철역사내 상가 지하*층 X**~**호,PHMG120143010033047000076,3010000,"서울특별시 중구 창경궁로 지하 **, 지하*층 X**~**호 (주교동, 지하철역사내 상가)",04545,03,폐업,,,,
씨유 중부경찰서점,2016-12-29,199083.229260527,451270.280774734,2026-04-28 22:32:28,I,03,폐업,2016-12-29 17:55:44,,2014-11-05,100-032,서울특별시 중구 저동*가 **번지 *호,PHMG120143010033047000115,3010000,서울특별시 중구 수표로 ** (저동*가),04555,03,폐업,,,02-2274-1973,
GDK 건덴탈코리아,2013-08-30,199515.691464855,451407.183301041,2026-04-28 22:32:24,I,03,폐업,2013-08-30 10:19:34,,2013-02-19,100-282,서울특별시 중구 인현동*가 **번지 *호 도원빌딩 ***호,PHMG120133010033047000014,3010000,"서울특별시 중구 칠패로 ** (순화동, 포스코더샾 ***-*A호)",,03,폐업,,,,
모아광학,2010-04-13,,,2026-04-28 22:32:05,I,03,폐업,2010-04-13 15:38:21,,2008-06-25,100-802,서울특별시 중구 남대문로*가 ***번지 보람빌딩 *층 *호,PHMG120083010033047000043,3010000,"서울특별시 중구 세종대로*길 **, *호 (남대문로*가,보람빌딩 *층)",,03,폐업,,,,
(주)하이프라자 롯데본점,2024-04-12,198259.65357739,451392.198218657,2026-04-28 22:32:39,I,03,폐업,2024-04-12 13:53:10,,2020-06-15,,서울특별시 중구 소공동 *번지 롯데백화점 본점,PHMG120203010033047000058,3010000,"서울특별시 중구 남대문로 **, 롯데백화점 본점 *층 (소공동)",04533,03,폐업,,,02-756-0980,
혜윰컴퍼니(주),,199894.950885535,451110.834349928,2026-04-28 22:32:45,I,13,영업중,2023-05-18 09:50:31,,2023-05-18,,서울특별시 중구 묵정동 **-*,PHMG120233010033047000049,3010000,"서울특별시 중구 퇴계로 ***, ***호 (묵정동)",04619,01,영업/정상,,,02-2275-8999,
(주)제일아이디엠,,197462.198757043,450878.211786274,2026-04-28 22:32:22,I,13,영업중,2022-03-11 11:06:40,,2012-05-09,,서울특별시 중구 순화동 ***,PHMG120123010033047000032,3010000,"서울특별시 중구 칠패로 **, A동 ***-*호 (순화동)",04511,01,영업/정상,,,02-777-4922,
주식회사 지에스씨글로벌세이프,2022-07-11,199448.102922035,451548.668257947,2026-04-28 22:32:39,I,03,폐업,2022-07-11 14:32:10,,2020-03-30,,"서울특별시 중구 을지로*가 ***번지 *호 중앙데코프라자 ***,***호",PHMG120203010033047000027,3010000,"서울특별시 중구 을지로 ***, 중앙데코프라자 *층 ***,***호 (을지로*가)",04549,03,폐업,,,070-8877-3330,
선우 에코텍,2022-05-27,200015.499568016,451485.349952584,2026-04-28 22:32:36,I,03,폐업,2022-05-27 13:32:10,,2017-12-18,,서울특별시 중구 오장동 ***-* 센트마상가,PHMG120173010033047000089,3010000,"서울특별시 중구 동호로**길 **, 센트마상가 ****동 ***호 (오장동)",04547,03,폐업,,,02-2263-1157,
에이치엔엑스(주),,200104.391382832,451166.330668547,2026-04-28 22:32:40,I,13,영업중,2021-04-20 13:15:22,,2021-04-19,,서울특별시 중구 장충동*가 ***-* 아도라타워,PHMG120213010033047000036,3010000,"서울특별시 중구 퇴계로 ***, 아도라타워 *층 (장충동*가)",04618,01,영업/정상,,,070-8277-8056,
한마음덴탈,,198623.369754854,450781.146728928,2026-04-28 22:32:38,I,15,전출,2024-07-09 10:50:04,,2017-08-25,,서울특별시 중구 남산동*가 **번지 **호 ***호,PHMG120193010033047000022,3010000,"서울특별시 중구 퇴계로**길 **, ***호 (남산동*가)",04631,05,제외/삭제/전출,,,02-489-2848,
세윤덴탈,2012-10-29,197450.293515357,450705.935242793,2026-04-28 22:32:19,I,03,폐업,2012-10-29 17:33:13,,2011-01-26,100-161,서울특별시 중구 봉래동*가 **번지 대흥빌딩 *층 ***호,PHMG120113010033047000004,3010000,"서울특별시 중구 통일로 ** (봉래동*가,대흥빌딩 *층 ***호)",,03,폐업,,,,
엔에스알케어,,199446.246278908,451410.122672169,2026-04-28 22:32:38,I,13,영업중,2019-05-29 15:14:31,,2019-05-22,,서울특별시 중구 인현동*가 **번지 프린트시티인쇄센타 ***호,PHMG120193010033047000031,3010000,"서울특별시 중구 을지로**길 **, 프린트시티인쇄센타 ***호 (인현동*가)",04549,01,영업/정상,,,,
주식회사 씨네틱스헬스케어,2015-09-03,201116.224334562,450780.455992585,2026-04-28 22:32:17,I,24,직권폐업,2015-09-03 14:30:43,,2010-12-24,100-450,서울특별시 중구 신당동 ***번지 **호 ***호,PHMG120103010033047000124,3010000,"서울특별시 중구 다산로 *** (신당동,***호)",,04,취소/말소/만료/정지/중지,,,,
모아베이비(서울역점),2019-12-30,197242.994816102,450658.947895548,2026-04-28 22:32:21,I,24,직권폐업,2019-12-31 15:12:41,,2011-07-19,100-162,서울특별시 중구 봉래동*가 ***번지 서울역 롯데마트*층,PHMG120113010033047000057,3010000,"서울특별시 중구 청파로 ***, *층 (봉래동*가, 롯데마트 서울역점)",04509,04,취소/말소/만료/정지/중지,,,,
㈜백제덴탈약품,,197462.198757043,450878.211786274,2026-04-28 22:31:57,I,13,영업중,2024-06-25 11:16:52,,2001-03-20,100-130,서울특별시 중구 순화동 ***번지 포스코더샵 ***호,PHMG120013010033047000006,3010000,"서울특별시 중구 칠패로 **, ***호 (순화동, 포스코더샵)",04511,01,영업/정상,,,,
(주)시니어허브,,199070.36962461,451060.66124234,2026-04-28 22:32:30,I,15,전출,2016-05-23 09:35:32,,2015-01-26,100-861,서울특별시 중구 충무로*가 **번지 *호,PHMG120153010033047000012,3010000,"서울특별시 중구 수표로 *, *층 ***호 (충무로*가, 인성빌딩)",04553,05,제외/삭제/전출,,,02-2269-7100,
더미통상,2026-03-12,198744.433228989,451677.065126229,2026-04-28 22:32:45,I,03,폐업,2026-03-12 14:24:15,,2017-08-10,,서울특별시 중구 장교동 *,PHMG120233010033047000062,3010000,"서울특별시 중구 삼일대로 ***, *층 **호 (장교동)",04541,03,폐업,,,02-2275-1478,
우이원오원(OUI101),2017-06-12,200002.952736046,451823.532462914,2026-04-28 22:32:35,I,03,폐업,2017-06-12 17:02:04,,2017-01-18,,서울특별시 중구 주교동 **번지 *호 A동 *층 ***호,PHMG120173010033047000010,3010000,"서울특별시 중구 동호로**길 **, A동 *층 ***호 (주교동, 방산종합시장)",04546,03,폐업,,,02-6261-6101,
(주)광희생활건강,2025-06-10,200498.497456559,451494.706799835,2026-04-28 22:32:44,I,03,폐업,2025-06-10 16:27:09,,2022-02-15,,서울특별시 중구 광희동*가 ***,PHMG120223010033047000084,3010000,"서울특별시 중구 을지로**길 **, *층 ***호 (광희동*가)",04561,03,폐업,,,02-6952-2336,
롯데백화점 압소바,,198259.65357739,451392.198218657,2026-04-28 22:32:15,I,13,영업중,2015-07-27 14:38:05,,2010-10-19,100-721,서울특별시 중구 소공동 *번지 롯데백화점 *층,PHMG120103010033047000102,3010000,"서울특별시 중구 을지로 **, *층 (소공동, 롯데백화점)",04533,01,영업/정상,,,,
(주)골드사이언티픽,,200247.098067944,451193.482960446,2026-04-28 22:32:45,I,13,영업중,2023-01-16 16:12:36,,2023-01-16,,서울특별시 중구 쌍림동 ***-**,PHMG120233010033047000010,3010000,"서울특별시 중구 퇴계로 ***, *층 ****호 (쌍림동)",04615,01,영업/정상,,,,
지에스25 장충동호점,,200680.557795798,450652.124100215,2026-04-28 22:32:44,I,13,영업중,2022-02-08 10:31:24,,2022-02-04,,서울특별시 중구 신당동 ***,PHMG120223010033047000029,3010000,"서울특별시 중구 동호로 ***-*, *층 (신당동)",04607,01,영업/정상,,,,
리드에이콥,,201823.908977364,452076.818664092,2026-04-28 22:32:45,I,13,영업중,2023-01-20 14:52:01,,2023-01-19,,서울특별시 중구 황학동 ****,PHMG120233010033047000012,3010000,"서울특별시 중구 청계천로 ***, ***동 ****호 (황학동, 롯데캐슬베네치아)",04572,01,영업/정상,,,,
원트렌드,,201823.908977364,452076.818664092,2026-04-28 22:32:43,I,13,영업중,2024-10-25 13:49:23,,2021-11-15,,서울특별시 중구 황학동 **** 롯데캐슬베네치아,PHMG120213010033047000165,3010000,"서울특별시 중구 청계천로 ***, 메가몰동 *층 ****-*호 (황학동, 롯데캐슬베네치아)",04572,01,영업/정상,,,,
주식회사 포닥터,,200693.942338129,450438.791412015,2026-04-28 22:32:36,I,15,전출,2018-07-24 16:32:39,,2017-11-17,,,PHMG120173010033047000082,3010000,"서울특별시 중구 동호로**길 **, *층 (신당동)",04598,05,제외/삭제/전출,,,,
동곡상사,,197462.198757043,450878.211786274,2026-04-28 22:31:56,I,13,영업중,2024-04-26 16:54:49,,1984-05-11,,서울특별시 중구 순화동 *** 순화동더샵,PHMG119843010033047000001,3010000,"서울특별시 중구 칠패로 **, 순화동더샵 ***-*호 (순화동)",04511,01,영업/정상,,,,
씨제이올리브영(주) 현대시티아울렛동대문점,,200613.510297669,451817.515366883,2026-04-28 22:32:45,I,13,영업중,2025-02-10 17:29:00,,2023-03-23,,서울특별시 중구 을지로*가 **-* 현대시티타워,PHMG120233010033047000030,3010000,"서울특별시 중구 장충단로**길 **, 현대시티타워 *층 (을지로*가)",04563,01,영업/정상,,,02-2283-2140,
유유건강생활 중부대리점,2016-09-02,200780.728387367,450368.465903956,2026-04-28 22:32:31,I,03,폐업,2016-09-02 15:39:32,,2015-06-04,,서울특별시 중구 신당동 ***번지 *호 하나빌딩 *층,PHMG120153010033047000070,3010000,"서울특별시 중구 동호로 ***, *층 (신당동, 유유빌딩)",04598,03,폐업,,,02-6959-5501,
디어베이비 서울역점,2019-06-11,197260.154536775,450641.685902545,2026-04-28 22:32:31,I,03,폐업,2019-06-11 20:48:07,,2015-04-28,100-162,서울특별시 중구 봉래동*가 ***번지 **호,PHMG120153010033047000053,3010000,"서울특별시 중구 청파로 ***, *층 (봉래동*가, 롯데마트서울역점 디어베이비)",04509,03,폐업,,,02-364-8604,
동주치과 컨설팅㈜,,197476.733641931,450632.159070388,2026-04-28 22:32:03,I,15,전출,2019-08-08 13:52:19,,2007-05-25,100-161,서울특별시 중구 봉래동*가 ***번지 *호   ***호,PHMG120073010033047000017,3010000,"서울특별시 중구 통일로 ** (봉래동*가, 일신빌딩***호)",04512,05,제외/삭제/전출,,,,
반석메디텍,2011-06-27,197244.092934823,450782.153141128,2026-04-28 22:32:06,I,03,폐업,2011-06-27 17:12:23,,2009-01-28,100-142,서울특별시 중구 의주로*가 **번지 **호,PHMG120093010033047000006,3010000,서울특별시 중구 칠패로 * (의주로*가),,03,폐업,,,,
프라임,2015-06-29,197462.198757043,450878.211786274,2026-04-28 22:32:10,I,03,폐업,2015-06-29 19:12:59,,2009-05-25,100-130,서울특별시 중구 순화동 ***번지 더샵 비동 ***호,PHMG120093010033047000034,3010000,"서울특별시 중구 칠패로 ** (순화동,더샵 비동 ***호)",,03,폐업,,,,
성원,2019-12-30,201296.296866108,450984.323032507,2026-04-28 22:32:28,I,24,직권폐업,2019-12-31 15:24:45,,2014-10-14,100-824,서울특별시 중구 신당동 ***번지 **호 지하*층,PHMG120143010033047000063,3010000,"서울특별시 중구 다산로**길 **, 지하*층 (신당동)",04586,04,취소/말소/만료/정지/중지,,,02-859-1034,
상아치과상사,2015-06-22,197490.772629678,450655.634207458,2026-04-28 22:31:56,I,03,폐업,2015-06-22 16:19:27,,1995-12-09,100-161,서울특별시 중구 봉래동*가 ***번지 *호   ***호,PHMG119953010033047000009,3010000,"서울특별시 중구 세종대로*길 **, ***호 (봉래동*가)",,03,폐업,,,,
스타덴탈,2019-12-30,197464.65197896,450678.247827876,2026-04-28 22:32:32,I,24,직권폐업,2019-12-31 15:26:54,,2015-12-22,,서울특별시 중구 봉래동*가 ***번지 *호 ***-*호,PHMG120153010033047000143,3010000,"서울특별시 중구 통일로 **, *층 ***-*호 (봉래동*가)",04512,04,취소/말소/만료/정지/중지,,,,
아누,2024-10-18,201114.865066625,450035.518740354,2026-04-28 22:32:44,I,03,폐업,2024-10-18 15:02:52,,2022-03-31,,서울특별시 중구 신당동 ***-***,PHMG120223010033047000135,3010000,"서울특별시 중구 동호로*나길 **, B***호 (신당동)",04594,03,폐업,,,070-4105-8298,
메디비즈,2012-11-16,197524.718268277,450626.548447615,2026-04-28 22:32:22,I,03,폐업,2012-11-16 13:57:50,,2011-12-27,100-095,서울특별시 중구 남대문로*가 **번지 **호   ***호,PHMG120113010033047000101,3010000,"서울특별시 중구 세종대로 *, *층 ***호 (남대문로*가)",,03,폐업,,,02-757-7572,
이마트24 동대문승리점,2020-08-12,201169.940457807,451631.036954361,2026-04-28 22:32:34,I,03,폐업,2020-08-12 16:56:39,,2016-03-21,,서울특별시 중구 신당동 ***번지 **호,PHMG120163010033047000026,3010000,"서울특별시 중구 퇴계로**길 ** (신당동, 승리빌딩)",04569,03,폐업,,,02-2235-0457,
씨유 중림중앙점,2017-04-10,197047.239390501,450600.90854478,2026-04-28 22:32:28,I,03,폐업,2017-04-10 15:49:50,,2014-11-06,100-859,서울특별시 중구 중림동 ***번지 *호,PHMG120143010033047000118,3010000,서울특별시 중구 중림로 ** (중림동),04502,03,폐업,,,02-365-2382,
탑덴탈,2009-10-13,,,2026-04-28 22:31:58,I,03,폐업,2009-10-14 09:55:49,,2004-07-30,100-802,서울특별시 중구 남대문로*가 ***번지 이프라자 *층 ***호,PHMG120043010033047000017,3010000,"서울특별시 중구 세종대로*길 **, ***호 (남대문로*가,이프라자 *층)",,03,폐업,,,,
국제유통,2011-11-21,,,2026-04-28 22:32:07,I,24,직권폐업,2011-12-26 17:27:33,,2009-04-09,100-032,서울특별시 중구 저동*가 **번지 *호 *층,PHMG120093010033047000021,3010000,,,04,취소/말소/만료/정지/중지,,,,
(주)링크메디,,197867.156641113,451779.880897566,2026-04-28 22:32:45,I,15,전출,2024-09-09 09:48:56,,2022-08-19,,서울특별시 중구 태평로*가 **-*,PHMG120223010033047000211,3010000,"서울특별시 중구 세종대로 ***, ****호 (태평로*가)",04519,05,제외/삭제/전출,,,,
뷰티몰,2014-04-23,198353.066587345,450971.489112471,2026-04-28 22:32:21,I,03,폐업,2014-04-23 18:17:31,,2011-11-10,100-011,서울특별시 중구 충무로*가 **번지 *호 동남빌딩***호,PHMG120113010033047000089,3010000,"서울특별시 중구 소공로 ** (충무로*가, 동남빌딩***호)",,03,폐업,,,37893700,
보신유통,2015-07-30,197866.479915655,450823.535986408,2026-04-28 22:32:11,I,03,폐업,2015-07-30 16:38:35,,2010-02-12,100-804,서울특별시 중구 남창동 **번지 ***호 *층,PHMG120103010033047000013,3010000,"서울특별시 중구 남대문시장*길 * (남창동,*층)",,03,폐업,,,,
주식회사 밴폴스,2025-11-04,200613.510297669,451817.515366883,2026-04-28 22:32:45,I,03,폐업,2025-12-01 17:54:45,,2020-08-26,,서울특별시 중구 을지로*가 **-* 현대시티타워,PHMG120233010033047000028,3010000,"서울특별시 중구 장충단로**길 **, **층디호**번 (을지로*가)",04563,03,폐업,,,,
(주)협동안전물산,,199099.945304998,451714.675784241,2026-04-28 22:32:39,I,13,영업중,2019-07-19 14:01:00,,2019-07-16,,서울특별시 중구 수표동 **번지 **호 ***호,PHMG120193010033047000051,3010000,"서울특별시 중구 수표로 **-**, ***호 (수표동)",04543,01,영업/정상,,,,
(주)이레씨앤피,,199401.908701836,451134.131723252,2026-04-28 22:32:39,I,13,영업중,2020-01-31 09:18:08,,2020-01-29,,서울특별시 중구 충무로*가 ***번지 동영빌딩 ***호,PHMG120203010033047000003,3010000,"서울특별시 중구 충무로*길 **, 동영빌딩 ***호 (충무로*가)",04557,01,영업/정상,,,02-2266-2988,
한국와이덱스(보청기 남대문점),2014-07-08,197966.064000292,450990.348900794,2026-04-28 22:32:21,I,03,폐업,2014-07-08 17:43:16,,2011-10-14,100-093,서울특별시 중구 남대문로*가 **번지 남대문빌딩*층,PHMG120113010033047000079,3010000,"서울특별시 중구 남대문로 **, *층 (남대문로*가, 남대문빌딩)",,03,폐업,,,,
올리브그린,2023-01-31,200405.867395546,449853.815713824,2026-04-28 22:32:44,I,03,폐업,2023-01-31 18:20:21,,2022-06-29,,서울특별시 중구 신당동 ***-***,PHMG120223010033047000174,3010000,"서울특별시 중구 동호로**자길 **, B*층 ***호 (신당동, 청솔빌라)",04602,03,폐업,,,,
㈜침코리아,2019-12-30,197553.417234076,450672.904532996,2026-04-28 22:31:57,I,24,직권폐업,2019-12-31 14:53:59,,2001-10-29,100-800,서울특별시 중구 남대문로*가 *번지 *호 화남빌딩 ***호,PHMG120013010033047000021,3010000,"서울특별시 중구 세종대로 **, ***호 (남대문로*가, 화남빌딩)",04512,04,취소/말소/만료/정지/중지,,,02-2269-3887,
이브이메드텍(주),,198916.653480187,451694.842893728,2026-04-28 22:32:45,I,13,영업중,2025-01-16 13:16:16,,2016-03-14,,서울특별시 중구 수표동 ** 시그니쳐타워,PHMG120233010033047000036,3010000,"서울특별시 중구 청계천로 ***, 시그니쳐타워 *층 ***호 (수표동)",04542,01,영업/정상,,,02-6263-0070,
(주)우성상사,,199995.398372183,451632.053884794,2026-04-28 22:32:45,I,15,전출,2025-08-05 09:09:10,,2022-10-12,,서울특별시 중구 을지로*가 *-*,PHMG120223010033047000234,3010000,"서울특별시 중구 을지로 ***-*, *층 (을지로*가)",04546,05,제외/삭제/전출,,,02-2265-1438,
개인생활탐구,,198916.653480187,451694.842893728,2026-04-28 22:32:43,I,13,영업중,2021-07-29 14:14:15,,2021-07-28,,서울특별시 중구 수표동 **,PHMG120213010033047000135,3010000,"서울특별시 중구 청계천로 ***, ****호 (수표동)",04542,01,영업/정상,,,070-8802-3484,
원진덴탈,,197462.198757043,450878.211786274,2026-04-28 22:32:21,I,15,전출,2016-10-25 14:38:46,,2011-07-26,,서울특별시 중구 순화동 ***번지 포스코더샵 ***호,PHMG120113010033047000060,3010000,"서울특별시 중구 칠패로 **, ***호 (순화동, 순화동 the# 주상복합)",04511,05,제외/삭제/전출,,,,
안스메디,,201273.694367641,451207.31987784,2026-04-28 22:32:45,I,15,전출,2023-08-07 08:19:13,,2022-12-20,,서울특별시 중구 신당동 ***-**,PHMG120223010033047000259,3010000,"서울특별시 중구 다산로 ***, ***A호 (신당동)",04611,05,제외/삭제/전출,,,,
(주)에버티스 임플란트,,197175.200250032,450823.319779918,2026-04-28 22:32:46,I,13,영업중,2024-10-10 13:16:43,,2024-10-08,,서울특별시 중구 중림동 **-* 신흥빌딩,PHMG120243010033047000076,3010000,"서울특별시 중구 청파로 ***, 신흥빌딩 *층 (중림동)",04510,01,영업/정상,,,02-6366-2271,
씨제이올리브영(주) 동대문역사문화공원사거리점,,200513.524528228,451579.099838143,2026-04-28 22:32:46,I,13,영업중,2025-07-17 15:12:17,,2025-07-17,,서울특별시 중구 을지로*가 **-***,PHMG120253010033047000039,3010000,"서울특별시 중구 을지로 ***, *층 (을지로*가)",04564,01,영업/정상,,,02-2267-8469,
샘물안경재료,,197804.808246842,450624.896030967,2026-04-28 22:32:06,I,13,영업중,2019-08-19 17:07:17,,2009-02-19,,"서울특별시 중구 남대문로*가 ***번지 *, *층, *층일부",PHMG120093010033047000011,3010000,"서울특별시 중구 소월로 **, *,*,*층 (남대문로*가)",04527,01,영업/정상,,,02-771-7959,
동화C&M,,190491.833060361,442477.332680657,2026-04-28 03:03:03,U,13,영업중,2026-04-27 15:17:19,,2009-04-30,,서울특별시 구로구 구로동 ***-** 에이스테크노타워Ⅲ,PHMG120093160034047000033,3160000,"서울특별시 구로구 디지털로**길 **, 에이스테크노타워Ⅲ ***호 (구로동)",08381,01,영업/정상,,,,
허브쇼핑몰,2021-05-21,198055.210072535,451729.379049848,2026-04-28 22:32:39,I,03,폐업,2021-05-21 17:15:32,,2019-09-02,,서울특별시 중구 무교동 **번지 더익스체인지서울몰 *층,PHMG120193010033047000072,3010000,"서울특별시 중구 무교로 **, 더익스체인지서울몰 *층 (무교동)",04520,03,폐업,,,02-3446-1075,
삼응산업 주식회사,2020-02-04,200787.981228008,450482.307146327,2026-04-28 22:32:38,I,03,폐업,2020-02-04 14:36:41,,2018-04-19,,,PHMG120183010033047000024,3010000,서울특별시 중구 동호로 *** (신당동),04607,03,폐업,,,02-2237-9496,
㈜광명데이콤,,197747.778200542,450625.764220466,2026-04-28 22:31:56,I,13,영업중,2025-02-07 16:05:30,,1995-05-30,,서울특별시 중구 남대문로*가 ***번지 이프라자빌딩 *층,PHMG119953010033047000005,3010000,"서울특별시 중구 세종대로*길 **, *층 (남대문로*가)",04527,01,영업/정상,,,02-777-2804,
롯데쇼핑(주)롭스 을지로입구역사점,2021-11-15,198347.544721002,451530.797793964,2026-04-28 22:32:38,I,03,폐업,2021-11-15 11:11:10,,2018-11-14,,서울특별시 중구 을지로*가 ***-* 을지로입구역 *호선,PHMG120183010033047000075,3010000,"서울특별시 중구 을지로 지하 **, 을지로입구역 *호선 지하*층 (을지로*가)",04533,03,폐업,,,02-318-3743,
Jamoke,2014-09-30,199515.691464855,451407.183301041,2026-04-28 22:32:24,I,24,직권폐업,2014-10-06 10:51:35,,2013-02-19,100-282,서울특별시 중구 인현동*가 **번지 *호 도원빌딩 ***호,PHMG120133010033047000015,3010000,"서울특별시 중구 을지로**길 **-*, ***호 (인현동*가,도원빌딩)",,04,취소/말소/만료/정지/중지,,,,
(주)코리아세븐 충무퇴계점,,199495.153221359,451041.976434801,2026-04-28 22:32:41,I,13,영업중,2024-02-23 11:37:02,,2021-05-04,,서울특별시 중구 충무로*가 ***-*,PHMG120213010033047000047,3010000,"서울특별시 중구 퇴계로 ***, *층 (충무로*가)",04557,01,영업/정상,,,,
삼광치과재료상사,2018-11-12,201947.084297972,451473.964192869,2026-04-28 22:31:56,I,24,직권폐업,2018-11-14 09:36:10,,1978-11-08,100-871,서울특별시 중구 황학동 ****번지 항진빌딩 ***호,PHMG119783010033047000001,3010000,"서울특별시 중구 퇴계로 ***, ***호 (황학동,항진빌딩)",,04,취소/말소/만료/정지/중지,,,,
